  0
SECTION
  2
HEADER
  9
$ACADVER
  1
AC1018
  9
$HANDSEED
  5
FFFFFFFF
  9
$ANGBASE
  50
0.0
  9
$ANGDIR
  70
1
  9
$MEASUREMENT
  70
1
  9
$INSUNITS
  70
4
  0
ENDSEC
  0
SECTION
  2
TABLES
  0
TABLE
  2
APPID
  5
1
330
0
100
AcDbSymbolTable
 70
1
  0
APPID
  5
2
330
1
100
AcDbSymbolTableRecord
100
AcDbRegAppTableRecord
  2
ACAD
 70
0
  0
ENDTAB
  0
TABLE
  2
LTYPE
  5
3
330
0
100
AcDbSymbolTable
 70
6
  0
LTYPE
  5
4
330
3
100
AcDbSymbolTableRecord
100
AcDbLinetypeTableRecord
  2
ByBlock
 70
0
  3

 72
65
 73
0
 40
0
  0
LTYPE
  5
5
330
3
100
AcDbSymbolTableRecord
100
AcDbLinetypeTableRecord
  2
ByLayer
 70
0
  3

 72
65
 73
0
 40
0
  0
LTYPE
  5
6
330
3
100
AcDbSymbolTableRecord
100
AcDbLinetypeTableRecord
  2
CONTINUOUS
 70
0
  3
Solid line
 72
65
 73
0
 40
0
  0
LTYPE
  5
7
330
3
100
AcDbSymbolTableRecord
100
AcDbLinetypeTableRecord
  2
DASHDOT
 70
0
  3
Dash Dot ____ _ ____ _
 72
65
 73
4
 40
2
 49
1.25
 74
0
 49
-0.25
 74
0
 49
0.25
 74
0
 49
-0.25
 74
0
  0
LTYPE
  5
8
330
3
100
AcDbSymbolTableRecord
100
AcDbLinetypeTableRecord
  2
DASHED
 70
0
  3
Dashed __ __ __ __ __
 72
65
 73
2
 40
0.75
 49
0.5
 74
0
 49
-0.25
 74
0
  0
LTYPE
  5
9
330
3
100
AcDbSymbolTableRecord
100
AcDbLinetypeTableRecord
  2
DOTTED
 70
0
  3
Dotted .  .  .  .
 72
65
 73
2
 40
0.2
 49
0.0
 74
0
 49
-0.2
 74
0
  0
ENDTAB
  0
TABLE
  2
STYLE
  5
A
330
0
100
AcDbSymbolTable
 70
4
  0
STYLE
  5
B
330
A
100
AcDbSymbolTableRecord
100
AcDbTextStyleTableRecord
  2
KICAD
 70
0
 40
0
 41
1
 42
1
 50
0
 71
0
  3
isocp.shx
  0
STYLE
  5
C
330
A
100
AcDbSymbolTableRecord
100
AcDbTextStyleTableRecord
  2
KICADB
 70
0
 40
0
 41
1
 42
1
 50
0
 71
0
  3
isocp.shx
  0
STYLE
  5
D
330
A
100
AcDbSymbolTableRecord
100
AcDbTextStyleTableRecord
  2
KICADI
 70
0
 40
0
 41
1
 42
1
 50
15
 71
0
  3
isocp.shx
  0
STYLE
  5
E
330
A
100
AcDbSymbolTableRecord
100
AcDbTextStyleTableRecord
  2
KICADBI
 70
0
 40
0
 41
1
 42
1
 50
15
 71
0
  3
isocp.shx
  0
ENDTAB
  0
TABLE
  2
LAYER
  5
F
330
0
100
AcDbSymbolTable
 70
3
  0
LAYER
  5
12
330
F
100
AcDbSymbolTableRecord
100
AcDbLayerTableRecord
  2
0
 70
0
 62
7
  6
CONTINUOUS
390
10
  0
LAYER
  5
13
330
F
100
AcDbSymbolTableRecord
100
AcDbLayerTableRecord
  2
B.Cu
 70
0
 62
153
420
5078980
  6
CONTINUOUS
390
10
  0
LAYER
  5
14
330
F
100
AcDbSymbolTableRecord
100
AcDbLayerTableRecord
  2
Edge.Cuts
 70
0
 62
254
420
13685453
  6
CONTINUOUS
390
10
  0
ENDTAB
  0
TABLE
  2
VPORT
  5
15
330
0
100
AcDbSymbolTable
 70
0
  0
ENDTAB
  0
TABLE
  2
VIEW
  5
16
330
0
100
AcDbSymbolTable
 70
0
  0
ENDTAB
  0
TABLE
  2
UCS
  5
17
330
0
100
AcDbSymbolTable
 70
0
  0
ENDTAB
  0
TABLE
  2
DIMSTYLE
  5
18
330
0
100
AcDbSymbolTable
 70
1
100
AcDbDimStyleTable
 71
0
  0
DIMSTYLE
105
19
330
18
100
AcDbSymbolTableRecord
100
AcDbDimStyleTableRecord
  2
Standard
 70
0
  0
ENDTAB
  0
TABLE
  2
BLOCK_RECORD
  5
1A
330
0
100
AcDbSymbolTable
 70
3
  0
BLOCK_RECORD
  5
1B
330
1A
100
AcDbSymbolTableRecord
100
AcDbBlockTableRecord
  2
*Model_Space
340
1E
 70
0
280
1
281
0
  0
BLOCK_RECORD
  5
1C
330
1A
100
AcDbSymbolTableRecord
100
AcDbBlockTableRecord
  2
*Paper_Space
340
1F
 70
0
280
1
281
0
  0
BLOCK_RECORD
  5
1D
330
1A
100
AcDbSymbolTableRecord
100
AcDbBlockTableRecord
  2
*Paper_Space0
340
20
 70
0
280
1
281
0
  0
ENDTAB
  0
ENDSEC
  0
SECTION
  2
BLOCKS
  0
BLOCK
  5
24
330
1B
100
AcDbEntity
  8
0
100
AcDbBlockBegin
  2
*Model_Space
 70
0
 10
0.0
 20
0.0
 30
0.0
  3
*Model_Space
  1

  0
ENDBLK
  5
23
330
1B
100
AcDbEntity
  8
0
100
AcDbBlockEnd
  0
BLOCK
  5
26
330
1C
100
AcDbEntity
 67
1
  8
0
100
AcDbBlockBegin
  2
*Paper_Space
 70
0
 10
0.0
 20
0.0
 30
0.0
  3
*Paper_Space
  1

  0
ENDBLK
  5
25
330
1C
100
AcDbEntity
 67
1
  8
0
100
AcDbBlockEnd
  0
BLOCK
  5
28
330
1D
100
AcDbEntity
 67
1
  8
0
100
AcDbBlockBegin
  2
*Paper_Space0
 70
0
 10
0.0
 20
0.0
 30
0.0
  3
*Paper_Space0
  1

  0
ENDBLK
  5
27
330
1D
100
AcDbEntity
 67
1
  8
0
100
AcDbBlockEnd
  0
ENDSEC
  0
SECTION
  2
ENTITIES
  0
LINE
  5
29
330
1B
100
AcDbEntity
  8
B.Cu
  6
CONTINUOUS
100
AcDbLine
 10
149.8648049999999898
 20
-108.9728360000000009
 30
0
 11
149.932627999999994
 21
-109.0119940000000014
 31
0
  0
LINE
  5
2A
330
1B
100
AcDbEntity
  8
B.Cu
  6
CONTINUOUS
100
AcDbLine
 10
149.932627999999994
 20
-109.0119940000000014
 30
0
 11
149.9880059999999844
 21
-109.0673719999999918
 31
0
  0
LINE
  5
2B
330
1B
100
AcDbEntity
  8
B.Cu
  6
CONTINUOUS
100
AcDbLine
 10
149.9880059999999844
 20
-109.0673719999999918
 30
0
 11
150.0271639999999991
 21
-109.135194999999996
 31
0
  0
LINE
  5
2C
330
1B
100
AcDbEntity
  8
B.Cu
  6
CONTINUOUS
100
AcDbLine
 10
150.0271639999999991
 20
-109.135194999999996
 30
0
 11
150.0474329999999838
 21
-109.2108419999999995
 31
0
  0
LINE
  5
2D
330
1B
100
AcDbEntity
  8
B.Cu
  6
CONTINUOUS
100
AcDbLine
 10
150.0474329999999838
 20
-109.2108419999999995
 30
0
 11
150.0474329999999838
 21
-109.2891580000000005
 31
0
  0
LINE
  5
2E
330
1B
100
AcDbEntity
  8
B.Cu
  6
CONTINUOUS
100
AcDbLine
 10
150.0474329999999838
 20
-109.2891580000000005
 30
0
 11
150.0302099999999825
 21
-109.3534339999999929
 31
0
  0
LINE
  5
2F
330
1B
100
AcDbEntity
  8
B.Cu
  6
CONTINUOUS
100
AcDbLine
 10
150.0302099999999825
 20
-109.3534339999999929
 30
0
 11
150.4517759999999953
 21
-109.7749999999999915
 31
0
  0
LINE
  5
30
330
1B
100
AcDbEntity
  8
B.Cu
  6
CONTINUOUS
100
AcDbLine
 10
150.4517759999999953
 20
-109.7749999999999915
 30
0
 11
152.148223999999999
 21
-109.7749999999999915
 31
0
  0
LINE
  5
31
330
1B
100
AcDbEntity
  8
B.Cu
  6
CONTINUOUS
100
AcDbLine
 10
152.148223999999999
 20
-109.7749999999999915
 30
0
 11
152.7116120000000024
 21
-109.2116119999999881
 31
0
  0
LINE
  5
32
330
1B
100
AcDbEntity
  8
B.Cu
  6
CONTINUOUS
100
AcDbLine
 10
152.7116120000000024
 20
-109.2116119999999881
 30
0
 11
152.7305479999999989
 21
-109.1960709999999892
 31
0
  0
LINE
  5
33
330
1B
100
AcDbEntity
  8
B.Cu
  6
CONTINUOUS
100
AcDbLine
 10
152.7305479999999989
 20
-109.1960709999999892
 30
0
 11
152.7305539999999837
 21
-109.1960660000000018
 31
0
  0
LINE
  5
34
330
1B
100
AcDbEntity
  8
B.Cu
  6
CONTINUOUS
100
AcDbLine
 10
152.7305539999999837
 20
-109.1960660000000018
 30
0
 11
152.7624150000000043
 21
-109.1828679999999991
 31
0
  0
LINE
  5
35
330
1B
100
AcDbEntity
  8
B.Cu
  6
CONTINUOUS
100
AcDbLine
 10
152.7624150000000043
 20
-109.1828679999999991
 30
0
 11
152.7756129999999928
 21
-109.1774020000000007
 31
0
  0
LINE
  5
36
330
1B
100
AcDbEntity
  8
B.Cu
  6
CONTINUOUS
100
AcDbLine
 10
152.7756129999999928
 20
-109.1774020000000007
 30
0
 11
152.7756139999999903
 21
-109.1774020000000007
 31
0
  0
LINE
  5
37
330
1B
100
AcDbEntity
  8
B.Cu
  6
CONTINUOUS
100
AcDbLine
 10
152.7756139999999903
 20
-109.1774020000000007
 30
0
 11
152.7999999999999829
 21
-109.1749999999999972
 31
0
  0
LINE
  5
38
330
1B
100
AcDbEntity
  8
B.Cu
  6
CONTINUOUS
100
AcDbLine
 10
152.7999999999999829
 20
-109.1749999999999972
 30
0
 11
153.4621709999999837
 21
-109.1749999999999972
 31
0
  0
LINE
  5
39
330
1B
100
AcDbEntity
  8
B.Cu
  6
CONTINUOUS
100
AcDbLine
 10
153.4621709999999837
 20
-109.1749999999999972
 30
0
 11
153.4728360000000009
 21
-109.135194999999996
 31
0
  0
LINE
  5
3A
330
1B
100
AcDbEntity
  8
B.Cu
  6
CONTINUOUS
100
AcDbLine
 10
153.4728360000000009
 20
-109.135194999999996
 30
0
 11
153.5119939999999872
 21
-109.0673719999999918
 31
0
  0
LINE
  5
3B
330
1B
100
AcDbEntity
  8
B.Cu
  6
CONTINUOUS
100
AcDbLine
 10
153.5119939999999872
 20
-109.0673719999999918
 30
0
 11
153.567372000000006
 21
-109.0119940000000014
 31
0
  0
LINE
  5
3C
330
1B
100
AcDbEntity
  8
B.Cu
  6
CONTINUOUS
100
AcDbLine
 10
153.567372000000006
 20
-109.0119940000000014
 30
0
 11
153.6351949999999817
 21
-108.9728360000000009
 31
0
  0
LINE
  5
3D
330
1B
100
AcDbEntity
  8
B.Cu
  6
CONTINUOUS
100
AcDbLine
 10
153.6351949999999817
 20
-108.9728360000000009
 30
0
 11
153.7108419999999853
 21
-108.9525670000000019
 31
0
  0
LINE
  5
3E
330
1B
100
AcDbEntity
  8
B.Cu
  6
CONTINUOUS
100
AcDbLine
 10
153.7108419999999853
 20
-108.9525670000000019
 30
0
 11
153.7891579999999863
 21
-108.9525670000000019
 31
0
  0
LINE
  5
3F
330
1B
100
AcDbEntity
  8
B.Cu
  6
CONTINUOUS
100
AcDbLine
 10
153.7891579999999863
 20
-108.9525670000000019
 30
0
 11
153.8648049999999898
 21
-108.9728360000000009
 31
0
  0
LINE
  5
40
330
1B
100
AcDbEntity
  8
B.Cu
  6
CONTINUOUS
100
AcDbLine
 10
153.8648049999999898
 20
-108.9728360000000009
 30
0
 11
153.932627999999994
 21
-109.0119940000000014
 31
0
  0
LINE
  5
41
330
1B
100
AcDbEntity
  8
B.Cu
  6
CONTINUOUS
100
AcDbLine
 10
153.932627999999994
 20
-109.0119940000000014
 30
0
 11
153.9880059999999844
 21
-109.0673719999999918
 31
0
  0
LINE
  5
42
330
1B
100
AcDbEntity
  8
B.Cu
  6
CONTINUOUS
100
AcDbLine
 10
153.9880059999999844
 20
-109.0673719999999918
 30
0
 11
154.0271639999999991
 21
-109.135194999999996
 31
0
  0
LINE
  5
43
330
1B
100
AcDbEntity
  8
B.Cu
  6
CONTINUOUS
100
AcDbLine
 10
154.0271639999999991
 20
-109.135194999999996
 30
0
 11
154.0474329999999838
 21
-109.2108419999999995
 31
0
  0
LINE
  5
44
330
1B
100
AcDbEntity
  8
B.Cu
  6
CONTINUOUS
100
AcDbLine
 10
154.0474329999999838
 20
-109.2108419999999995
 30
0
 11
154.0474329999999838
 21
-109.2891580000000005
 31
0
  0
LINE
  5
45
330
1B
100
AcDbEntity
  8
B.Cu
  6
CONTINUOUS
100
AcDbLine
 10
154.0474329999999838
 20
-109.2891580000000005
 30
0
 11
154.0271639999999991
 21
-109.3648049999999898
 31
0
  0
LINE
  5
46
330
1B
100
AcDbEntity
  8
B.Cu
  6
CONTINUOUS
100
AcDbLine
 10
154.0271639999999991
 20
-109.3648049999999898
 30
0
 11
153.9880059999999844
 21
-109.432627999999994
 31
0
  0
LINE
  5
47
330
1B
100
AcDbEntity
  8
B.Cu
  6
CONTINUOUS
100
AcDbLine
 10
153.9880059999999844
 20
-109.432627999999994
 30
0
 11
153.932627999999994
 21
-109.4880059999999986
 31
0
  0
LINE
  5
48
330
1B
100
AcDbEntity
  8
B.Cu
  6
CONTINUOUS
100
AcDbLine
 10
153.932627999999994
 20
-109.4880059999999986
 30
0
 11
153.8648049999999898
 21
-109.5271639999999991
 31
0
  0
LINE
  5
49
330
1B
100
AcDbEntity
  8
B.Cu
  6
CONTINUOUS
100
AcDbLine
 10
153.8648049999999898
 20
-109.5271639999999991
 30
0
 11
153.7891579999999863
 21
-109.5474329999999981
 31
0
  0
LINE
  5
4A
330
1B
100
AcDbEntity
  8
B.Cu
  6
CONTINUOUS
100
AcDbLine
 10
153.7891579999999863
 20
-109.5474329999999981
 30
0
 11
153.7108419999999853
 21
-109.5474329999999981
 31
0
  0
LINE
  5
4B
330
1B
100
AcDbEntity
  8
B.Cu
  6
CONTINUOUS
100
AcDbLine
 10
153.7108419999999853
 20
-109.5474329999999981
 30
0
 11
153.6351949999999817
 21
-109.5271639999999991
 31
0
  0
LINE
  5
4C
330
1B
100
AcDbEntity
  8
B.Cu
  6
CONTINUOUS
100
AcDbLine
 10
153.6351949999999817
 20
-109.5271639999999991
 30
0
 11
153.567372000000006
 21
-109.4880059999999986
 31
0
  0
LINE
  5
4D
330
1B
100
AcDbEntity
  8
B.Cu
  6
CONTINUOUS
100
AcDbLine
 10
153.567372000000006
 20
-109.4880059999999986
 30
0
 11
153.5119939999999872
 21
-109.432627999999994
 31
0
  0
LINE
  5
4E
330
1B
100
AcDbEntity
  8
B.Cu
  6
CONTINUOUS
100
AcDbLine
 10
153.5119939999999872
 20
-109.432627999999994
 30
0
 11
153.5075899999999933
 21
-109.4249999999999972
 31
0
  0
LINE
  5
4F
330
1B
100
AcDbEntity
  8
B.Cu
  6
CONTINUOUS
100
AcDbLine
 10
153.5075899999999933
 20
-109.4249999999999972
 30
0
 11
152.851776000000001
 21
-109.4249999999999972
 31
0
  0
LINE
  5
50
330
1B
100
AcDbEntity
  8
B.Cu
  6
CONTINUOUS
100
AcDbLine
 10
152.851776000000001
 20
-109.4249999999999972
 30
0
 11
152.2883879999999976
 21
-109.9883880000000005
 31
0
  0
LINE
  5
51
330
1B
100
AcDbEntity
  8
B.Cu
  6
CONTINUOUS
100
AcDbLine
 10
152.2883879999999976
 20
-109.9883880000000005
 30
0
 11
152.2694510000000037
 21
-110.0039280000000019
 31
0
  0
LINE
  5
52
330
1B
100
AcDbEntity
  8
B.Cu
  6
CONTINUOUS
100
AcDbLine
 10
152.2694510000000037
 20
-110.0039280000000019
 30
0
 11
152.2694459999999879
 21
-110.003934000000001
 31
0
  0
LINE
  5
53
330
1B
100
AcDbEntity
  8
B.Cu
  6
CONTINUOUS
100
AcDbLine
 10
152.2694459999999879
 20
-110.003934000000001
 30
0
 11
152.2375839999999982
 21
-110.017130999999992
 31
0
  0
LINE
  5
54
330
1B
100
AcDbEntity
  8
B.Cu
  6
CONTINUOUS
100
AcDbLine
 10
152.2375839999999982
 20
-110.017130999999992
 30
0
 11
152.2243870000000072
 21
-110.0225980000000021
 31
0
  0
LINE
  5
55
330
1B
100
AcDbEntity
  8
B.Cu
  6
CONTINUOUS
100
AcDbLine
 10
152.2243870000000072
 20
-110.0225980000000021
 30
0
 11
152.2243859999999813
 21
-110.0225980000000021
 31
0
  0
LINE
  5
56
330
1B
100
AcDbEntity
  8
B.Cu
  6
CONTINUOUS
100
AcDbLine
 10
152.2243859999999813
 20
-110.0225980000000021
 30
0
 11
152.1999999999999886
 21
-110.0249999999999915
 31
0
  0
LINE
  5
57
330
1B
100
AcDbEntity
  8
B.Cu
  6
CONTINUOUS
100
AcDbLine
 10
152.1999999999999886
 20
-110.0249999999999915
 30
0
 11
150.4000000000000057
 21
-110.0249999999999915
 31
0
  0
LINE
  5
58
330
1B
100
AcDbEntity
  8
B.Cu
  6
CONTINUOUS
100
AcDbLine
 10
150.4000000000000057
 20
-110.0249999999999915
 30
0
 11
150.3756139999999846
 21
-110.0225980000000021
 31
0
  0
LINE
  5
59
330
1B
100
AcDbEntity
  8
B.Cu
  6
CONTINUOUS
100
AcDbLine
 10
150.3756139999999846
 20
-110.0225980000000021
 30
0
 11
150.3756129999999871
 21
-110.0225980000000021
 31
0
  0
LINE
  5
5A
330
1B
100
AcDbEntity
  8
B.Cu
  6
CONTINUOUS
100
AcDbLine
 10
150.3756129999999871
 20
-110.0225980000000021
 30
0
 11
150.3624149999999986
 21
-110.017130999999992
 31
0
  0
LINE
  5
5B
330
1B
100
AcDbEntity
  8
B.Cu
  6
CONTINUOUS
100
AcDbLine
 10
150.3624149999999986
 20
-110.017130999999992
 30
0
 11
150.3305540000000065
 21
-110.003934000000001
 31
0
  0
LINE
  5
5C
330
1B
100
AcDbEntity
  8
B.Cu
  6
CONTINUOUS
100
AcDbLine
 10
150.3305540000000065
 20
-110.003934000000001
 30
0
 11
150.3305479999999932
 21
-110.0039280000000019
 31
0
  0
LINE
  5
5D
330
1B
100
AcDbEntity
  8
B.Cu
  6
CONTINUOUS
100
AcDbLine
 10
150.3305479999999932
 20
-110.0039280000000019
 30
0
 11
150.3116119999999967
 21
-109.9883880000000005
 31
0
  0
LINE
  5
5E
330
1B
100
AcDbEntity
  8
B.Cu
  6
CONTINUOUS
100
AcDbLine
 10
150.3116119999999967
 20
-109.9883880000000005
 30
0
 11
149.8534339999999929
 21
-109.5302099999999967
 31
0
  0
LINE
  5
5F
330
1B
100
AcDbEntity
  8
B.Cu
  6
CONTINUOUS
100
AcDbLine
 10
149.8534339999999929
 20
-109.5302099999999967
 30
0
 11
149.7891579999999863
 21
-109.5474329999999981
 31
0
  0
LINE
  5
60
330
1B
100
AcDbEntity
  8
B.Cu
  6
CONTINUOUS
100
AcDbLine
 10
149.7891579999999863
 20
-109.5474329999999981
 30
0
 11
149.7108419999999853
 21
-109.5474329999999981
 31
0
  0
LINE
  5
61
330
1B
100
AcDbEntity
  8
B.Cu
  6
CONTINUOUS
100
AcDbLine
 10
149.7108419999999853
 20
-109.5474329999999981
 30
0
 11
149.6351949999999817
 21
-109.5271639999999991
 31
0
  0
LINE
  5
62
330
1B
100
AcDbEntity
  8
B.Cu
  6
CONTINUOUS
100
AcDbLine
 10
149.6351949999999817
 20
-109.5271639999999991
 30
0
 11
149.567372000000006
 21
-109.4880059999999986
 31
0
  0
LINE
  5
63
330
1B
100
AcDbEntity
  8
B.Cu
  6
CONTINUOUS
100
AcDbLine
 10
149.567372000000006
 20
-109.4880059999999986
 30
0
 11
149.5119939999999872
 21
-109.432627999999994
 31
0
  0
LINE
  5
64
330
1B
100
AcDbEntity
  8
B.Cu
  6
CONTINUOUS
100
AcDbLine
 10
149.5119939999999872
 20
-109.432627999999994
 30
0
 11
149.4728360000000009
 21
-109.3648049999999898
 31
0
  0
LINE
  5
65
330
1B
100
AcDbEntity
  8
B.Cu
  6
CONTINUOUS
100
AcDbLine
 10
149.4728360000000009
 20
-109.3648049999999898
 30
0
 11
149.4525669999999877
 21
-109.2891580000000005
 31
0
  0
LINE
  5
66
330
1B
100
AcDbEntity
  8
B.Cu
  6
CONTINUOUS
100
AcDbLine
 10
149.4525669999999877
 20
-109.2891580000000005
 30
0
 11
149.4525669999999877
 21
-109.2108419999999995
 31
0
  0
LINE
  5
67
330
1B
100
AcDbEntity
  8
B.Cu
  6
CONTINUOUS
100
AcDbLine
 10
149.4525669999999877
 20
-109.2108419999999995
 30
0
 11
149.4728360000000009
 21
-109.135194999999996
 31
0
  0
LINE
  5
68
330
1B
100
AcDbEntity
  8
B.Cu
  6
CONTINUOUS
100
AcDbLine
 10
149.4728360000000009
 20
-109.135194999999996
 30
0
 11
149.5119939999999872
 21
-109.0673719999999918
 31
0
  0
LINE
  5
69
330
1B
100
AcDbEntity
  8
B.Cu
  6
CONTINUOUS
100
AcDbLine
 10
149.5119939999999872
 20
-109.0673719999999918
 30
0
 11
149.567372000000006
 21
-109.0119940000000014
 31
0
  0
LINE
  5
6A
330
1B
100
AcDbEntity
  8
B.Cu
  6
CONTINUOUS
100
AcDbLine
 10
149.567372000000006
 20
-109.0119940000000014
 30
0
 11
149.6351949999999817
 21
-108.9728360000000009
 31
0
  0
LINE
  5
6B
330
1B
100
AcDbEntity
  8
B.Cu
  6
CONTINUOUS
100
AcDbLine
 10
149.6351949999999817
 20
-108.9728360000000009
 30
0
 11
149.7108419999999853
 21
-108.9525670000000019
 31
0
  0
LINE
  5
6C
330
1B
100
AcDbEntity
  8
B.Cu
  6
CONTINUOUS
100
AcDbLine
 10
149.7108419999999853
 20
-108.9525670000000019
 30
0
 11
149.7891579999999863
 21
-108.9525670000000019
 31
0
  0
LINE
  5
6D
330
1B
100
AcDbEntity
  8
B.Cu
  6
CONTINUOUS
100
AcDbLine
 10
149.7891579999999863
 20
-108.9525670000000019
 30
0
 11
149.8648049999999898
 21
-108.9728360000000009
 31
0
  0
LINE
  5
6E
330
1B
100
AcDbEntity
  8
B.Cu
  6
CONTINUOUS
100
AcDbLine
 10
119.8648049999999898
 20
-108.9728360000000009
 30
0
 11
119.932627999999994
 21
-109.0119940000000014
 31
0
  0
LINE
  5
6F
330
1B
100
AcDbEntity
  8
B.Cu
  6
CONTINUOUS
100
AcDbLine
 10
119.932627999999994
 20
-109.0119940000000014
 30
0
 11
119.9880059999999986
 21
-109.0673719999999918
 31
0
  0
LINE
  5
70
330
1B
100
AcDbEntity
  8
B.Cu
  6
CONTINUOUS
100
AcDbLine
 10
119.9880059999999986
 20
-109.0673719999999918
 30
0
 11
120.0271639999999991
 21
-109.135194999999996
 31
0
  0
LINE
  5
71
330
1B
100
AcDbEntity
  8
B.Cu
  6
CONTINUOUS
100
AcDbLine
 10
120.0271639999999991
 20
-109.135194999999996
 30
0
 11
120.0474329999999981
 21
-109.2108419999999995
 31
0
  0
LINE
  5
72
330
1B
100
AcDbEntity
  8
B.Cu
  6
CONTINUOUS
100
AcDbLine
 10
120.0474329999999981
 20
-109.2108419999999995
 30
0
 11
120.0474329999999981
 21
-109.2891580000000005
 31
0
  0
LINE
  5
73
330
1B
100
AcDbEntity
  8
B.Cu
  6
CONTINUOUS
100
AcDbLine
 10
120.0474329999999981
 20
-109.2891580000000005
 30
0
 11
120.0271639999999991
 21
-109.3648049999999898
 31
0
  0
LINE
  5
74
330
1B
100
AcDbEntity
  8
B.Cu
  6
CONTINUOUS
100
AcDbLine
 10
120.0271639999999991
 20
-109.3648049999999898
 30
0
 11
119.9880059999999986
 21
-109.432627999999994
 31
0
  0
LINE
  5
75
330
1B
100
AcDbEntity
  8
B.Cu
  6
CONTINUOUS
100
AcDbLine
 10
119.9880059999999986
 20
-109.432627999999994
 30
0
 11
119.932627999999994
 21
-109.4880059999999986
 31
0
  0
LINE
  5
76
330
1B
100
AcDbEntity
  8
B.Cu
  6
CONTINUOUS
100
AcDbLine
 10
119.932627999999994
 20
-109.4880059999999986
 30
0
 11
119.8648049999999898
 21
-109.5271639999999991
 31
0
  0
LINE
  5
77
330
1B
100
AcDbEntity
  8
B.Cu
  6
CONTINUOUS
100
AcDbLine
 10
119.8648049999999898
 20
-109.5271639999999991
 30
0
 11
119.7891580000000005
 21
-109.5474329999999981
 31
0
  0
LINE
  5
78
330
1B
100
AcDbEntity
  8
B.Cu
  6
CONTINUOUS
100
AcDbLine
 10
119.7891580000000005
 20
-109.5474329999999981
 30
0
 11
119.7108419999999995
 21
-109.5474329999999981
 31
0
  0
LINE
  5
79
330
1B
100
AcDbEntity
  8
B.Cu
  6
CONTINUOUS
100
AcDbLine
 10
119.7108419999999995
 20
-109.5474329999999981
 30
0
 11
119.635194999999996
 21
-109.5271639999999991
 31
0
  0
LINE
  5
7A
330
1B
100
AcDbEntity
  8
B.Cu
  6
CONTINUOUS
100
AcDbLine
 10
119.635194999999996
 20
-109.5271639999999991
 30
0
 11
119.5673719999999918
 21
-109.4880059999999986
 31
0
  0
LINE
  5
7B
330
1B
100
AcDbEntity
  8
B.Cu
  6
CONTINUOUS
100
AcDbLine
 10
119.5673719999999918
 20
-109.4880059999999986
 30
0
 11
119.5119940000000014
 21
-109.432627999999994
 31
0
  0
LINE
  5
7C
330
1B
100
AcDbEntity
  8
B.Cu
  6
CONTINUOUS
100
AcDbLine
 10
119.5119940000000014
 20
-109.432627999999994
 30
0
 11
119.4728360000000009
 21
-109.3648049999999898
 31
0
  0
LINE
  5
7D
330
1B
100
AcDbEntity
  8
B.Cu
  6
CONTINUOUS
100
AcDbLine
 10
119.4728360000000009
 20
-109.3648049999999898
 30
0
 11
119.4525669999999877
 21
-109.2891580000000005
 31
0
  0
LINE
  5
7E
330
1B
100
AcDbEntity
  8
B.Cu
  6
CONTINUOUS
100
AcDbLine
 10
119.4525669999999877
 20
-109.2891580000000005
 30
0
 11
119.4525669999999877
 21
-109.2108419999999995
 31
0
  0
LINE
  5
7F
330
1B
100
AcDbEntity
  8
B.Cu
  6
CONTINUOUS
100
AcDbLine
 10
119.4525669999999877
 20
-109.2108419999999995
 30
0
 11
119.4728360000000009
 21
-109.135194999999996
 31
0
  0
LINE
  5
80
330
1B
100
AcDbEntity
  8
B.Cu
  6
CONTINUOUS
100
AcDbLine
 10
119.4728360000000009
 20
-109.135194999999996
 30
0
 11
119.5119940000000014
 21
-109.0673719999999918
 31
0
  0
LINE
  5
81
330
1B
100
AcDbEntity
  8
B.Cu
  6
CONTINUOUS
100
AcDbLine
 10
119.5119940000000014
 20
-109.0673719999999918
 30
0
 11
119.5673719999999918
 21
-109.0119940000000014
 31
0
  0
LINE
  5
82
330
1B
100
AcDbEntity
  8
B.Cu
  6
CONTINUOUS
100
AcDbLine
 10
119.5673719999999918
 20
-109.0119940000000014
 30
0
 11
119.635194999999996
 21
-108.9728360000000009
 31
0
  0
LINE
  5
83
330
1B
100
AcDbEntity
  8
B.Cu
  6
CONTINUOUS
100
AcDbLine
 10
119.635194999999996
 20
-108.9728360000000009
 30
0
 11
119.7108419999999995
 21
-108.9525670000000019
 31
0
  0
LINE
  5
84
330
1B
100
AcDbEntity
  8
B.Cu
  6
CONTINUOUS
100
AcDbLine
 10
119.7108419999999995
 20
-108.9525670000000019
 30
0
 11
119.7891580000000005
 21
-108.9525670000000019
 31
0
  0
LINE
  5
85
330
1B
100
AcDbEntity
  8
B.Cu
  6
CONTINUOUS
100
AcDbLine
 10
119.7891580000000005
 20
-108.9525670000000019
 30
0
 11
119.8648049999999898
 21
-108.9728360000000009
 31
0
  0
LINE
  5
86
330
1B
100
AcDbEntity
  8
B.Cu
  6
CONTINUOUS
100
AcDbLine
 10
163.8648049999999898
 20
-108.9728360000000009
 30
0
 11
163.932627999999994
 21
-109.0119940000000014
 31
0
  0
LINE
  5
87
330
1B
100
AcDbEntity
  8
B.Cu
  6
CONTINUOUS
100
AcDbLine
 10
163.932627999999994
 20
-109.0119940000000014
 30
0
 11
163.9880059999999844
 21
-109.0673719999999918
 31
0
  0
LINE
  5
88
330
1B
100
AcDbEntity
  8
B.Cu
  6
CONTINUOUS
100
AcDbLine
 10
163.9880059999999844
 20
-109.0673719999999918
 30
0
 11
164.0271639999999991
 21
-109.135194999999996
 31
0
  0
LINE
  5
89
330
1B
100
AcDbEntity
  8
B.Cu
  6
CONTINUOUS
100
AcDbLine
 10
164.0271639999999991
 20
-109.135194999999996
 30
0
 11
164.0474329999999838
 21
-109.2108419999999995
 31
0
  0
LINE
  5
8A
330
1B
100
AcDbEntity
  8
B.Cu
  6
CONTINUOUS
100
AcDbLine
 10
164.0474329999999838
 20
-109.2108419999999995
 30
0
 11
164.0474329999999838
 21
-109.2891580000000005
 31
0
  0
LINE
  5
8B
330
1B
100
AcDbEntity
  8
B.Cu
  6
CONTINUOUS
100
AcDbLine
 10
164.0474329999999838
 20
-109.2891580000000005
 30
0
 11
164.0271639999999991
 21
-109.3648049999999898
 31
0
  0
LINE
  5
8C
330
1B
100
AcDbEntity
  8
B.Cu
  6
CONTINUOUS
100
AcDbLine
 10
164.0271639999999991
 20
-109.3648049999999898
 30
0
 11
163.9880059999999844
 21
-109.432627999999994
 31
0
  0
LINE
  5
8D
330
1B
100
AcDbEntity
  8
B.Cu
  6
CONTINUOUS
100
AcDbLine
 10
163.9880059999999844
 20
-109.432627999999994
 30
0
 11
163.932627999999994
 21
-109.4880059999999986
 31
0
  0
LINE
  5
8E
330
1B
100
AcDbEntity
  8
B.Cu
  6
CONTINUOUS
100
AcDbLine
 10
163.932627999999994
 20
-109.4880059999999986
 30
0
 11
163.8648049999999898
 21
-109.5271639999999991
 31
0
  0
LINE
  5
8F
330
1B
100
AcDbEntity
  8
B.Cu
  6
CONTINUOUS
100
AcDbLine
 10
163.8648049999999898
 20
-109.5271639999999991
 30
0
 11
163.7891579999999863
 21
-109.5474329999999981
 31
0
  0
LINE
  5
90
330
1B
100
AcDbEntity
  8
B.Cu
  6
CONTINUOUS
100
AcDbLine
 10
163.7891579999999863
 20
-109.5474329999999981
 30
0
 11
163.7108419999999853
 21
-109.5474329999999981
 31
0
  0
LINE
  5
91
330
1B
100
AcDbEntity
  8
B.Cu
  6
CONTINUOUS
100
AcDbLine
 10
163.7108419999999853
 20
-109.5474329999999981
 30
0
 11
163.6351949999999817
 21
-109.5271639999999991
 31
0
  0
LINE
  5
92
330
1B
100
AcDbEntity
  8
B.Cu
  6
CONTINUOUS
100
AcDbLine
 10
163.6351949999999817
 20
-109.5271639999999991
 30
0
 11
163.567372000000006
 21
-109.4880059999999986
 31
0
  0
LINE
  5
93
330
1B
100
AcDbEntity
  8
B.Cu
  6
CONTINUOUS
100
AcDbLine
 10
163.567372000000006
 20
-109.4880059999999986
 30
0
 11
163.5119939999999872
 21
-109.432627999999994
 31
0
  0
LINE
  5
94
330
1B
100
AcDbEntity
  8
B.Cu
  6
CONTINUOUS
100
AcDbLine
 10
163.5119939999999872
 20
-109.432627999999994
 30
0
 11
163.4728360000000009
 21
-109.3648049999999898
 31
0
  0
LINE
  5
95
330
1B
100
AcDbEntity
  8
B.Cu
  6
CONTINUOUS
100
AcDbLine
 10
163.4728360000000009
 20
-109.3648049999999898
 30
0
 11
163.4525669999999877
 21
-109.2891580000000005
 31
0
  0
LINE
  5
96
330
1B
100
AcDbEntity
  8
B.Cu
  6
CONTINUOUS
100
AcDbLine
 10
163.4525669999999877
 20
-109.2891580000000005
 30
0
 11
163.4525669999999877
 21
-109.2108419999999995
 31
0
  0
LINE
  5
97
330
1B
100
AcDbEntity
  8
B.Cu
  6
CONTINUOUS
100
AcDbLine
 10
163.4525669999999877
 20
-109.2108419999999995
 30
0
 11
163.4728360000000009
 21
-109.135194999999996
 31
0
  0
LINE
  5
98
330
1B
100
AcDbEntity
  8
B.Cu
  6
CONTINUOUS
100
AcDbLine
 10
163.4728360000000009
 20
-109.135194999999996
 30
0
 11
163.5119939999999872
 21
-109.0673719999999918
 31
0
  0
LINE
  5
99
330
1B
100
AcDbEntity
  8
B.Cu
  6
CONTINUOUS
100
AcDbLine
 10
163.5119939999999872
 20
-109.0673719999999918
 30
0
 11
163.567372000000006
 21
-109.0119940000000014
 31
0
  0
LINE
  5
9A
330
1B
100
AcDbEntity
  8
B.Cu
  6
CONTINUOUS
100
AcDbLine
 10
163.567372000000006
 20
-109.0119940000000014
 30
0
 11
163.6351949999999817
 21
-108.9728360000000009
 31
0
  0
LINE
  5
9B
330
1B
100
AcDbEntity
  8
B.Cu
  6
CONTINUOUS
100
AcDbLine
 10
163.6351949999999817
 20
-108.9728360000000009
 30
0
 11
163.7108419999999853
 21
-108.9525670000000019
 31
0
  0
LINE
  5
9C
330
1B
100
AcDbEntity
  8
B.Cu
  6
CONTINUOUS
100
AcDbLine
 10
163.7108419999999853
 20
-108.9525670000000019
 30
0
 11
163.7891579999999863
 21
-108.9525670000000019
 31
0
  0
LINE
  5
9D
330
1B
100
AcDbEntity
  8
B.Cu
  6
CONTINUOUS
100
AcDbLine
 10
163.7891579999999863
 20
-108.9525670000000019
 30
0
 11
163.8648049999999898
 21
-108.9728360000000009
 31
0
  0
LINE
  5
9E
330
1B
100
AcDbEntity
  8
B.Cu
  6
CONTINUOUS
100
AcDbLine
 10
121.8648049999999898
 20
-108.9728360000000009
 30
0
 11
121.932627999999994
 21
-109.0119940000000014
 31
0
  0
LINE
  5
9F
330
1B
100
AcDbEntity
  8
B.Cu
  6
CONTINUOUS
100
AcDbLine
 10
121.932627999999994
 20
-109.0119940000000014
 30
0
 11
121.9880059999999986
 21
-109.0673719999999918
 31
0
  0
LINE
  5
A0
330
1B
100
AcDbEntity
  8
B.Cu
  6
CONTINUOUS
100
AcDbLine
 10
121.9880059999999986
 20
-109.0673719999999918
 30
0
 11
122.0271639999999991
 21
-109.135194999999996
 31
0
  0
LINE
  5
A1
330
1B
100
AcDbEntity
  8
B.Cu
  6
CONTINUOUS
100
AcDbLine
 10
122.0271639999999991
 20
-109.135194999999996
 30
0
 11
122.0474329999999981
 21
-109.2108419999999995
 31
0
  0
LINE
  5
A2
330
1B
100
AcDbEntity
  8
B.Cu
  6
CONTINUOUS
100
AcDbLine
 10
122.0474329999999981
 20
-109.2108419999999995
 30
0
 11
122.0474329999999981
 21
-109.2891580000000005
 31
0
  0
LINE
  5
A3
330
1B
100
AcDbEntity
  8
B.Cu
  6
CONTINUOUS
100
AcDbLine
 10
122.0474329999999981
 20
-109.2891580000000005
 30
0
 11
122.0271639999999991
 21
-109.3648049999999898
 31
0
  0
LINE
  5
A4
330
1B
100
AcDbEntity
  8
B.Cu
  6
CONTINUOUS
100
AcDbLine
 10
122.0271639999999991
 20
-109.3648049999999898
 30
0
 11
121.9880059999999986
 21
-109.432627999999994
 31
0
  0
LINE
  5
A5
330
1B
100
AcDbEntity
  8
B.Cu
  6
CONTINUOUS
100
AcDbLine
 10
121.9880059999999986
 20
-109.432627999999994
 30
0
 11
121.932627999999994
 21
-109.4880059999999986
 31
0
  0
LINE
  5
A6
330
1B
100
AcDbEntity
  8
B.Cu
  6
CONTINUOUS
100
AcDbLine
 10
121.932627999999994
 20
-109.4880059999999986
 30
0
 11
121.8648049999999898
 21
-109.5271639999999991
 31
0
  0
LINE
  5
A7
330
1B
100
AcDbEntity
  8
B.Cu
  6
CONTINUOUS
100
AcDbLine
 10
121.8648049999999898
 20
-109.5271639999999991
 30
0
 11
121.7891580000000005
 21
-109.5474329999999981
 31
0
  0
LINE
  5
A8
330
1B
100
AcDbEntity
  8
B.Cu
  6
CONTINUOUS
100
AcDbLine
 10
121.7891580000000005
 20
-109.5474329999999981
 30
0
 11
121.7108419999999995
 21
-109.5474329999999981
 31
0
  0
LINE
  5
A9
330
1B
100
AcDbEntity
  8
B.Cu
  6
CONTINUOUS
100
AcDbLine
 10
121.7108419999999995
 20
-109.5474329999999981
 30
0
 11
121.635194999999996
 21
-109.5271639999999991
 31
0
  0
LINE
  5
AA
330
1B
100
AcDbEntity
  8
B.Cu
  6
CONTINUOUS
100
AcDbLine
 10
121.635194999999996
 20
-109.5271639999999991
 30
0
 11
121.5673719999999918
 21
-109.4880059999999986
 31
0
  0
LINE
  5
AB
330
1B
100
AcDbEntity
  8
B.Cu
  6
CONTINUOUS
100
AcDbLine
 10
121.5673719999999918
 20
-109.4880059999999986
 30
0
 11
121.5119940000000014
 21
-109.432627999999994
 31
0
  0
LINE
  5
AC
330
1B
100
AcDbEntity
  8
B.Cu
  6
CONTINUOUS
100
AcDbLine
 10
121.5119940000000014
 20
-109.432627999999994
 30
0
 11
121.4728360000000009
 21
-109.3648049999999898
 31
0
  0
LINE
  5
AD
330
1B
100
AcDbEntity
  8
B.Cu
  6
CONTINUOUS
100
AcDbLine
 10
121.4728360000000009
 20
-109.3648049999999898
 30
0
 11
121.4525669999999877
 21
-109.2891580000000005
 31
0
  0
LINE
  5
AE
330
1B
100
AcDbEntity
  8
B.Cu
  6
CONTINUOUS
100
AcDbLine
 10
121.4525669999999877
 20
-109.2891580000000005
 30
0
 11
121.4525669999999877
 21
-109.2108419999999995
 31
0
  0
LINE
  5
AF
330
1B
100
AcDbEntity
  8
B.Cu
  6
CONTINUOUS
100
AcDbLine
 10
121.4525669999999877
 20
-109.2108419999999995
 30
0
 11
121.4728360000000009
 21
-109.135194999999996
 31
0
  0
LINE
  5
B0
330
1B
100
AcDbEntity
  8
B.Cu
  6
CONTINUOUS
100
AcDbLine
 10
121.4728360000000009
 20
-109.135194999999996
 30
0
 11
121.5119940000000014
 21
-109.0673719999999918
 31
0
  0
LINE
  5
B1
330
1B
100
AcDbEntity
  8
B.Cu
  6
CONTINUOUS
100
AcDbLine
 10
121.5119940000000014
 20
-109.0673719999999918
 30
0
 11
121.5673719999999918
 21
-109.0119940000000014
 31
0
  0
LINE
  5
B2
330
1B
100
AcDbEntity
  8
B.Cu
  6
CONTINUOUS
100
AcDbLine
 10
121.5673719999999918
 20
-109.0119940000000014
 30
0
 11
121.635194999999996
 21
-108.9728360000000009
 31
0
  0
LINE
  5
B3
330
1B
100
AcDbEntity
  8
B.Cu
  6
CONTINUOUS
100
AcDbLine
 10
121.635194999999996
 20
-108.9728360000000009
 30
0
 11
121.7108419999999995
 21
-108.9525670000000019
 31
0
  0
LINE
  5
B4
330
1B
100
AcDbEntity
  8
B.Cu
  6
CONTINUOUS
100
AcDbLine
 10
121.7108419999999995
 20
-108.9525670000000019
 30
0
 11
121.7891580000000005
 21
-108.9525670000000019
 31
0
  0
LINE
  5
B5
330
1B
100
AcDbEntity
  8
B.Cu
  6
CONTINUOUS
100
AcDbLine
 10
121.7891580000000005
 20
-108.9525670000000019
 30
0
 11
121.8648049999999898
 21
-108.9728360000000009
 31
0
  0
LINE
  5
B6
330
1B
100
AcDbEntity
  8
B.Cu
  6
CONTINUOUS
100
AcDbLine
 10
169.8648049999999898
 20
-100.4728360000000009
 30
0
 11
169.932627999999994
 21
-100.5119940000000014
 31
0
  0
LINE
  5
B7
330
1B
100
AcDbEntity
  8
B.Cu
  6
CONTINUOUS
100
AcDbLine
 10
169.932627999999994
 20
-100.5119940000000014
 30
0
 11
169.9880059999999844
 21
-100.5673719999999918
 31
0
  0
LINE
  5
B8
330
1B
100
AcDbEntity
  8
B.Cu
  6
CONTINUOUS
100
AcDbLine
 10
169.9880059999999844
 20
-100.5673719999999918
 30
0
 11
170.0271639999999991
 21
-100.635194999999996
 31
0
  0
LINE
  5
B9
330
1B
100
AcDbEntity
  8
B.Cu
  6
CONTINUOUS
100
AcDbLine
 10
170.0271639999999991
 20
-100.635194999999996
 30
0
 11
170.0474329999999838
 21
-100.7108419999999995
 31
0
  0
LINE
  5
BA
330
1B
100
AcDbEntity
  8
B.Cu
  6
CONTINUOUS
100
AcDbLine
 10
170.0474329999999838
 20
-100.7108419999999995
 30
0
 11
170.0474329999999838
 21
-100.7891580000000005
 31
0
  0
LINE
  5
BB
330
1B
100
AcDbEntity
  8
B.Cu
  6
CONTINUOUS
100
AcDbLine
 10
170.0474329999999838
 20
-100.7891580000000005
 30
0
 11
170.0271639999999991
 21
-100.8648049999999898
 31
0
  0
LINE
  5
BC
330
1B
100
AcDbEntity
  8
B.Cu
  6
CONTINUOUS
100
AcDbLine
 10
170.0271639999999991
 20
-100.8648049999999898
 30
0
 11
169.9880059999999844
 21
-100.932627999999994
 31
0
  0
LINE
  5
BD
330
1B
100
AcDbEntity
  8
B.Cu
  6
CONTINUOUS
100
AcDbLine
 10
169.9880059999999844
 20
-100.932627999999994
 30
0
 11
169.932627999999994
 21
-100.9880059999999986
 31
0
  0
LINE
  5
BE
330
1B
100
AcDbEntity
  8
B.Cu
  6
CONTINUOUS
100
AcDbLine
 10
169.932627999999994
 20
-100.9880059999999986
 30
0
 11
169.8648049999999898
 21
-101.0271639999999991
 31
0
  0
LINE
  5
BF
330
1B
100
AcDbEntity
  8
B.Cu
  6
CONTINUOUS
100
AcDbLine
 10
169.8648049999999898
 20
-101.0271639999999991
 30
0
 11
169.7891579999999863
 21
-101.0474329999999981
 31
0
  0
LINE
  5
C0
330
1B
100
AcDbEntity
  8
B.Cu
  6
CONTINUOUS
100
AcDbLine
 10
169.7891579999999863
 20
-101.0474329999999981
 30
0
 11
169.7108419999999853
 21
-101.0474329999999981
 31
0
  0
LINE
  5
C1
330
1B
100
AcDbEntity
  8
B.Cu
  6
CONTINUOUS
100
AcDbLine
 10
169.7108419999999853
 20
-101.0474329999999981
 30
0
 11
169.6351949999999817
 21
-101.0271639999999991
 31
0
  0
LINE
  5
C2
330
1B
100
AcDbEntity
  8
B.Cu
  6
CONTINUOUS
100
AcDbLine
 10
169.6351949999999817
 20
-101.0271639999999991
 30
0
 11
169.567372000000006
 21
-100.9880059999999986
 31
0
  0
LINE
  5
C3
330
1B
100
AcDbEntity
  8
B.Cu
  6
CONTINUOUS
100
AcDbLine
 10
169.567372000000006
 20
-100.9880059999999986
 30
0
 11
169.5119939999999872
 21
-100.932627999999994
 31
0
  0
LINE
  5
C4
330
1B
100
AcDbEntity
  8
B.Cu
  6
CONTINUOUS
100
AcDbLine
 10
169.5119939999999872
 20
-100.932627999999994
 30
0
 11
169.4728360000000009
 21
-100.8648049999999898
 31
0
  0
LINE
  5
C5
330
1B
100
AcDbEntity
  8
B.Cu
  6
CONTINUOUS
100
AcDbLine
 10
169.4728360000000009
 20
-100.8648049999999898
 30
0
 11
169.4525669999999877
 21
-100.7891580000000005
 31
0
  0
LINE
  5
C6
330
1B
100
AcDbEntity
  8
B.Cu
  6
CONTINUOUS
100
AcDbLine
 10
169.4525669999999877
 20
-100.7891580000000005
 30
0
 11
169.4525669999999877
 21
-100.7108419999999995
 31
0
  0
LINE
  5
C7
330
1B
100
AcDbEntity
  8
B.Cu
  6
CONTINUOUS
100
AcDbLine
 10
169.4525669999999877
 20
-100.7108419999999995
 30
0
 11
169.4728360000000009
 21
-100.635194999999996
 31
0
  0
LINE
  5
C8
330
1B
100
AcDbEntity
  8
B.Cu
  6
CONTINUOUS
100
AcDbLine
 10
169.4728360000000009
 20
-100.635194999999996
 30
0
 11
169.5119939999999872
 21
-100.5673719999999918
 31
0
  0
LINE
  5
C9
330
1B
100
AcDbEntity
  8
B.Cu
  6
CONTINUOUS
100
AcDbLine
 10
169.5119939999999872
 20
-100.5673719999999918
 30
0
 11
169.567372000000006
 21
-100.5119940000000014
 31
0
  0
LINE
  5
CA
330
1B
100
AcDbEntity
  8
B.Cu
  6
CONTINUOUS
100
AcDbLine
 10
169.567372000000006
 20
-100.5119940000000014
 30
0
 11
169.6351949999999817
 21
-100.4728360000000009
 31
0
  0
LINE
  5
CB
330
1B
100
AcDbEntity
  8
B.Cu
  6
CONTINUOUS
100
AcDbLine
 10
169.6351949999999817
 20
-100.4728360000000009
 30
0
 11
169.7108419999999853
 21
-100.4525670000000019
 31
0
  0
LINE
  5
CC
330
1B
100
AcDbEntity
  8
B.Cu
  6
CONTINUOUS
100
AcDbLine
 10
169.7108419999999853
 20
-100.4525670000000019
 30
0
 11
169.7891579999999863
 21
-100.4525670000000019
 31
0
  0
LINE
  5
CD
330
1B
100
AcDbEntity
  8
B.Cu
  6
CONTINUOUS
100
AcDbLine
 10
169.7891579999999863
 20
-100.4525670000000019
 30
0
 11
169.8648049999999898
 21
-100.4728360000000009
 31
0
  0
LINE
  5
CE
330
1B
100
AcDbEntity
  8
B.Cu
  6
CONTINUOUS
100
AcDbLine
 10
133.8648049999999898
 20
-80.4728360000000009
 30
0
 11
133.932627999999994
 21
-80.5119940000000014
 31
0
  0
LINE
  5
CF
330
1B
100
AcDbEntity
  8
B.Cu
  6
CONTINUOUS
100
AcDbLine
 10
133.932627999999994
 20
-80.5119940000000014
 30
0
 11
133.9880059999999844
 21
-80.5673719999999918
 31
0
  0
LINE
  5
D0
330
1B
100
AcDbEntity
  8
B.Cu
  6
CONTINUOUS
100
AcDbLine
 10
133.9880059999999844
 20
-80.5673719999999918
 30
0
 11
134.0271639999999991
 21
-80.635194999999996
 31
0
  0
LINE
  5
D1
330
1B
100
AcDbEntity
  8
B.Cu
  6
CONTINUOUS
100
AcDbLine
 10
134.0271639999999991
 20
-80.635194999999996
 30
0
 11
134.0474329999999838
 21
-80.7108419999999995
 31
0
  0
LINE
  5
D2
330
1B
100
AcDbEntity
  8
B.Cu
  6
CONTINUOUS
100
AcDbLine
 10
134.0474329999999838
 20
-80.7108419999999995
 30
0
 11
134.0474329999999838
 21
-80.7749999999999915
 31
0
  0
LINE
  5
D3
330
1B
100
AcDbEntity
  8
B.Cu
  6
CONTINUOUS
100
AcDbLine
 10
134.0474329999999838
 20
-80.7749999999999915
 30
0
 11
144.
 21
-80.7749999999999915
 31
0
  0
LINE
  5
D4
330
1B
100
AcDbEntity
  8
B.Cu
  6
CONTINUOUS
100
AcDbLine
 10
144.
 20
-80.7749999999999915
 30
0
 11
144.0243859999999927
 21
-80.777401999999995
 31
0
  0
LINE
  5
D5
330
1B
100
AcDbEntity
  8
B.Cu
  6
CONTINUOUS
100
AcDbLine
 10
144.0243859999999927
 20
-80.777401999999995
 30
0
 11
144.0243869999999902
 21
-80.777401999999995
 31
0
  0
LINE
  5
D6
330
1B
100
AcDbEntity
  8
B.Cu
  6
CONTINUOUS
100
AcDbLine
 10
144.0243869999999902
 20
-80.777401999999995
 30
0
 11
144.0297459999999887
 21
-80.7796220000000034
 31
0
  0
LINE
  5
D7
330
1B
100
AcDbEntity
  8
B.Cu
  6
CONTINUOUS
100
AcDbLine
 10
144.0297459999999887
 20
-80.7796220000000034
 30
0
 11
144.0694459999999992
 21
-80.7960659999999962
 31
0
  0
LINE
  5
D8
330
1B
100
AcDbEntity
  8
B.Cu
  6
CONTINUOUS
100
AcDbLine
 10
144.0694459999999992
 20
-80.7960659999999962
 30
0
 11
144.0694509999999866
 21
-80.7960709999999978
 31
0
  0
LINE
  5
D9
330
1B
100
AcDbEntity
  8
B.Cu
  6
CONTINUOUS
100
AcDbLine
 10
144.0694509999999866
 20
-80.7960709999999978
 30
0
 11
144.0883879999999806
 21
-80.8116119999999967
 31
0
  0
LINE
  5
DA
330
1B
100
AcDbEntity
  8
B.Cu
  6
CONTINUOUS
100
AcDbLine
 10
144.0883879999999806
 20
-80.8116119999999967
 30
0
 11
161.729344999999995
 21
-98.4525670000000019
 31
0
  0
LINE
  5
DB
330
1B
100
AcDbEntity
  8
B.Cu
  6
CONTINUOUS
100
AcDbLine
 10
161.729344999999995
 20
-98.4525670000000019
 30
0
 11
161.7891579999999863
 21
-98.4525670000000019
 31
0
  0
LINE
  5
DC
330
1B
100
AcDbEntity
  8
B.Cu
  6
CONTINUOUS
100
AcDbLine
 10
161.7891579999999863
 20
-98.4525670000000019
 30
0
 11
161.8648049999999898
 21
-98.4728360000000009
 31
0
  0
LINE
  5
DD
330
1B
100
AcDbEntity
  8
B.Cu
  6
CONTINUOUS
100
AcDbLine
 10
161.8648049999999898
 20
-98.4728360000000009
 30
0
 11
161.932627999999994
 21
-98.5119940000000014
 31
0
  0
LINE
  5
DE
330
1B
100
AcDbEntity
  8
B.Cu
  6
CONTINUOUS
100
AcDbLine
 10
161.932627999999994
 20
-98.5119940000000014
 30
0
 11
161.9880059999999844
 21
-98.5673719999999918
 31
0
  0
LINE
  5
DF
330
1B
100
AcDbEntity
  8
B.Cu
  6
CONTINUOUS
100
AcDbLine
 10
161.9880059999999844
 20
-98.5673719999999918
 30
0
 11
162.0271639999999991
 21
-98.635194999999996
 31
0
  0
LINE
  5
E0
330
1B
100
AcDbEntity
  8
B.Cu
  6
CONTINUOUS
100
AcDbLine
 10
162.0271639999999991
 20
-98.635194999999996
 30
0
 11
162.0474329999999838
 21
-98.7108419999999995
 31
0
  0
LINE
  5
E1
330
1B
100
AcDbEntity
  8
B.Cu
  6
CONTINUOUS
100
AcDbLine
 10
162.0474329999999838
 20
-98.7108419999999995
 30
0
 11
162.0474329999999838
 21
-98.7891580000000005
 31
0
  0
LINE
  5
E2
330
1B
100
AcDbEntity
  8
B.Cu
  6
CONTINUOUS
100
AcDbLine
 10
162.0474329999999838
 20
-98.7891580000000005
 30
0
 11
162.0271639999999991
 21
-98.8648049999999898
 31
0
  0
LINE
  5
E3
330
1B
100
AcDbEntity
  8
B.Cu
  6
CONTINUOUS
100
AcDbLine
 10
162.0271639999999991
 20
-98.8648049999999898
 30
0
 11
161.9880059999999844
 21
-98.932627999999994
 31
0
  0
LINE
  5
E4
330
1B
100
AcDbEntity
  8
B.Cu
  6
CONTINUOUS
100
AcDbLine
 10
161.9880059999999844
 20
-98.932627999999994
 30
0
 11
161.932627999999994
 21
-98.9880059999999986
 31
0
  0
LINE
  5
E5
330
1B
100
AcDbEntity
  8
B.Cu
  6
CONTINUOUS
100
AcDbLine
 10
161.932627999999994
 20
-98.9880059999999986
 30
0
 11
161.8648049999999898
 21
-99.0271639999999991
 31
0
  0
LINE
  5
E6
330
1B
100
AcDbEntity
  8
B.Cu
  6
CONTINUOUS
100
AcDbLine
 10
161.8648049999999898
 20
-99.0271639999999991
 30
0
 11
161.7891579999999863
 21
-99.0474329999999981
 31
0
  0
LINE
  5
E7
330
1B
100
AcDbEntity
  8
B.Cu
  6
CONTINUOUS
100
AcDbLine
 10
161.7891579999999863
 20
-99.0474329999999981
 30
0
 11
161.7108419999999853
 21
-99.0474329999999981
 31
0
  0
LINE
  5
E8
330
1B
100
AcDbEntity
  8
B.Cu
  6
CONTINUOUS
100
AcDbLine
 10
161.7108419999999853
 20
-99.0474329999999981
 30
0
 11
161.6351949999999817
 21
-99.0271639999999991
 31
0
  0
LINE
  5
E9
330
1B
100
AcDbEntity
  8
B.Cu
  6
CONTINUOUS
100
AcDbLine
 10
161.6351949999999817
 20
-99.0271639999999991
 30
0
 11
161.567372000000006
 21
-98.9880059999999986
 31
0
  0
LINE
  5
EA
330
1B
100
AcDbEntity
  8
B.Cu
  6
CONTINUOUS
100
AcDbLine
 10
161.567372000000006
 20
-98.9880059999999986
 30
0
 11
161.5119939999999872
 21
-98.932627999999994
 31
0
  0
LINE
  5
EB
330
1B
100
AcDbEntity
  8
B.Cu
  6
CONTINUOUS
100
AcDbLine
 10
161.5119939999999872
 20
-98.932627999999994
 30
0
 11
161.4728360000000009
 21
-98.8648049999999898
 31
0
  0
LINE
  5
EC
330
1B
100
AcDbEntity
  8
B.Cu
  6
CONTINUOUS
100
AcDbLine
 10
161.4728360000000009
 20
-98.8648049999999898
 30
0
 11
161.4525669999999877
 21
-98.7891580000000005
 31
0
  0
LINE
  5
ED
330
1B
100
AcDbEntity
  8
B.Cu
  6
CONTINUOUS
100
AcDbLine
 10
161.4525669999999877
 20
-98.7891580000000005
 30
0
 11
161.4525669999999877
 21
-98.7108419999999995
 31
0
  0
LINE
  5
EE
330
1B
100
AcDbEntity
  8
B.Cu
  6
CONTINUOUS
100
AcDbLine
 10
161.4525669999999877
 20
-98.7108419999999995
 30
0
 11
161.4728360000000009
 21
-98.635194999999996
 31
0
  0
LINE
  5
EF
330
1B
100
AcDbEntity
  8
B.Cu
  6
CONTINUOUS
100
AcDbLine
 10
161.4728360000000009
 20
-98.635194999999996
 30
0
 11
161.5041609999999821
 21
-98.5809369999999916
 31
0
  0
LINE
  5
F0
330
1B
100
AcDbEntity
  8
B.Cu
  6
CONTINUOUS
100
AcDbLine
 10
161.5041609999999821
 20
-98.5809369999999916
 30
0
 11
143.948223999999982
 21
-81.0249999999999915
 31
0
  0
LINE
  5
F1
330
1B
100
AcDbEntity
  8
B.Cu
  6
CONTINUOUS
100
AcDbLine
 10
143.948223999999982
 20
-81.0249999999999915
 30
0
 11
133.9000000000000057
 21
-81.0249999999999915
 31
0
  0
LINE
  5
F2
330
1B
100
AcDbEntity
  8
B.Cu
  6
CONTINUOUS
100
AcDbLine
 10
133.9000000000000057
 20
-81.0249999999999915
 30
0
 11
133.8756139999999846
 21
-81.0225980000000021
 31
0
  0
LINE
  5
F3
330
1B
100
AcDbEntity
  8
B.Cu
  6
CONTINUOUS
100
AcDbLine
 10
133.8756139999999846
 20
-81.0225980000000021
 30
0
 11
133.8756129999999871
 21
-81.0225980000000021
 31
0
  0
LINE
  5
F4
330
1B
100
AcDbEntity
  8
B.Cu
  6
CONTINUOUS
100
AcDbLine
 10
133.8756129999999871
 20
-81.0225980000000021
 30
0
 11
133.8739239999999882
 21
-81.0218979999999931
 31
0
  0
LINE
  5
F5
330
1B
100
AcDbEntity
  8
B.Cu
  6
CONTINUOUS
100
AcDbLine
 10
133.8739239999999882
 20
-81.0218979999999931
 30
0
 11
133.8648049999999898
 21
-81.0271639999999991
 31
0
  0
LINE
  5
F6
330
1B
100
AcDbEntity
  8
B.Cu
  6
CONTINUOUS
100
AcDbLine
 10
133.8648049999999898
 20
-81.0271639999999991
 30
0
 11
133.7891579999999863
 21
-81.0474329999999981
 31
0
  0
LINE
  5
F7
330
1B
100
AcDbEntity
  8
B.Cu
  6
CONTINUOUS
100
AcDbLine
 10
133.7891579999999863
 20
-81.0474329999999981
 30
0
 11
133.7108419999999853
 21
-81.0474329999999981
 31
0
  0
LINE
  5
F8
330
1B
100
AcDbEntity
  8
B.Cu
  6
CONTINUOUS
100
AcDbLine
 10
133.7108419999999853
 20
-81.0474329999999981
 30
0
 11
133.6351949999999817
 21
-81.0271639999999991
 31
0
  0
LINE
  5
F9
330
1B
100
AcDbEntity
  8
B.Cu
  6
CONTINUOUS
100
AcDbLine
 10
133.6351949999999817
 20
-81.0271639999999991
 30
0
 11
133.567372000000006
 21
-80.9880059999999986
 31
0
  0
LINE
  5
FA
330
1B
100
AcDbEntity
  8
B.Cu
  6
CONTINUOUS
100
AcDbLine
 10
133.567372000000006
 20
-80.9880059999999986
 30
0
 11
133.5119939999999872
 21
-80.932627999999994
 31
0
  0
LINE
  5
FB
330
1B
100
AcDbEntity
  8
B.Cu
  6
CONTINUOUS
100
AcDbLine
 10
133.5119939999999872
 20
-80.932627999999994
 30
0
 11
133.4728360000000009
 21
-80.8648049999999898
 31
0
  0
LINE
  5
FC
330
1B
100
AcDbEntity
  8
B.Cu
  6
CONTINUOUS
100
AcDbLine
 10
133.4728360000000009
 20
-80.8648049999999898
 30
0
 11
133.4525669999999877
 21
-80.7891580000000005
 31
0
  0
LINE
  5
FD
330
1B
100
AcDbEntity
  8
B.Cu
  6
CONTINUOUS
100
AcDbLine
 10
133.4525669999999877
 20
-80.7891580000000005
 30
0
 11
133.4525669999999877
 21
-80.7108419999999995
 31
0
  0
LINE
  5
FE
330
1B
100
AcDbEntity
  8
B.Cu
  6
CONTINUOUS
100
AcDbLine
 10
133.4525669999999877
 20
-80.7108419999999995
 30
0
 11
133.4728360000000009
 21
-80.635194999999996
 31
0
  0
LINE
  5
FF
330
1B
100
AcDbEntity
  8
B.Cu
  6
CONTINUOUS
100
AcDbLine
 10
133.4728360000000009
 20
-80.635194999999996
 30
0
 11
133.5119939999999872
 21
-80.5673719999999918
 31
0
  0
LINE
  5
100
330
1B
100
AcDbEntity
  8
B.Cu
  6
CONTINUOUS
100
AcDbLine
 10
133.5119939999999872
 20
-80.5673719999999918
 30
0
 11
133.567372000000006
 21
-80.5119940000000014
 31
0
  0
LINE
  5
101
330
1B
100
AcDbEntity
  8
B.Cu
  6
CONTINUOUS
100
AcDbLine
 10
133.567372000000006
 20
-80.5119940000000014
 30
0
 11
133.6351949999999817
 21
-80.4728360000000009
 31
0
  0
LINE
  5
102
330
1B
100
AcDbEntity
  8
B.Cu
  6
CONTINUOUS
100
AcDbLine
 10
133.6351949999999817
 20
-80.4728360000000009
 30
0
 11
133.7108419999999853
 21
-80.4525670000000019
 31
0
  0
LINE
  5
103
330
1B
100
AcDbEntity
  8
B.Cu
  6
CONTINUOUS
100
AcDbLine
 10
133.7108419999999853
 20
-80.4525670000000019
 30
0
 11
133.7891579999999863
 21
-80.4525670000000019
 31
0
  0
LINE
  5
104
330
1B
100
AcDbEntity
  8
B.Cu
  6
CONTINUOUS
100
AcDbLine
 10
133.7891579999999863
 20
-80.4525670000000019
 30
0
 11
133.8648049999999898
 21
-80.4728360000000009
 31
0
  0
LINE
  5
105
330
1B
100
AcDbEntity
  8
B.Cu
  6
CONTINUOUS
100
AcDbLine
 10
141.8648049999999898
 20
-67.9728360000000009
 30
0
 11
141.932627999999994
 21
-68.0119940000000014
 31
0
  0
LINE
  5
106
330
1B
100
AcDbEntity
  8
B.Cu
  6
CONTINUOUS
100
AcDbLine
 10
141.932627999999994
 20
-68.0119940000000014
 30
0
 11
141.9880059999999844
 21
-68.0673719999999918
 31
0
  0
LINE
  5
107
330
1B
100
AcDbEntity
  8
B.Cu
  6
CONTINUOUS
100
AcDbLine
 10
141.9880059999999844
 20
-68.0673719999999918
 30
0
 11
142.0271639999999991
 21
-68.135194999999996
 31
0
  0
LINE
  5
108
330
1B
100
AcDbEntity
  8
B.Cu
  6
CONTINUOUS
100
AcDbLine
 10
142.0271639999999991
 20
-68.135194999999996
 30
0
 11
142.0474329999999838
 21
-68.2108419999999995
 31
0
  0
LINE
  5
109
330
1B
100
AcDbEntity
  8
B.Cu
  6
CONTINUOUS
100
AcDbLine
 10
142.0474329999999838
 20
-68.2108419999999995
 30
0
 11
142.0474329999999838
 21
-68.2891580000000005
 31
0
  0
LINE
  5
10A
330
1B
100
AcDbEntity
  8
B.Cu
  6
CONTINUOUS
100
AcDbLine
 10
142.0474329999999838
 20
-68.2891580000000005
 30
0
 11
142.0271639999999991
 21
-68.3648049999999898
 31
0
  0
LINE
  5
10B
330
1B
100
AcDbEntity
  8
B.Cu
  6
CONTINUOUS
100
AcDbLine
 10
142.0271639999999991
 20
-68.3648049999999898
 30
0
 11
141.9880059999999844
 21
-68.432627999999994
 31
0
  0
LINE
  5
10C
330
1B
100
AcDbEntity
  8
B.Cu
  6
CONTINUOUS
100
AcDbLine
 10
141.9880059999999844
 20
-68.432627999999994
 30
0
 11
141.932627999999994
 21
-68.4880059999999986
 31
0
  0
LINE
  5
10D
330
1B
100
AcDbEntity
  8
B.Cu
  6
CONTINUOUS
100
AcDbLine
 10
141.932627999999994
 20
-68.4880059999999986
 30
0
 11
141.8648049999999898
 21
-68.5271639999999991
 31
0
  0
LINE
  5
10E
330
1B
100
AcDbEntity
  8
B.Cu
  6
CONTINUOUS
100
AcDbLine
 10
141.8648049999999898
 20
-68.5271639999999991
 30
0
 11
141.7891579999999863
 21
-68.5474329999999981
 31
0
  0
LINE
  5
10F
330
1B
100
AcDbEntity
  8
B.Cu
  6
CONTINUOUS
100
AcDbLine
 10
141.7891579999999863
 20
-68.5474329999999981
 30
0
 11
141.7108419999999853
 21
-68.5474329999999981
 31
0
  0
LINE
  5
110
330
1B
100
AcDbEntity
  8
B.Cu
  6
CONTINUOUS
100
AcDbLine
 10
141.7108419999999853
 20
-68.5474329999999981
 30
0
 11
141.6351949999999817
 21
-68.5271639999999991
 31
0
  0
LINE
  5
111
330
1B
100
AcDbEntity
  8
B.Cu
  6
CONTINUOUS
100
AcDbLine
 10
141.6351949999999817
 20
-68.5271639999999991
 30
0
 11
141.567372000000006
 21
-68.4880059999999986
 31
0
  0
LINE
  5
112
330
1B
100
AcDbEntity
  8
B.Cu
  6
CONTINUOUS
100
AcDbLine
 10
141.567372000000006
 20
-68.4880059999999986
 30
0
 11
141.5119939999999872
 21
-68.432627999999994
 31
0
  0
LINE
  5
113
330
1B
100
AcDbEntity
  8
B.Cu
  6
CONTINUOUS
100
AcDbLine
 10
141.5119939999999872
 20
-68.432627999999994
 30
0
 11
141.5075899999999933
 21
-68.4249999999999972
 31
0
  0
LINE
  5
114
330
1B
100
AcDbEntity
  8
B.Cu
  6
CONTINUOUS
100
AcDbLine
 10
141.5075899999999933
 20
-68.4249999999999972
 30
0
 11
141.2517760000000067
 21
-68.4249999999999972
 31
0
  0
LINE
  5
115
330
1B
100
AcDbEntity
  8
B.Cu
  6
CONTINUOUS
100
AcDbLine
 10
141.2517760000000067
 20
-68.4249999999999972
 30
0
 11
133.2249999999999943
 21
-76.4517759999999953
 31
0
  0
LINE
  5
116
330
1B
100
AcDbEntity
  8
B.Cu
  6
CONTINUOUS
100
AcDbLine
 10
133.2249999999999943
 20
-76.4517759999999953
 30
0
 11
133.2249999999999943
 21
-95.9482229999999987
 31
0
  0
LINE
  5
117
330
1B
100
AcDbEntity
  8
B.Cu
  6
CONTINUOUS
100
AcDbLine
 10
133.2249999999999943
 20
-95.9482229999999987
 30
0
 11
133.7293439999999975
 21
-96.4525670000000019
 31
0
  0
LINE
  5
118
330
1B
100
AcDbEntity
  8
B.Cu
  6
CONTINUOUS
100
AcDbLine
 10
133.7293439999999975
 20
-96.4525670000000019
 30
0
 11
133.7891579999999863
 21
-96.4525670000000019
 31
0
  0
LINE
  5
119
330
1B
100
AcDbEntity
  8
B.Cu
  6
CONTINUOUS
100
AcDbLine
 10
133.7891579999999863
 20
-96.4525670000000019
 30
0
 11
133.8648049999999898
 21
-96.4728360000000009
 31
0
  0
LINE
  5
11A
330
1B
100
AcDbEntity
  8
B.Cu
  6
CONTINUOUS
100
AcDbLine
 10
133.8648049999999898
 20
-96.4728360000000009
 30
0
 11
133.932627999999994
 21
-96.5119940000000014
 31
0
  0
LINE
  5
11B
330
1B
100
AcDbEntity
  8
B.Cu
  6
CONTINUOUS
100
AcDbLine
 10
133.932627999999994
 20
-96.5119940000000014
 30
0
 11
133.9880059999999844
 21
-96.5673719999999918
 31
0
  0
LINE
  5
11C
330
1B
100
AcDbEntity
  8
B.Cu
  6
CONTINUOUS
100
AcDbLine
 10
133.9880059999999844
 20
-96.5673719999999918
 30
0
 11
134.0271639999999991
 21
-96.635194999999996
 31
0
  0
LINE
  5
11D
330
1B
100
AcDbEntity
  8
B.Cu
  6
CONTINUOUS
100
AcDbLine
 10
134.0271639999999991
 20
-96.635194999999996
 30
0
 11
134.0474329999999838
 21
-96.7108419999999995
 31
0
  0
LINE
  5
11E
330
1B
100
AcDbEntity
  8
B.Cu
  6
CONTINUOUS
100
AcDbLine
 10
134.0474329999999838
 20
-96.7108419999999995
 30
0
 11
134.0474329999999838
 21
-96.7891580000000005
 31
0
  0
LINE
  5
11F
330
1B
100
AcDbEntity
  8
B.Cu
  6
CONTINUOUS
100
AcDbLine
 10
134.0474329999999838
 20
-96.7891580000000005
 30
0
 11
134.0271639999999991
 21
-96.8648049999999898
 31
0
  0
LINE
  5
120
330
1B
100
AcDbEntity
  8
B.Cu
  6
CONTINUOUS
100
AcDbLine
 10
134.0271639999999991
 20
-96.8648049999999898
 30
0
 11
133.9880059999999844
 21
-96.932627999999994
 31
0
  0
LINE
  5
121
330
1B
100
AcDbEntity
  8
B.Cu
  6
CONTINUOUS
100
AcDbLine
 10
133.9880059999999844
 20
-96.932627999999994
 30
0
 11
133.932627999999994
 21
-96.9880059999999986
 31
0
  0
LINE
  5
122
330
1B
100
AcDbEntity
  8
B.Cu
  6
CONTINUOUS
100
AcDbLine
 10
133.932627999999994
 20
-96.9880059999999986
 30
0
 11
133.8648049999999898
 21
-97.0271639999999991
 31
0
  0
LINE
  5
123
330
1B
100
AcDbEntity
  8
B.Cu
  6
CONTINUOUS
100
AcDbLine
 10
133.8648049999999898
 20
-97.0271639999999991
 30
0
 11
133.7891579999999863
 21
-97.0474329999999981
 31
0
  0
LINE
  5
124
330
1B
100
AcDbEntity
  8
B.Cu
  6
CONTINUOUS
100
AcDbLine
 10
133.7891579999999863
 20
-97.0474329999999981
 30
0
 11
133.7108419999999853
 21
-97.0474329999999981
 31
0
  0
LINE
  5
125
330
1B
100
AcDbEntity
  8
B.Cu
  6
CONTINUOUS
100
AcDbLine
 10
133.7108419999999853
 20
-97.0474329999999981
 30
0
 11
133.6351949999999817
 21
-97.0271639999999991
 31
0
  0
LINE
  5
126
330
1B
100
AcDbEntity
  8
B.Cu
  6
CONTINUOUS
100
AcDbLine
 10
133.6351949999999817
 20
-97.0271639999999991
 30
0
 11
133.567372000000006
 21
-96.9880059999999986
 31
0
  0
LINE
  5
127
330
1B
100
AcDbEntity
  8
B.Cu
  6
CONTINUOUS
100
AcDbLine
 10
133.567372000000006
 20
-96.9880059999999986
 30
0
 11
133.5119939999999872
 21
-96.932627999999994
 31
0
  0
LINE
  5
128
330
1B
100
AcDbEntity
  8
B.Cu
  6
CONTINUOUS
100
AcDbLine
 10
133.5119939999999872
 20
-96.932627999999994
 30
0
 11
133.4728360000000009
 21
-96.8648049999999898
 31
0
  0
LINE
  5
129
330
1B
100
AcDbEntity
  8
B.Cu
  6
CONTINUOUS
100
AcDbLine
 10
133.4728360000000009
 20
-96.8648049999999898
 30
0
 11
133.4525669999999877
 21
-96.7891580000000005
 31
0
  0
LINE
  5
12A
330
1B
100
AcDbEntity
  8
B.Cu
  6
CONTINUOUS
100
AcDbLine
 10
133.4525669999999877
 20
-96.7891580000000005
 30
0
 11
133.4525669999999877
 21
-96.7108419999999995
 31
0
  0
LINE
  5
12B
330
1B
100
AcDbEntity
  8
B.Cu
  6
CONTINUOUS
100
AcDbLine
 10
133.4525669999999877
 20
-96.7108419999999995
 30
0
 11
133.4728360000000009
 21
-96.635194999999996
 31
0
  0
LINE
  5
12C
330
1B
100
AcDbEntity
  8
B.Cu
  6
CONTINUOUS
100
AcDbLine
 10
133.4728360000000009
 20
-96.635194999999996
 30
0
 11
133.5041609999999821
 21
-96.5809369999999916
 31
0
  0
LINE
  5
12D
330
1B
100
AcDbEntity
  8
B.Cu
  6
CONTINUOUS
100
AcDbLine
 10
133.5041609999999821
 20
-96.5809369999999916
 30
0
 11
133.0116119999999853
 21
-96.0883879999999948
 31
0
  0
LINE
  5
12E
330
1B
100
AcDbEntity
  8
B.Cu
  6
CONTINUOUS
100
AcDbLine
 10
133.0116119999999853
 20
-96.0883879999999948
 30
0
 11
132.9960710000000006
 21
-96.0694510000000008
 31
0
  0
LINE
  5
12F
330
1B
100
AcDbEntity
  8
B.Cu
  6
CONTINUOUS
100
AcDbLine
 10
132.9960710000000006
 20
-96.0694510000000008
 30
0
 11
132.9960659999999848
 21
-96.0694459999999992
 31
0
  0
LINE
  5
130
330
1B
100
AcDbEntity
  8
B.Cu
  6
CONTINUOUS
100
AcDbLine
 10
132.9960659999999848
 20
-96.0694459999999992
 30
0
 11
132.9774019999999837
 21
-96.0243859999999927
 31
0
  0
LINE
  5
131
330
1B
100
AcDbEntity
  8
B.Cu
  6
CONTINUOUS
100
AcDbLine
 10
132.9774019999999837
 20
-96.0243859999999927
 30
0
 11
132.9749999999999943
 21
-96.
 31
0
  0
LINE
  5
132
330
1B
100
AcDbEntity
  8
B.Cu
  6
CONTINUOUS
100
AcDbLine
 10
132.9749999999999943
 20
-96.
 30
0
 11
132.9749999999999943
 21
-76.3999999999999915
 31
0
  0
LINE
  5
133
330
1B
100
AcDbEntity
  8
B.Cu
  6
CONTINUOUS
100
AcDbLine
 10
132.9749999999999943
 20
-76.3999999999999915
 30
0
 11
132.9774019999999837
 21
-76.3756139999999988
 31
0
  0
LINE
  5
134
330
1B
100
AcDbEntity
  8
B.Cu
  6
CONTINUOUS
100
AcDbLine
 10
132.9774019999999837
 20
-76.3756139999999988
 30
0
 11
132.9960659999999848
 21
-76.3305539999999922
 31
0
  0
LINE
  5
135
330
1B
100
AcDbEntity
  8
B.Cu
  6
CONTINUOUS
100
AcDbLine
 10
132.9960659999999848
 20
-76.3305539999999922
 30
0
 11
132.9960710000000006
 21
-76.3305479999999932
 31
0
  0
LINE
  5
136
330
1B
100
AcDbEntity
  8
B.Cu
  6
CONTINUOUS
100
AcDbLine
 10
132.9960710000000006
 20
-76.3305479999999932
 30
0
 11
133.0116119999999853
 21
-76.3116119999999967
 31
0
  0
LINE
  5
137
330
1B
100
AcDbEntity
  8
B.Cu
  6
CONTINUOUS
100
AcDbLine
 10
133.0116119999999853
 20
-76.3116119999999967
 30
0
 11
141.1116119999999796
 21
-68.2116120000000024
 31
0
  0
LINE
  5
138
330
1B
100
AcDbEntity
  8
B.Cu
  6
CONTINUOUS
100
AcDbLine
 10
141.1116119999999796
 20
-68.2116120000000024
 30
0
 11
141.1305480000000045
 21
-68.1960710000000034
 31
0
  0
LINE
  5
139
330
1B
100
AcDbEntity
  8
B.Cu
  6
CONTINUOUS
100
AcDbLine
 10
141.1305480000000045
 20
-68.1960710000000034
 30
0
 11
141.1305539999999894
 21
-68.1960660000000018
 31
0
  0
LINE
  5
13A
330
1B
100
AcDbEntity
  8
B.Cu
  6
CONTINUOUS
100
AcDbLine
 10
141.1305539999999894
 20
-68.1960660000000018
 30
0
 11
141.1624149999999815
 21
-68.1828679999999991
 31
0
  0
LINE
  5
13B
330
1B
100
AcDbEntity
  8
B.Cu
  6
CONTINUOUS
100
AcDbLine
 10
141.1624149999999815
 20
-68.1828679999999991
 30
0
 11
141.1756129999999985
 21
-68.1774020000000007
 31
0
  0
LINE
  5
13C
330
1B
100
AcDbEntity
  8
B.Cu
  6
CONTINUOUS
100
AcDbLine
 10
141.1756129999999985
 20
-68.1774020000000007
 30
0
 11
141.1756139999999959
 21
-68.1774020000000007
 31
0
  0
LINE
  5
13D
330
1B
100
AcDbEntity
  8
B.Cu
  6
CONTINUOUS
100
AcDbLine
 10
141.1756139999999959
 20
-68.1774020000000007
 30
0
 11
141.1999999999999886
 21
-68.1749999999999972
 31
0
  0
LINE
  5
13E
330
1B
100
AcDbEntity
  8
B.Cu
  6
CONTINUOUS
100
AcDbLine
 10
141.1999999999999886
 20
-68.1749999999999972
 30
0
 11
141.4621709999999837
 21
-68.1749999999999972
 31
0
  0
LINE
  5
13F
330
1B
100
AcDbEntity
  8
B.Cu
  6
CONTINUOUS
100
AcDbLine
 10
141.4621709999999837
 20
-68.1749999999999972
 30
0
 11
141.4728360000000009
 21
-68.135194999999996
 31
0
  0
LINE
  5
140
330
1B
100
AcDbEntity
  8
B.Cu
  6
CONTINUOUS
100
AcDbLine
 10
141.4728360000000009
 20
-68.135194999999996
 30
0
 11
141.5119939999999872
 21
-68.0673719999999918
 31
0
  0
LINE
  5
141
330
1B
100
AcDbEntity
  8
B.Cu
  6
CONTINUOUS
100
AcDbLine
 10
141.5119939999999872
 20
-68.0673719999999918
 30
0
 11
141.567372000000006
 21
-68.0119940000000014
 31
0
  0
LINE
  5
142
330
1B
100
AcDbEntity
  8
B.Cu
  6
CONTINUOUS
100
AcDbLine
 10
141.567372000000006
 20
-68.0119940000000014
 30
0
 11
141.6351949999999817
 21
-67.9728360000000009
 31
0
  0
LINE
  5
143
330
1B
100
AcDbEntity
  8
B.Cu
  6
CONTINUOUS
100
AcDbLine
 10
141.6351949999999817
 20
-67.9728360000000009
 30
0
 11
141.7108419999999853
 21
-67.9525670000000019
 31
0
  0
LINE
  5
144
330
1B
100
AcDbEntity
  8
B.Cu
  6
CONTINUOUS
100
AcDbLine
 10
141.7108419999999853
 20
-67.9525670000000019
 30
0
 11
141.7891579999999863
 21
-67.9525670000000019
 31
0
  0
LINE
  5
145
330
1B
100
AcDbEntity
  8
B.Cu
  6
CONTINUOUS
100
AcDbLine
 10
141.7891579999999863
 20
-67.9525670000000019
 30
0
 11
141.8648049999999898
 21
-67.9728360000000009
 31
0
  0
LINE
  5
146
330
1B
100
AcDbEntity
  8
B.Cu
  6
CONTINUOUS
100
AcDbLine
 10
144.124385999999987
 20
-67.4774019999999979
 30
0
 11
144.1243869999999845
 21
-67.4774019999999979
 31
0
  0
LINE
  5
147
330
1B
100
AcDbEntity
  8
B.Cu
  6
CONTINUOUS
100
AcDbLine
 10
144.1243869999999845
 20
-67.4774019999999979
 30
0
 11
144.1375840000000039
 21
-67.4828679999999963
 31
0
  0
LINE
  5
148
330
1B
100
AcDbEntity
  8
B.Cu
  6
CONTINUOUS
100
AcDbLine
 10
144.1375840000000039
 20
-67.4828679999999963
 30
0
 11
144.1694459999999935
 21
-67.496065999999999
 31
0
  0
LINE
  5
149
330
1B
100
AcDbEntity
  8
B.Cu
  6
CONTINUOUS
100
AcDbLine
 10
144.1694459999999935
 20
-67.496065999999999
 30
0
 11
144.1694509999999809
 21
-67.4960710000000006
 31
0
  0
LINE
  5
14A
330
1B
100
AcDbEntity
  8
B.Cu
  6
CONTINUOUS
100
AcDbLine
 10
144.1694509999999809
 20
-67.4960710000000006
 30
0
 11
144.1883880000000033
 21
-67.5116119999999995
 31
0
  0
LINE
  5
14B
330
1B
100
AcDbEntity
  8
B.Cu
  6
CONTINUOUS
100
AcDbLine
 10
144.1883880000000033
 20
-67.5116119999999995
 30
0
 11
163.3517769999999985
 21
-86.6749999999999972
 31
0
  0
LINE
  5
14C
330
1B
100
AcDbEntity
  8
B.Cu
  6
CONTINUOUS
100
AcDbLine
 10
163.3517769999999985
 20
-86.6749999999999972
 30
0
 11
167.4621709999999837
 21
-86.6749999999999972
 31
0
  0
LINE
  5
14D
330
1B
100
AcDbEntity
  8
B.Cu
  6
CONTINUOUS
100
AcDbLine
 10
167.4621709999999837
 20
-86.6749999999999972
 30
0
 11
167.4728360000000009
 21
-86.635194999999996
 31
0
  0
LINE
  5
14E
330
1B
100
AcDbEntity
  8
B.Cu
  6
CONTINUOUS
100
AcDbLine
 10
167.4728360000000009
 20
-86.635194999999996
 30
0
 11
167.5119939999999872
 21
-86.5673719999999918
 31
0
  0
LINE
  5
14F
330
1B
100
AcDbEntity
  8
B.Cu
  6
CONTINUOUS
100
AcDbLine
 10
167.5119939999999872
 20
-86.5673719999999918
 30
0
 11
167.567372000000006
 21
-86.5119940000000014
 31
0
  0
LINE
  5
150
330
1B
100
AcDbEntity
  8
B.Cu
  6
CONTINUOUS
100
AcDbLine
 10
167.567372000000006
 20
-86.5119940000000014
 30
0
 11
167.6351949999999817
 21
-86.4728360000000009
 31
0
  0
LINE
  5
151
330
1B
100
AcDbEntity
  8
B.Cu
  6
CONTINUOUS
100
AcDbLine
 10
167.6351949999999817
 20
-86.4728360000000009
 30
0
 11
167.7108419999999853
 21
-86.4525670000000019
 31
0
  0
LINE
  5
152
330
1B
100
AcDbEntity
  8
B.Cu
  6
CONTINUOUS
100
AcDbLine
 10
167.7108419999999853
 20
-86.4525670000000019
 30
0
 11
167.7891579999999863
 21
-86.4525670000000019
 31
0
  0
LINE
  5
153
330
1B
100
AcDbEntity
  8
B.Cu
  6
CONTINUOUS
100
AcDbLine
 10
167.7891579999999863
 20
-86.4525670000000019
 30
0
 11
167.8648049999999898
 21
-86.4728360000000009
 31
0
  0
LINE
  5
154
330
1B
100
AcDbEntity
  8
B.Cu
  6
CONTINUOUS
100
AcDbLine
 10
167.8648049999999898
 20
-86.4728360000000009
 30
0
 11
167.932627999999994
 21
-86.5119940000000014
 31
0
  0
LINE
  5
155
330
1B
100
AcDbEntity
  8
B.Cu
  6
CONTINUOUS
100
AcDbLine
 10
167.932627999999994
 20
-86.5119940000000014
 30
0
 11
167.9880059999999844
 21
-86.5673719999999918
 31
0
  0
LINE
  5
156
330
1B
100
AcDbEntity
  8
B.Cu
  6
CONTINUOUS
100
AcDbLine
 10
167.9880059999999844
 20
-86.5673719999999918
 30
0
 11
168.0271639999999991
 21
-86.635194999999996
 31
0
  0
LINE
  5
157
330
1B
100
AcDbEntity
  8
B.Cu
  6
CONTINUOUS
100
AcDbLine
 10
168.0271639999999991
 20
-86.635194999999996
 30
0
 11
168.0378289999999879
 21
-86.6749999999999972
 31
0
  0
LINE
  5
158
330
1B
100
AcDbEntity
  8
B.Cu
  6
CONTINUOUS
100
AcDbLine
 10
168.0378289999999879
 20
-86.6749999999999972
 30
0
 11
177.
 21
-86.6749999999999972
 31
0
  0
LINE
  5
159
330
1B
100
AcDbEntity
  8
B.Cu
  6
CONTINUOUS
100
AcDbLine
 10
177.
 20
-86.6749999999999972
 30
0
 11
177.0243859999999927
 21
-86.6774020000000007
 31
0
  0
LINE
  5
15A
330
1B
100
AcDbEntity
  8
B.Cu
  6
CONTINUOUS
100
AcDbLine
 10
177.0243859999999927
 20
-86.6774020000000007
 30
0
 11
177.0243869999999902
 21
-86.6774020000000007
 31
0
  0
LINE
  5
15B
330
1B
100
AcDbEntity
  8
B.Cu
  6
CONTINUOUS
100
AcDbLine
 10
177.0243869999999902
 20
-86.6774020000000007
 30
0
 11
177.0319959999999924
 21
-86.6805540000000008
 31
0
  0
LINE
  5
15C
330
1B
100
AcDbEntity
  8
B.Cu
  6
CONTINUOUS
100
AcDbLine
 10
177.0319959999999924
 20
-86.6805540000000008
 30
0
 11
177.0694459999999992
 21
-86.6960660000000018
 31
0
  0
LINE
  5
15D
330
1B
100
AcDbEntity
  8
B.Cu
  6
CONTINUOUS
100
AcDbLine
 10
177.0694459999999992
 20
-86.6960660000000018
 30
0
 11
177.0694509999999866
 21
-86.6960709999999892
 31
0
  0
LINE
  5
15E
330
1B
100
AcDbEntity
  8
B.Cu
  6
CONTINUOUS
100
AcDbLine
 10
177.0694509999999866
 20
-86.6960709999999892
 30
0
 11
177.0883879999999806
 21
-86.7116120000000024
 31
0
  0
LINE
  5
15F
330
1B
100
AcDbEntity
  8
B.Cu
  6
CONTINUOUS
100
AcDbLine
 10
177.0883879999999806
 20
-86.7116120000000024
 30
0
 11
186.844050999999979
 21
-96.4672750000000008
 31
0
  0
LINE
  5
160
330
1B
100
AcDbEntity
  8
B.Cu
  6
CONTINUOUS
100
AcDbLine
 10
186.844050999999979
 20
-96.4672750000000008
 30
0
 11
186.8648049999999898
 21
-96.4728360000000009
 31
0
  0
LINE
  5
161
330
1B
100
AcDbEntity
  8
B.Cu
  6
CONTINUOUS
100
AcDbLine
 10
186.8648049999999898
 20
-96.4728360000000009
 30
0
 11
186.932627999999994
 21
-96.5119940000000014
 31
0
  0
LINE
  5
162
330
1B
100
AcDbEntity
  8
B.Cu
  6
CONTINUOUS
100
AcDbLine
 10
186.932627999999994
 20
-96.5119940000000014
 30
0
 11
186.9880059999999844
 21
-96.5673719999999918
 31
0
  0
LINE
  5
163
330
1B
100
AcDbEntity
  8
B.Cu
  6
CONTINUOUS
100
AcDbLine
 10
186.9880059999999844
 20
-96.5673719999999918
 30
0
 11
187.0271639999999991
 21
-96.635194999999996
 31
0
  0
LINE
  5
164
330
1B
100
AcDbEntity
  8
B.Cu
  6
CONTINUOUS
100
AcDbLine
 10
187.0271639999999991
 20
-96.635194999999996
 30
0
 11
187.0474329999999838
 21
-96.7108419999999995
 31
0
  0
LINE
  5
165
330
1B
100
AcDbEntity
  8
B.Cu
  6
CONTINUOUS
100
AcDbLine
 10
187.0474329999999838
 20
-96.7108419999999995
 30
0
 11
187.0474329999999838
 21
-96.7891580000000005
 31
0
  0
LINE
  5
166
330
1B
100
AcDbEntity
  8
B.Cu
  6
CONTINUOUS
100
AcDbLine
 10
187.0474329999999838
 20
-96.7891580000000005
 30
0
 11
187.0271639999999991
 21
-96.8648049999999898
 31
0
  0
LINE
  5
167
330
1B
100
AcDbEntity
  8
B.Cu
  6
CONTINUOUS
100
AcDbLine
 10
187.0271639999999991
 20
-96.8648049999999898
 30
0
 11
186.9880059999999844
 21
-96.932627999999994
 31
0
  0
LINE
  5
168
330
1B
100
AcDbEntity
  8
B.Cu
  6
CONTINUOUS
100
AcDbLine
 10
186.9880059999999844
 20
-96.932627999999994
 30
0
 11
186.932627999999994
 21
-96.9880059999999986
 31
0
  0
LINE
  5
169
330
1B
100
AcDbEntity
  8
B.Cu
  6
CONTINUOUS
100
AcDbLine
 10
186.932627999999994
 20
-96.9880059999999986
 30
0
 11
186.8648049999999898
 21
-97.0271639999999991
 31
0
  0
LINE
  5
16A
330
1B
100
AcDbEntity
  8
B.Cu
  6
CONTINUOUS
100
AcDbLine
 10
186.8648049999999898
 20
-97.0271639999999991
 30
0
 11
186.7891579999999863
 21
-97.0474329999999981
 31
0
  0
LINE
  5
16B
330
1B
100
AcDbEntity
  8
B.Cu
  6
CONTINUOUS
100
AcDbLine
 10
186.7891579999999863
 20
-97.0474329999999981
 30
0
 11
186.7108419999999853
 21
-97.0474329999999981
 31
0
  0
LINE
  5
16C
330
1B
100
AcDbEntity
  8
B.Cu
  6
CONTINUOUS
100
AcDbLine
 10
186.7108419999999853
 20
-97.0474329999999981
 30
0
 11
186.6351949999999817
 21
-97.0271639999999991
 31
0
  0
LINE
  5
16D
330
1B
100
AcDbEntity
  8
B.Cu
  6
CONTINUOUS
100
AcDbLine
 10
186.6351949999999817
 20
-97.0271639999999991
 30
0
 11
186.5673719999999776
 21
-96.9880059999999986
 31
0
  0
LINE
  5
16E
330
1B
100
AcDbEntity
  8
B.Cu
  6
CONTINUOUS
100
AcDbLine
 10
186.5673719999999776
 20
-96.9880059999999986
 30
0
 11
186.5119939999999872
 21
-96.932627999999994
 31
0
  0
LINE
  5
16F
330
1B
100
AcDbEntity
  8
B.Cu
  6
CONTINUOUS
100
AcDbLine
 10
186.5119939999999872
 20
-96.932627999999994
 30
0
 11
186.4728360000000009
 21
-96.8648049999999898
 31
0
  0
LINE
  5
170
330
1B
100
AcDbEntity
  8
B.Cu
  6
CONTINUOUS
100
AcDbLine
 10
186.4728360000000009
 20
-96.8648049999999898
 30
0
 11
186.4525669999999877
 21
-96.7891580000000005
 31
0
  0
LINE
  5
171
330
1B
100
AcDbEntity
  8
B.Cu
  6
CONTINUOUS
100
AcDbLine
 10
186.4525669999999877
 20
-96.7891580000000005
 30
0
 11
186.4525669999999877
 21
-96.7108419999999995
 31
0
  0
LINE
  5
172
330
1B
100
AcDbEntity
  8
B.Cu
  6
CONTINUOUS
100
AcDbLine
 10
186.4525669999999877
 20
-96.7108419999999995
 30
0
 11
186.4728360000000009
 21
-96.635194999999996
 31
0
  0
LINE
  5
173
330
1B
100
AcDbEntity
  8
B.Cu
  6
CONTINUOUS
100
AcDbLine
 10
186.4728360000000009
 20
-96.635194999999996
 30
0
 11
186.5119939999999872
 21
-96.5673719999999918
 31
0
  0
LINE
  5
174
330
1B
100
AcDbEntity
  8
B.Cu
  6
CONTINUOUS
100
AcDbLine
 10
186.5119939999999872
 20
-96.5673719999999918
 30
0
 11
186.5512949999999819
 21
-96.5280709999999971
 31
0
  0
LINE
  5
175
330
1B
100
AcDbEntity
  8
B.Cu
  6
CONTINUOUS
100
AcDbLine
 10
186.5512949999999819
 20
-96.5280709999999971
 30
0
 11
176.948223999999982
 21
-86.9249999999999972
 31
0
  0
LINE
  5
176
330
1B
100
AcDbEntity
  8
B.Cu
  6
CONTINUOUS
100
AcDbLine
 10
176.948223999999982
 20
-86.9249999999999972
 30
0
 11
167.9924099999999783
 21
-86.9249999999999972
 31
0
  0
LINE
  5
177
330
1B
100
AcDbEntity
  8
B.Cu
  6
CONTINUOUS
100
AcDbLine
 10
167.9924099999999783
 20
-86.9249999999999972
 30
0
 11
167.9880059999999844
 21
-86.932627999999994
 31
0
  0
LINE
  5
178
330
1B
100
AcDbEntity
  8
B.Cu
  6
CONTINUOUS
100
AcDbLine
 10
167.9880059999999844
 20
-86.932627999999994
 30
0
 11
167.932627999999994
 21
-86.9880059999999986
 31
0
  0
LINE
  5
179
330
1B
100
AcDbEntity
  8
B.Cu
  6
CONTINUOUS
100
AcDbLine
 10
167.932627999999994
 20
-86.9880059999999986
 30
0
 11
167.8648049999999898
 21
-87.0271639999999991
 31
0
  0
LINE
  5
17A
330
1B
100
AcDbEntity
  8
B.Cu
  6
CONTINUOUS
100
AcDbLine
 10
167.8648049999999898
 20
-87.0271639999999991
 30
0
 11
167.7891579999999863
 21
-87.0474329999999981
 31
0
  0
LINE
  5
17B
330
1B
100
AcDbEntity
  8
B.Cu
  6
CONTINUOUS
100
AcDbLine
 10
167.7891579999999863
 20
-87.0474329999999981
 30
0
 11
167.7108419999999853
 21
-87.0474329999999981
 31
0
  0
LINE
  5
17C
330
1B
100
AcDbEntity
  8
B.Cu
  6
CONTINUOUS
100
AcDbLine
 10
167.7108419999999853
 20
-87.0474329999999981
 30
0
 11
167.6351949999999817
 21
-87.0271639999999991
 31
0
  0
LINE
  5
17D
330
1B
100
AcDbEntity
  8
B.Cu
  6
CONTINUOUS
100
AcDbLine
 10
167.6351949999999817
 20
-87.0271639999999991
 30
0
 11
167.567372000000006
 21
-86.9880059999999986
 31
0
  0
LINE
  5
17E
330
1B
100
AcDbEntity
  8
B.Cu
  6
CONTINUOUS
100
AcDbLine
 10
167.567372000000006
 20
-86.9880059999999986
 30
0
 11
167.5119939999999872
 21
-86.932627999999994
 31
0
  0
LINE
  5
17F
330
1B
100
AcDbEntity
  8
B.Cu
  6
CONTINUOUS
100
AcDbLine
 10
167.5119939999999872
 20
-86.932627999999994
 30
0
 11
167.5075899999999933
 21
-86.9249999999999972
 31
0
  0
LINE
  5
180
330
1B
100
AcDbEntity
  8
B.Cu
  6
CONTINUOUS
100
AcDbLine
 10
167.5075899999999933
 20
-86.9249999999999972
 30
0
 11
163.2999999999999829
 21
-86.9249999999999972
 31
0
  0
LINE
  5
181
330
1B
100
AcDbEntity
  8
B.Cu
  6
CONTINUOUS
100
AcDbLine
 10
163.2999999999999829
 20
-86.9249999999999972
 30
0
 11
163.2756139999999903
 21
-86.9225979999999936
 31
0
  0
LINE
  5
182
330
1B
100
AcDbEntity
  8
B.Cu
  6
CONTINUOUS
100
AcDbLine
 10
163.2756139999999903
 20
-86.9225979999999936
 30
0
 11
163.2756129999999928
 21
-86.9225979999999936
 31
0
  0
LINE
  5
183
330
1B
100
AcDbEntity
  8
B.Cu
  6
CONTINUOUS
100
AcDbLine
 10
163.2756129999999928
 20
-86.9225979999999936
 30
0
 11
163.2569489999999917
 21
-86.9148659999999893
 31
0
  0
LINE
  5
184
330
1B
100
AcDbEntity
  8
B.Cu
  6
CONTINUOUS
100
AcDbLine
 10
163.2569489999999917
 20
-86.9148659999999893
 30
0
 11
163.2305539999999837
 21
-86.9039339999999925
 31
0
  0
LINE
  5
185
330
1B
100
AcDbEntity
  8
B.Cu
  6
CONTINUOUS
100
AcDbLine
 10
163.2305539999999837
 20
-86.9039339999999925
 30
0
 11
163.2305529999999862
 21
-86.903932999999995
 31
0
  0
LINE
  5
186
330
1B
100
AcDbEntity
  8
B.Cu
  6
CONTINUOUS
100
AcDbLine
 10
163.2305529999999862
 20
-86.903932999999995
 30
0
 11
163.2116110000000049
 21
-86.888387999999992
 31
0
  0
LINE
  5
187
330
1B
100
AcDbEntity
  8
B.Cu
  6
CONTINUOUS
100
AcDbLine
 10
163.2116110000000049
 20
-86.888387999999992
 30
0
 11
144.0482240000000047
 21
-67.7249999999999943
 31
0
  0
LINE
  5
188
330
1B
100
AcDbEntity
  8
B.Cu
  6
CONTINUOUS
100
AcDbLine
 10
144.0482240000000047
 20
-67.7249999999999943
 30
0
 11
139.4517759999999953
 21
-67.7249999999999943
 31
0
  0
LINE
  5
189
330
1B
100
AcDbEntity
  8
B.Cu
  6
CONTINUOUS
100
AcDbLine
 10
139.4517759999999953
 20
-67.7249999999999943
 30
0
 11
131.9249999999999829
 21
-75.2517759999999925
 31
0
  0
LINE
  5
18A
330
1B
100
AcDbEntity
  8
B.Cu
  6
CONTINUOUS
100
AcDbLine
 10
131.9249999999999829
 20
-75.2517759999999925
 30
0
 11
131.9249999999999829
 21
-76.5075889999999958
 31
0
  0
LINE
  5
18B
330
1B
100
AcDbEntity
  8
B.Cu
  6
CONTINUOUS
100
AcDbLine
 10
131.9249999999999829
 20
-76.5075889999999958
 30
0
 11
131.932627999999994
 21
-76.5119940000000014
 31
0
  0
LINE
  5
18C
330
1B
100
AcDbEntity
  8
B.Cu
  6
CONTINUOUS
100
AcDbLine
 10
131.932627999999994
 20
-76.5119940000000014
 30
0
 11
131.9880059999999844
 21
-76.5673719999999918
 31
0
  0
LINE
  5
18D
330
1B
100
AcDbEntity
  8
B.Cu
  6
CONTINUOUS
100
AcDbLine
 10
131.9880059999999844
 20
-76.5673719999999918
 30
0
 11
132.0271639999999991
 21
-76.635194999999996
 31
0
  0
LINE
  5
18E
330
1B
100
AcDbEntity
  8
B.Cu
  6
CONTINUOUS
100
AcDbLine
 10
132.0271639999999991
 20
-76.635194999999996
 30
0
 11
132.0474329999999838
 21
-76.7108419999999995
 31
0
  0
LINE
  5
18F
330
1B
100
AcDbEntity
  8
B.Cu
  6
CONTINUOUS
100
AcDbLine
 10
132.0474329999999838
 20
-76.7108419999999995
 30
0
 11
132.0474329999999838
 21
-76.7891580000000005
 31
0
  0
LINE
  5
190
330
1B
100
AcDbEntity
  8
B.Cu
  6
CONTINUOUS
100
AcDbLine
 10
132.0474329999999838
 20
-76.7891580000000005
 30
0
 11
132.0271639999999991
 21
-76.8648049999999898
 31
0
  0
LINE
  5
191
330
1B
100
AcDbEntity
  8
B.Cu
  6
CONTINUOUS
100
AcDbLine
 10
132.0271639999999991
 20
-76.8648049999999898
 30
0
 11
131.9880059999999844
 21
-76.932627999999994
 31
0
  0
LINE
  5
192
330
1B
100
AcDbEntity
  8
B.Cu
  6
CONTINUOUS
100
AcDbLine
 10
131.9880059999999844
 20
-76.932627999999994
 30
0
 11
131.932627999999994
 21
-76.9880059999999986
 31
0
  0
LINE
  5
193
330
1B
100
AcDbEntity
  8
B.Cu
  6
CONTINUOUS
100
AcDbLine
 10
131.932627999999994
 20
-76.9880059999999986
 30
0
 11
131.8648049999999898
 21
-77.0271639999999991
 31
0
  0
LINE
  5
194
330
1B
100
AcDbEntity
  8
B.Cu
  6
CONTINUOUS
100
AcDbLine
 10
131.8648049999999898
 20
-77.0271639999999991
 30
0
 11
131.7891579999999863
 21
-77.0474329999999981
 31
0
  0
LINE
  5
195
330
1B
100
AcDbEntity
  8
B.Cu
  6
CONTINUOUS
100
AcDbLine
 10
131.7891579999999863
 20
-77.0474329999999981
 30
0
 11
131.7108419999999853
 21
-77.0474329999999981
 31
0
  0
LINE
  5
196
330
1B
100
AcDbEntity
  8
B.Cu
  6
CONTINUOUS
100
AcDbLine
 10
131.7108419999999853
 20
-77.0474329999999981
 30
0
 11
131.6351949999999817
 21
-77.0271639999999991
 31
0
  0
LINE
  5
197
330
1B
100
AcDbEntity
  8
B.Cu
  6
CONTINUOUS
100
AcDbLine
 10
131.6351949999999817
 20
-77.0271639999999991
 30
0
 11
131.567372000000006
 21
-76.9880059999999986
 31
0
  0
LINE
  5
198
330
1B
100
AcDbEntity
  8
B.Cu
  6
CONTINUOUS
100
AcDbLine
 10
131.567372000000006
 20
-76.9880059999999986
 30
0
 11
131.5119939999999872
 21
-76.932627999999994
 31
0
  0
LINE
  5
199
330
1B
100
AcDbEntity
  8
B.Cu
  6
CONTINUOUS
100
AcDbLine
 10
131.5119939999999872
 20
-76.932627999999994
 30
0
 11
131.4728360000000009
 21
-76.8648049999999898
 31
0
  0
LINE
  5
19A
330
1B
100
AcDbEntity
  8
B.Cu
  6
CONTINUOUS
100
AcDbLine
 10
131.4728360000000009
 20
-76.8648049999999898
 30
0
 11
131.4525669999999877
 21
-76.7891580000000005
 31
0
  0
LINE
  5
19B
330
1B
100
AcDbEntity
  8
B.Cu
  6
CONTINUOUS
100
AcDbLine
 10
131.4525669999999877
 20
-76.7891580000000005
 30
0
 11
131.4525669999999877
 21
-76.7108419999999995
 31
0
  0
LINE
  5
19C
330
1B
100
AcDbEntity
  8
B.Cu
  6
CONTINUOUS
100
AcDbLine
 10
131.4525669999999877
 20
-76.7108419999999995
 30
0
 11
131.4728360000000009
 21
-76.635194999999996
 31
0
  0
LINE
  5
19D
330
1B
100
AcDbEntity
  8
B.Cu
  6
CONTINUOUS
100
AcDbLine
 10
131.4728360000000009
 20
-76.635194999999996
 30
0
 11
131.5119939999999872
 21
-76.5673719999999918
 31
0
  0
LINE
  5
19E
330
1B
100
AcDbEntity
  8
B.Cu
  6
CONTINUOUS
100
AcDbLine
 10
131.5119939999999872
 20
-76.5673719999999918
 30
0
 11
131.567372000000006
 21
-76.5119940000000014
 31
0
  0
LINE
  5
19F
330
1B
100
AcDbEntity
  8
B.Cu
  6
CONTINUOUS
100
AcDbLine
 10
131.567372000000006
 20
-76.5119940000000014
 30
0
 11
131.6351949999999817
 21
-76.4728360000000009
 31
0
  0
LINE
  5
1A0
330
1B
100
AcDbEntity
  8
B.Cu
  6
CONTINUOUS
100
AcDbLine
 10
131.6351949999999817
 20
-76.4728360000000009
 30
0
 11
131.6749999999999829
 21
-76.4621700000000004
 31
0
  0
LINE
  5
1A1
330
1B
100
AcDbEntity
  8
B.Cu
  6
CONTINUOUS
100
AcDbLine
 10
131.6749999999999829
 20
-76.4621700000000004
 30
0
 11
131.6749999999999829
 21
-75.2000000000000028
 31
0
  0
LINE
  5
1A2
330
1B
100
AcDbEntity
  8
B.Cu
  6
CONTINUOUS
100
AcDbLine
 10
131.6749999999999829
 20
-75.2000000000000028
 30
0
 11
131.6774020000000007
 21
-75.1756139999999959
 31
0
  0
LINE
  5
1A3
330
1B
100
AcDbEntity
  8
B.Cu
  6
CONTINUOUS
100
AcDbLine
 10
131.6774020000000007
 20
-75.1756139999999959
 30
0
 11
131.6960660000000018
 21
-75.1305540000000036
 31
0
  0
LINE
  5
1A4
330
1B
100
AcDbEntity
  8
B.Cu
  6
CONTINUOUS
100
AcDbLine
 10
131.6960660000000018
 20
-75.1305540000000036
 30
0
 11
131.6960709999999892
 21
-75.1305479999999903
 31
0
  0
LINE
  5
1A5
330
1B
100
AcDbEntity
  8
B.Cu
  6
CONTINUOUS
100
AcDbLine
 10
131.6960709999999892
 20
-75.1305479999999903
 30
0
 11
131.7116120000000024
 21
-75.1116119999999938
 31
0
  0
LINE
  5
1A6
330
1B
100
AcDbEntity
  8
B.Cu
  6
CONTINUOUS
100
AcDbLine
 10
131.7116120000000024
 20
-75.1116119999999938
 30
0
 11
139.3116119999999967
 21
-67.5116119999999995
 31
0
  0
LINE
  5
1A7
330
1B
100
AcDbEntity
  8
B.Cu
  6
CONTINUOUS
100
AcDbLine
 10
139.3116119999999967
 20
-67.5116119999999995
 30
0
 11
139.3305479999999932
 21
-67.4960710000000006
 31
0
  0
LINE
  5
1A8
330
1B
100
AcDbEntity
  8
B.Cu
  6
CONTINUOUS
100
AcDbLine
 10
139.3305479999999932
 20
-67.4960710000000006
 30
0
 11
139.3305540000000065
 21
-67.496065999999999
 31
0
  0
LINE
  5
1A9
330
1B
100
AcDbEntity
  8
B.Cu
  6
CONTINUOUS
100
AcDbLine
 10
139.3305540000000065
 20
-67.496065999999999
 30
0
 11
139.3624149999999986
 21
-67.4828679999999963
 31
0
  0
LINE
  5
1AA
330
1B
100
AcDbEntity
  8
B.Cu
  6
CONTINUOUS
100
AcDbLine
 10
139.3624149999999986
 20
-67.4828679999999963
 30
0
 11
139.3756129999999871
 21
-67.4774019999999979
 31
0
  0
LINE
  5
1AB
330
1B
100
AcDbEntity
  8
B.Cu
  6
CONTINUOUS
100
AcDbLine
 10
139.3756129999999871
 20
-67.4774019999999979
 30
0
 11
139.3756139999999846
 21
-67.4774019999999979
 31
0
  0
LINE
  5
1AC
330
1B
100
AcDbEntity
  8
B.Cu
  6
CONTINUOUS
100
AcDbLine
 10
139.3756139999999846
 20
-67.4774019999999979
 30
0
 11
139.4000000000000057
 21
-67.4749999999999943
 31
0
  0
LINE
  5
1AD
330
1B
100
AcDbEntity
  8
B.Cu
  6
CONTINUOUS
100
AcDbLine
 10
139.4000000000000057
 20
-67.4749999999999943
 30
0
 11
144.0999999999999943
 21
-67.4749999999999943
 31
0
  0
LINE
  5
1AE
330
1B
100
AcDbEntity
  8
B.Cu
  6
CONTINUOUS
100
AcDbLine
 10
144.0999999999999943
 20
-67.4749999999999943
 30
0
 11
144.124385999999987
 21
-67.4774019999999979
 31
0
  0
LINE
  5
1AF
330
1B
100
AcDbEntity
  8
B.Cu
  6
CONTINUOUS
100
AcDbLine
 10
133.8648049999999898
 20
-76.4728360000000009
 30
0
 11
133.932627999999994
 21
-76.5119940000000014
 31
0
  0
LINE
  5
1B0
330
1B
100
AcDbEntity
  8
B.Cu
  6
CONTINUOUS
100
AcDbLine
 10
133.932627999999994
 20
-76.5119940000000014
 30
0
 11
133.9880059999999844
 21
-76.5673719999999918
 31
0
  0
LINE
  5
1B1
330
1B
100
AcDbEntity
  8
B.Cu
  6
CONTINUOUS
100
AcDbLine
 10
133.9880059999999844
 20
-76.5673719999999918
 30
0
 11
134.0271639999999991
 21
-76.635194999999996
 31
0
  0
LINE
  5
1B2
330
1B
100
AcDbEntity
  8
B.Cu
  6
CONTINUOUS
100
AcDbLine
 10
134.0271639999999991
 20
-76.635194999999996
 30
0
 11
134.0474329999999838
 21
-76.7108419999999995
 31
0
  0
LINE
  5
1B3
330
1B
100
AcDbEntity
  8
B.Cu
  6
CONTINUOUS
100
AcDbLine
 10
134.0474329999999838
 20
-76.7108419999999995
 30
0
 11
134.0474329999999838
 21
-76.7891580000000005
 31
0
  0
LINE
  5
1B4
330
1B
100
AcDbEntity
  8
B.Cu
  6
CONTINUOUS
100
AcDbLine
 10
134.0474329999999838
 20
-76.7891580000000005
 30
0
 11
134.0271639999999991
 21
-76.8648049999999898
 31
0
  0
LINE
  5
1B5
330
1B
100
AcDbEntity
  8
B.Cu
  6
CONTINUOUS
100
AcDbLine
 10
134.0271639999999991
 20
-76.8648049999999898
 30
0
 11
133.9880059999999844
 21
-76.932627999999994
 31
0
  0
LINE
  5
1B6
330
1B
100
AcDbEntity
  8
B.Cu
  6
CONTINUOUS
100
AcDbLine
 10
133.9880059999999844
 20
-76.932627999999994
 30
0
 11
133.932627999999994
 21
-76.9880059999999986
 31
0
  0
LINE
  5
1B7
330
1B
100
AcDbEntity
  8
B.Cu
  6
CONTINUOUS
100
AcDbLine
 10
133.932627999999994
 20
-76.9880059999999986
 30
0
 11
133.9249999999999829
 21
-76.9924099999999925
 31
0
  0
LINE
  5
1B8
330
1B
100
AcDbEntity
  8
B.Cu
  6
CONTINUOUS
100
AcDbLine
 10
133.9249999999999829
 20
-76.9924099999999925
 30
0
 11
133.9249999999999829
 21
-78.5075889999999958
 31
0
  0
LINE
  5
1B9
330
1B
100
AcDbEntity
  8
B.Cu
  6
CONTINUOUS
100
AcDbLine
 10
133.9249999999999829
 20
-78.5075889999999958
 30
0
 11
133.932627999999994
 21
-78.5119940000000014
 31
0
  0
LINE
  5
1BA
330
1B
100
AcDbEntity
  8
B.Cu
  6
CONTINUOUS
100
AcDbLine
 10
133.932627999999994
 20
-78.5119940000000014
 30
0
 11
133.9880059999999844
 21
-78.5673719999999918
 31
0
  0
LINE
  5
1BB
330
1B
100
AcDbEntity
  8
B.Cu
  6
CONTINUOUS
100
AcDbLine
 10
133.9880059999999844
 20
-78.5673719999999918
 30
0
 11
134.0271639999999991
 21
-78.635194999999996
 31
0
  0
LINE
  5
1BC
330
1B
100
AcDbEntity
  8
B.Cu
  6
CONTINUOUS
100
AcDbLine
 10
134.0271639999999991
 20
-78.635194999999996
 30
0
 11
134.0474329999999838
 21
-78.7108419999999995
 31
0
  0
LINE
  5
1BD
330
1B
100
AcDbEntity
  8
B.Cu
  6
CONTINUOUS
100
AcDbLine
 10
134.0474329999999838
 20
-78.7108419999999995
 30
0
 11
134.0474329999999838
 21
-78.7891580000000005
 31
0
  0
LINE
  5
1BE
330
1B
100
AcDbEntity
  8
B.Cu
  6
CONTINUOUS
100
AcDbLine
 10
134.0474329999999838
 20
-78.7891580000000005
 30
0
 11
134.0271639999999991
 21
-78.8648049999999898
 31
0
  0
LINE
  5
1BF
330
1B
100
AcDbEntity
  8
B.Cu
  6
CONTINUOUS
100
AcDbLine
 10
134.0271639999999991
 20
-78.8648049999999898
 30
0
 11
133.9880059999999844
 21
-78.932627999999994
 31
0
  0
LINE
  5
1C0
330
1B
100
AcDbEntity
  8
B.Cu
  6
CONTINUOUS
100
AcDbLine
 10
133.9880059999999844
 20
-78.932627999999994
 30
0
 11
133.932627999999994
 21
-78.9880059999999986
 31
0
  0
LINE
  5
1C1
330
1B
100
AcDbEntity
  8
B.Cu
  6
CONTINUOUS
100
AcDbLine
 10
133.932627999999994
 20
-78.9880059999999986
 30
0
 11
133.8648049999999898
 21
-79.0271639999999991
 31
0
  0
LINE
  5
1C2
330
1B
100
AcDbEntity
  8
B.Cu
  6
CONTINUOUS
100
AcDbLine
 10
133.8648049999999898
 20
-79.0271639999999991
 30
0
 11
133.7891579999999863
 21
-79.0474329999999981
 31
0
  0
LINE
  5
1C3
330
1B
100
AcDbEntity
  8
B.Cu
  6
CONTINUOUS
100
AcDbLine
 10
133.7891579999999863
 20
-79.0474329999999981
 30
0
 11
133.7108419999999853
 21
-79.0474329999999981
 31
0
  0
LINE
  5
1C4
330
1B
100
AcDbEntity
  8
B.Cu
  6
CONTINUOUS
100
AcDbLine
 10
133.7108419999999853
 20
-79.0474329999999981
 30
0
 11
133.6351949999999817
 21
-79.0271639999999991
 31
0
  0
LINE
  5
1C5
330
1B
100
AcDbEntity
  8
B.Cu
  6
CONTINUOUS
100
AcDbLine
 10
133.6351949999999817
 20
-79.0271639999999991
 30
0
 11
133.567372000000006
 21
-78.9880059999999986
 31
0
  0
LINE
  5
1C6
330
1B
100
AcDbEntity
  8
B.Cu
  6
CONTINUOUS
100
AcDbLine
 10
133.567372000000006
 20
-78.9880059999999986
 30
0
 11
133.5119939999999872
 21
-78.932627999999994
 31
0
  0
LINE
  5
1C7
330
1B
100
AcDbEntity
  8
B.Cu
  6
CONTINUOUS
100
AcDbLine
 10
133.5119939999999872
 20
-78.932627999999994
 30
0
 11
133.4728360000000009
 21
-78.8648049999999898
 31
0
  0
LINE
  5
1C8
330
1B
100
AcDbEntity
  8
B.Cu
  6
CONTINUOUS
100
AcDbLine
 10
133.4728360000000009
 20
-78.8648049999999898
 30
0
 11
133.4525669999999877
 21
-78.7891580000000005
 31
0
  0
LINE
  5
1C9
330
1B
100
AcDbEntity
  8
B.Cu
  6
CONTINUOUS
100
AcDbLine
 10
133.4525669999999877
 20
-78.7891580000000005
 30
0
 11
133.4525669999999877
 21
-78.7108419999999995
 31
0
  0
LINE
  5
1CA
330
1B
100
AcDbEntity
  8
B.Cu
  6
CONTINUOUS
100
AcDbLine
 10
133.4525669999999877
 20
-78.7108419999999995
 30
0
 11
133.4728360000000009
 21
-78.635194999999996
 31
0
  0
LINE
  5
1CB
330
1B
100
AcDbEntity
  8
B.Cu
  6
CONTINUOUS
100
AcDbLine
 10
133.4728360000000009
 20
-78.635194999999996
 30
0
 11
133.5119939999999872
 21
-78.5673719999999918
 31
0
  0
LINE
  5
1CC
330
1B
100
AcDbEntity
  8
B.Cu
  6
CONTINUOUS
100
AcDbLine
 10
133.5119939999999872
 20
-78.5673719999999918
 30
0
 11
133.567372000000006
 21
-78.5119940000000014
 31
0
  0
LINE
  5
1CD
330
1B
100
AcDbEntity
  8
B.Cu
  6
CONTINUOUS
100
AcDbLine
 10
133.567372000000006
 20
-78.5119940000000014
 30
0
 11
133.6351949999999817
 21
-78.4728360000000009
 31
0
  0
LINE
  5
1CE
330
1B
100
AcDbEntity
  8
B.Cu
  6
CONTINUOUS
100
AcDbLine
 10
133.6351949999999817
 20
-78.4728360000000009
 30
0
 11
133.6749999999999829
 21
-78.4621700000000004
 31
0
  0
LINE
  5
1CF
330
1B
100
AcDbEntity
  8
B.Cu
  6
CONTINUOUS
100
AcDbLine
 10
133.6749999999999829
 20
-78.4621700000000004
 30
0
 11
133.6749999999999829
 21
-77.0378290000000021
 31
0
  0
LINE
  5
1D0
330
1B
100
AcDbEntity
  8
B.Cu
  6
CONTINUOUS
100
AcDbLine
 10
133.6749999999999829
 20
-77.0378290000000021
 30
0
 11
133.6351949999999817
 21
-77.0271639999999991
 31
0
  0
LINE
  5
1D1
330
1B
100
AcDbEntity
  8
B.Cu
  6
CONTINUOUS
100
AcDbLine
 10
133.6351949999999817
 20
-77.0271639999999991
 30
0
 11
133.567372000000006
 21
-76.9880059999999986
 31
0
  0
LINE
  5
1D2
330
1B
100
AcDbEntity
  8
B.Cu
  6
CONTINUOUS
100
AcDbLine
 10
133.567372000000006
 20
-76.9880059999999986
 30
0
 11
133.5119939999999872
 21
-76.932627999999994
 31
0
  0
LINE
  5
1D3
330
1B
100
AcDbEntity
  8
B.Cu
  6
CONTINUOUS
100
AcDbLine
 10
133.5119939999999872
 20
-76.932627999999994
 30
0
 11
133.4728360000000009
 21
-76.8648049999999898
 31
0
  0
LINE
  5
1D4
330
1B
100
AcDbEntity
  8
B.Cu
  6
CONTINUOUS
100
AcDbLine
 10
133.4728360000000009
 20
-76.8648049999999898
 30
0
 11
133.4525669999999877
 21
-76.7891580000000005
 31
0
  0
LINE
  5
1D5
330
1B
100
AcDbEntity
  8
B.Cu
  6
CONTINUOUS
100
AcDbLine
 10
133.4525669999999877
 20
-76.7891580000000005
 30
0
 11
133.4525669999999877
 21
-76.7108419999999995
 31
0
  0
LINE
  5
1D6
330
1B
100
AcDbEntity
  8
B.Cu
  6
CONTINUOUS
100
AcDbLine
 10
133.4525669999999877
 20
-76.7108419999999995
 30
0
 11
133.4728360000000009
 21
-76.635194999999996
 31
0
  0
LINE
  5
1D7
330
1B
100
AcDbEntity
  8
B.Cu
  6
CONTINUOUS
100
AcDbLine
 10
133.4728360000000009
 20
-76.635194999999996
 30
0
 11
133.5119939999999872
 21
-76.5673719999999918
 31
0
  0
LINE
  5
1D8
330
1B
100
AcDbEntity
  8
B.Cu
  6
CONTINUOUS
100
AcDbLine
 10
133.5119939999999872
 20
-76.5673719999999918
 30
0
 11
133.567372000000006
 21
-76.5119940000000014
 31
0
  0
LINE
  5
1D9
330
1B
100
AcDbEntity
  8
B.Cu
  6
CONTINUOUS
100
AcDbLine
 10
133.567372000000006
 20
-76.5119940000000014
 30
0
 11
133.6351949999999817
 21
-76.4728360000000009
 31
0
  0
LINE
  5
1DA
330
1B
100
AcDbEntity
  8
B.Cu
  6
CONTINUOUS
100
AcDbLine
 10
133.6351949999999817
 20
-76.4728360000000009
 30
0
 11
133.7108419999999853
 21
-76.4525670000000019
 31
0
  0
LINE
  5
1DB
330
1B
100
AcDbEntity
  8
B.Cu
  6
CONTINUOUS
100
AcDbLine
 10
133.7108419999999853
 20
-76.4525670000000019
 30
0
 11
133.7891579999999863
 21
-76.4525670000000019
 31
0
  0
LINE
  5
1DC
330
1B
100
AcDbEntity
  8
B.Cu
  6
CONTINUOUS
100
AcDbLine
 10
133.7891579999999863
 20
-76.4525670000000019
 30
0
 11
133.8648049999999898
 21
-76.4728360000000009
 31
0
  0
LINE
  5
1DD
330
1B
100
AcDbEntity
  8
B.Cu
  6
CONTINUOUS
100
AcDbLine
 10
145.8648049999999898
 20
-67.9728360000000009
 30
0
 11
145.932627999999994
 21
-68.0119940000000014
 31
0
  0
LINE
  5
1DE
330
1B
100
AcDbEntity
  8
B.Cu
  6
CONTINUOUS
100
AcDbLine
 10
145.932627999999994
 20
-68.0119940000000014
 30
0
 11
145.9880059999999844
 21
-68.0673719999999918
 31
0
  0
LINE
  5
1DF
330
1B
100
AcDbEntity
  8
B.Cu
  6
CONTINUOUS
100
AcDbLine
 10
145.9880059999999844
 20
-68.0673719999999918
 30
0
 11
146.0271639999999991
 21
-68.135194999999996
 31
0
  0
LINE
  5
1E0
330
1B
100
AcDbEntity
  8
B.Cu
  6
CONTINUOUS
100
AcDbLine
 10
146.0271639999999991
 20
-68.135194999999996
 30
0
 11
146.0474329999999838
 21
-68.2108419999999995
 31
0
  0
LINE
  5
1E1
330
1B
100
AcDbEntity
  8
B.Cu
  6
CONTINUOUS
100
AcDbLine
 10
146.0474329999999838
 20
-68.2108419999999995
 30
0
 11
146.0474329999999838
 21
-68.2891580000000005
 31
0
  0
LINE
  5
1E2
330
1B
100
AcDbEntity
  8
B.Cu
  6
CONTINUOUS
100
AcDbLine
 10
146.0474329999999838
 20
-68.2891580000000005
 30
0
 11
146.0271639999999991
 21
-68.3648049999999898
 31
0
  0
LINE
  5
1E3
330
1B
100
AcDbEntity
  8
B.Cu
  6
CONTINUOUS
100
AcDbLine
 10
146.0271639999999991
 20
-68.3648049999999898
 30
0
 11
145.9880059999999844
 21
-68.432627999999994
 31
0
  0
LINE
  5
1E4
330
1B
100
AcDbEntity
  8
B.Cu
  6
CONTINUOUS
100
AcDbLine
 10
145.9880059999999844
 20
-68.432627999999994
 30
0
 11
145.932627999999994
 21
-68.4880059999999986
 31
0
  0
LINE
  5
1E5
330
1B
100
AcDbEntity
  8
B.Cu
  6
CONTINUOUS
100
AcDbLine
 10
145.932627999999994
 20
-68.4880059999999986
 30
0
 11
145.8648049999999898
 21
-68.5271639999999991
 31
0
  0
LINE
  5
1E6
330
1B
100
AcDbEntity
  8
B.Cu
  6
CONTINUOUS
100
AcDbLine
 10
145.8648049999999898
 20
-68.5271639999999991
 30
0
 11
145.7891579999999863
 21
-68.5474329999999981
 31
0
  0
LINE
  5
1E7
330
1B
100
AcDbEntity
  8
B.Cu
  6
CONTINUOUS
100
AcDbLine
 10
145.7891579999999863
 20
-68.5474329999999981
 30
0
 11
145.7108419999999853
 21
-68.5474329999999981
 31
0
  0
LINE
  5
1E8
330
1B
100
AcDbEntity
  8
B.Cu
  6
CONTINUOUS
100
AcDbLine
 10
145.7108419999999853
 20
-68.5474329999999981
 30
0
 11
145.6351949999999817
 21
-68.5271639999999991
 31
0
  0
LINE
  5
1E9
330
1B
100
AcDbEntity
  8
B.Cu
  6
CONTINUOUS
100
AcDbLine
 10
145.6351949999999817
 20
-68.5271639999999991
 30
0
 11
145.567372000000006
 21
-68.4880059999999986
 31
0
  0
LINE
  5
1EA
330
1B
100
AcDbEntity
  8
B.Cu
  6
CONTINUOUS
100
AcDbLine
 10
145.567372000000006
 20
-68.4880059999999986
 30
0
 11
145.5119939999999872
 21
-68.432627999999994
 31
0
  0
LINE
  5
1EB
330
1B
100
AcDbEntity
  8
B.Cu
  6
CONTINUOUS
100
AcDbLine
 10
145.5119939999999872
 20
-68.432627999999994
 30
0
 11
145.4728360000000009
 21
-68.3648049999999898
 31
0
  0
LINE
  5
1EC
330
1B
100
AcDbEntity
  8
B.Cu
  6
CONTINUOUS
100
AcDbLine
 10
145.4728360000000009
 20
-68.3648049999999898
 30
0
 11
145.4525669999999877
 21
-68.2891580000000005
 31
0
  0
LINE
  5
1ED
330
1B
100
AcDbEntity
  8
B.Cu
  6
CONTINUOUS
100
AcDbLine
 10
145.4525669999999877
 20
-68.2891580000000005
 30
0
 11
145.4525669999999877
 21
-68.2108419999999995
 31
0
  0
LINE
  5
1EE
330
1B
100
AcDbEntity
  8
B.Cu
  6
CONTINUOUS
100
AcDbLine
 10
145.4525669999999877
 20
-68.2108419999999995
 30
0
 11
145.4728360000000009
 21
-68.135194999999996
 31
0
  0
LINE
  5
1EF
330
1B
100
AcDbEntity
  8
B.Cu
  6
CONTINUOUS
100
AcDbLine
 10
145.4728360000000009
 20
-68.135194999999996
 30
0
 11
145.5119939999999872
 21
-68.0673719999999918
 31
0
  0
LINE
  5
1F0
330
1B
100
AcDbEntity
  8
B.Cu
  6
CONTINUOUS
100
AcDbLine
 10
145.5119939999999872
 20
-68.0673719999999918
 30
0
 11
145.567372000000006
 21
-68.0119940000000014
 31
0
  0
LINE
  5
1F1
330
1B
100
AcDbEntity
  8
B.Cu
  6
CONTINUOUS
100
AcDbLine
 10
145.567372000000006
 20
-68.0119940000000014
 30
0
 11
145.6351949999999817
 21
-67.9728360000000009
 31
0
  0
LINE
  5
1F2
330
1B
100
AcDbEntity
  8
B.Cu
  6
CONTINUOUS
100
AcDbLine
 10
145.6351949999999817
 20
-67.9728360000000009
 30
0
 11
145.7108419999999853
 21
-67.9525670000000019
 31
0
  0
LINE
  5
1F3
330
1B
100
AcDbEntity
  8
B.Cu
  6
CONTINUOUS
100
AcDbLine
 10
145.7108419999999853
 20
-67.9525670000000019
 30
0
 11
145.7891579999999863
 21
-67.9525670000000019
 31
0
  0
LINE
  5
1F4
330
1B
100
AcDbEntity
  8
B.Cu
  6
CONTINUOUS
100
AcDbLine
 10
145.7891579999999863
 20
-67.9525670000000019
 30
0
 11
145.8648049999999898
 21
-67.9728360000000009
 31
0
  0
LINE
  5
1F5
330
1B
100
AcDbEntity
  8
B.Cu
  6
CONTINUOUS
100
AcDbLine
 10
167.8648049999999898
 20
-88.4728360000000009
 30
0
 11
167.932627999999994
 21
-88.5119940000000014
 31
0
  0
LINE
  5
1F6
330
1B
100
AcDbEntity
  8
B.Cu
  6
CONTINUOUS
100
AcDbLine
 10
167.932627999999994
 20
-88.5119940000000014
 30
0
 11
167.9880059999999844
 21
-88.5673719999999918
 31
0
  0
LINE
  5
1F7
330
1B
100
AcDbEntity
  8
B.Cu
  6
CONTINUOUS
100
AcDbLine
 10
167.9880059999999844
 20
-88.5673719999999918
 30
0
 11
168.0271639999999991
 21
-88.635194999999996
 31
0
  0
LINE
  5
1F8
330
1B
100
AcDbEntity
  8
B.Cu
  6
CONTINUOUS
100
AcDbLine
 10
168.0271639999999991
 20
-88.635194999999996
 30
0
 11
168.0474329999999838
 21
-88.7108419999999995
 31
0
  0
LINE
  5
1F9
330
1B
100
AcDbEntity
  8
B.Cu
  6
CONTINUOUS
100
AcDbLine
 10
168.0474329999999838
 20
-88.7108419999999995
 30
0
 11
168.0474329999999838
 21
-88.7891580000000005
 31
0
  0
LINE
  5
1FA
330
1B
100
AcDbEntity
  8
B.Cu
  6
CONTINUOUS
100
AcDbLine
 10
168.0474329999999838
 20
-88.7891580000000005
 30
0
 11
168.0271639999999991
 21
-88.8648049999999898
 31
0
  0
LINE
  5
1FB
330
1B
100
AcDbEntity
  8
B.Cu
  6
CONTINUOUS
100
AcDbLine
 10
168.0271639999999991
 20
-88.8648049999999898
 30
0
 11
167.9880059999999844
 21
-88.932627999999994
 31
0
  0
LINE
  5
1FC
330
1B
100
AcDbEntity
  8
B.Cu
  6
CONTINUOUS
100
AcDbLine
 10
167.9880059999999844
 20
-88.932627999999994
 30
0
 11
167.932627999999994
 21
-88.9880059999999986
 31
0
  0
LINE
  5
1FD
330
1B
100
AcDbEntity
  8
B.Cu
  6
CONTINUOUS
100
AcDbLine
 10
167.932627999999994
 20
-88.9880059999999986
 30
0
 11
167.9249999999999829
 21
-88.9924099999999925
 31
0
  0
LINE
  5
1FE
330
1B
100
AcDbEntity
  8
B.Cu
  6
CONTINUOUS
100
AcDbLine
 10
167.9249999999999829
 20
-88.9924099999999925
 30
0
 11
167.9249999999999829
 21
-89.7482229999999959
 31
0
  0
LINE
  5
1FF
330
1B
100
AcDbEntity
  8
B.Cu
  6
CONTINUOUS
100
AcDbLine
 10
167.9249999999999829
 20
-89.7482229999999959
 30
0
 11
169.1883890000000008
 21
-91.0116119999999995
 31
0
  0
LINE
  5
200
330
1B
100
AcDbEntity
  8
B.Cu
  6
CONTINUOUS
100
AcDbLine
 10
169.1883890000000008
 20
-91.0116119999999995
 30
0
 11
169.2039340000000038
 21
-91.0305539999999951
 31
0
  0
LINE
  5
201
330
1B
100
AcDbEntity
  8
B.Cu
  6
CONTINUOUS
100
AcDbLine
 10
169.2039340000000038
 20
-91.0305539999999951
 30
0
 11
169.222598000000005
 21
-91.0756140000000016
 31
0
  0
LINE
  5
202
330
1B
100
AcDbEntity
  8
B.Cu
  6
CONTINUOUS
100
AcDbLine
 10
169.222598000000005
 20
-91.0756140000000016
 30
0
 11
169.2249999999999943
 21
-91.0999999999999943
 31
0
  0
LINE
  5
203
330
1B
100
AcDbEntity
  8
B.Cu
  6
CONTINUOUS
100
AcDbLine
 10
169.2249999999999943
 20
-91.0999999999999943
 30
0
 11
169.2249999999999943
 21
-97.9482229999999987
 31
0
  0
LINE
  5
204
330
1B
100
AcDbEntity
  8
B.Cu
  6
CONTINUOUS
100
AcDbLine
 10
169.2249999999999943
 20
-97.9482229999999987
 30
0
 11
169.7293430000000001
 21
-98.4525670000000019
 31
0
  0
LINE
  5
205
330
1B
100
AcDbEntity
  8
B.Cu
  6
CONTINUOUS
100
AcDbLine
 10
169.7293430000000001
 20
-98.4525670000000019
 30
0
 11
169.7891579999999863
 21
-98.4525670000000019
 31
0
  0
LINE
  5
206
330
1B
100
AcDbEntity
  8
B.Cu
  6
CONTINUOUS
100
AcDbLine
 10
169.7891579999999863
 20
-98.4525670000000019
 30
0
 11
169.8648049999999898
 21
-98.4728360000000009
 31
0
  0
LINE
  5
207
330
1B
100
AcDbEntity
  8
B.Cu
  6
CONTINUOUS
100
AcDbLine
 10
169.8648049999999898
 20
-98.4728360000000009
 30
0
 11
169.932627999999994
 21
-98.5119940000000014
 31
0
  0
LINE
  5
208
330
1B
100
AcDbEntity
  8
B.Cu
  6
CONTINUOUS
100
AcDbLine
 10
169.932627999999994
 20
-98.5119940000000014
 30
0
 11
169.9880059999999844
 21
-98.5673719999999918
 31
0
  0
LINE
  5
209
330
1B
100
AcDbEntity
  8
B.Cu
  6
CONTINUOUS
100
AcDbLine
 10
169.9880059999999844
 20
-98.5673719999999918
 30
0
 11
170.0271639999999991
 21
-98.635194999999996
 31
0
  0
LINE
  5
20A
330
1B
100
AcDbEntity
  8
B.Cu
  6
CONTINUOUS
100
AcDbLine
 10
170.0271639999999991
 20
-98.635194999999996
 30
0
 11
170.0474329999999838
 21
-98.7108419999999995
 31
0
  0
LINE
  5
20B
330
1B
100
AcDbEntity
  8
B.Cu
  6
CONTINUOUS
100
AcDbLine
 10
170.0474329999999838
 20
-98.7108419999999995
 30
0
 11
170.0474329999999838
 21
-98.7706560000000025
 31
0
  0
LINE
  5
20C
330
1B
100
AcDbEntity
  8
B.Cu
  6
CONTINUOUS
100
AcDbLine
 10
170.0474329999999838
 20
-98.7706560000000025
 30
0
 11
171.7293439999999975
 21
-100.4525670000000019
 31
0
  0
LINE
  5
20D
330
1B
100
AcDbEntity
  8
B.Cu
  6
CONTINUOUS
100
AcDbLine
 10
171.7293439999999975
 20
-100.4525670000000019
 30
0
 11
171.7891579999999863
 21
-100.4525670000000019
 31
0
  0
LINE
  5
20E
330
1B
100
AcDbEntity
  8
B.Cu
  6
CONTINUOUS
100
AcDbLine
 10
171.7891579999999863
 20
-100.4525670000000019
 30
0
 11
171.8648049999999898
 21
-100.4728360000000009
 31
0
  0
LINE
  5
20F
330
1B
100
AcDbEntity
  8
B.Cu
  6
CONTINUOUS
100
AcDbLine
 10
171.8648049999999898
 20
-100.4728360000000009
 30
0
 11
171.932627999999994
 21
-100.5119940000000014
 31
0
  0
LINE
  5
210
330
1B
100
AcDbEntity
  8
B.Cu
  6
CONTINUOUS
100
AcDbLine
 10
171.932627999999994
 20
-100.5119940000000014
 30
0
 11
171.9880059999999844
 21
-100.5673719999999918
 31
0
  0
LINE
  5
211
330
1B
100
AcDbEntity
  8
B.Cu
  6
CONTINUOUS
100
AcDbLine
 10
171.9880059999999844
 20
-100.5673719999999918
 30
0
 11
172.0271639999999991
 21
-100.635194999999996
 31
0
  0
LINE
  5
212
330
1B
100
AcDbEntity
  8
B.Cu
  6
CONTINUOUS
100
AcDbLine
 10
172.0271639999999991
 20
-100.635194999999996
 30
0
 11
172.0474329999999838
 21
-100.7108419999999995
 31
0
  0
LINE
  5
213
330
1B
100
AcDbEntity
  8
B.Cu
  6
CONTINUOUS
100
AcDbLine
 10
172.0474329999999838
 20
-100.7108419999999995
 30
0
 11
172.0474329999999838
 21
-100.7891580000000005
 31
0
  0
LINE
  5
214
330
1B
100
AcDbEntity
  8
B.Cu
  6
CONTINUOUS
100
AcDbLine
 10
172.0474329999999838
 20
-100.7891580000000005
 30
0
 11
172.0271639999999991
 21
-100.8648049999999898
 31
0
  0
LINE
  5
215
330
1B
100
AcDbEntity
  8
B.Cu
  6
CONTINUOUS
100
AcDbLine
 10
172.0271639999999991
 20
-100.8648049999999898
 30
0
 11
171.9880059999999844
 21
-100.932627999999994
 31
0
  0
LINE
  5
216
330
1B
100
AcDbEntity
  8
B.Cu
  6
CONTINUOUS
100
AcDbLine
 10
171.9880059999999844
 20
-100.932627999999994
 30
0
 11
171.932627999999994
 21
-100.9880059999999986
 31
0
  0
LINE
  5
217
330
1B
100
AcDbEntity
  8
B.Cu
  6
CONTINUOUS
100
AcDbLine
 10
171.932627999999994
 20
-100.9880059999999986
 30
0
 11
171.8648049999999898
 21
-101.0271639999999991
 31
0
  0
LINE
  5
218
330
1B
100
AcDbEntity
  8
B.Cu
  6
CONTINUOUS
100
AcDbLine
 10
171.8648049999999898
 20
-101.0271639999999991
 30
0
 11
171.7891579999999863
 21
-101.0474329999999981
 31
0
  0
LINE
  5
219
330
1B
100
AcDbEntity
  8
B.Cu
  6
CONTINUOUS
100
AcDbLine
 10
171.7891579999999863
 20
-101.0474329999999981
 30
0
 11
171.7108419999999853
 21
-101.0474329999999981
 31
0
  0
LINE
  5
21A
330
1B
100
AcDbEntity
  8
B.Cu
  6
CONTINUOUS
100
AcDbLine
 10
171.7108419999999853
 20
-101.0474329999999981
 30
0
 11
171.6351949999999817
 21
-101.0271639999999991
 31
0
  0
LINE
  5
21B
330
1B
100
AcDbEntity
  8
B.Cu
  6
CONTINUOUS
100
AcDbLine
 10
171.6351949999999817
 20
-101.0271639999999991
 30
0
 11
171.567372000000006
 21
-100.9880059999999986
 31
0
  0
LINE
  5
21C
330
1B
100
AcDbEntity
  8
B.Cu
  6
CONTINUOUS
100
AcDbLine
 10
171.567372000000006
 20
-100.9880059999999986
 30
0
 11
171.5119939999999872
 21
-100.932627999999994
 31
0
  0
LINE
  5
21D
330
1B
100
AcDbEntity
  8
B.Cu
  6
CONTINUOUS
100
AcDbLine
 10
171.5119939999999872
 20
-100.932627999999994
 30
0
 11
171.4728360000000009
 21
-100.8648049999999898
 31
0
  0
LINE
  5
21E
330
1B
100
AcDbEntity
  8
B.Cu
  6
CONTINUOUS
100
AcDbLine
 10
171.4728360000000009
 20
-100.8648049999999898
 30
0
 11
171.4525669999999877
 21
-100.7891580000000005
 31
0
  0
LINE
  5
21F
330
1B
100
AcDbEntity
  8
B.Cu
  6
CONTINUOUS
100
AcDbLine
 10
171.4525669999999877
 20
-100.7891580000000005
 30
0
 11
171.4525669999999877
 21
-100.7108419999999995
 31
0
  0
LINE
  5
220
330
1B
100
AcDbEntity
  8
B.Cu
  6
CONTINUOUS
100
AcDbLine
 10
171.4525669999999877
 20
-100.7108419999999995
 30
0
 11
171.4728360000000009
 21
-100.635194999999996
 31
0
  0
LINE
  5
221
330
1B
100
AcDbEntity
  8
B.Cu
  6
CONTINUOUS
100
AcDbLine
 10
171.4728360000000009
 20
-100.635194999999996
 30
0
 11
171.5041609999999821
 21
-100.5809379999999891
 31
0
  0
LINE
  5
222
330
1B
100
AcDbEntity
  8
B.Cu
  6
CONTINUOUS
100
AcDbLine
 10
171.5041609999999821
 20
-100.5809379999999891
 30
0
 11
169.9190619999999967
 21
-98.995837999999992
 31
0
  0
LINE
  5
223
330
1B
100
AcDbEntity
  8
B.Cu
  6
CONTINUOUS
100
AcDbLine
 10
169.9190619999999967
 20
-98.995837999999992
 30
0
 11
169.8648049999999898
 21
-99.0271639999999991
 31
0
  0
LINE
  5
224
330
1B
100
AcDbEntity
  8
B.Cu
  6
CONTINUOUS
100
AcDbLine
 10
169.8648049999999898
 20
-99.0271639999999991
 30
0
 11
169.7891579999999863
 21
-99.0474329999999981
 31
0
  0
LINE
  5
225
330
1B
100
AcDbEntity
  8
B.Cu
  6
CONTINUOUS
100
AcDbLine
 10
169.7891579999999863
 20
-99.0474329999999981
 30
0
 11
169.7108419999999853
 21
-99.0474329999999981
 31
0
  0
LINE
  5
226
330
1B
100
AcDbEntity
  8
B.Cu
  6
CONTINUOUS
100
AcDbLine
 10
169.7108419999999853
 20
-99.0474329999999981
 30
0
 11
169.6351949999999817
 21
-99.0271639999999991
 31
0
  0
LINE
  5
227
330
1B
100
AcDbEntity
  8
B.Cu
  6
CONTINUOUS
100
AcDbLine
 10
169.6351949999999817
 20
-99.0271639999999991
 30
0
 11
169.567372000000006
 21
-98.9880059999999986
 31
0
  0
LINE
  5
228
330
1B
100
AcDbEntity
  8
B.Cu
  6
CONTINUOUS
100
AcDbLine
 10
169.567372000000006
 20
-98.9880059999999986
 30
0
 11
169.5119939999999872
 21
-98.932627999999994
 31
0
  0
LINE
  5
229
330
1B
100
AcDbEntity
  8
B.Cu
  6
CONTINUOUS
100
AcDbLine
 10
169.5119939999999872
 20
-98.932627999999994
 30
0
 11
169.4728360000000009
 21
-98.8648049999999898
 31
0
  0
LINE
  5
22A
330
1B
100
AcDbEntity
  8
B.Cu
  6
CONTINUOUS
100
AcDbLine
 10
169.4728360000000009
 20
-98.8648049999999898
 30
0
 11
169.4525669999999877
 21
-98.7891580000000005
 31
0
  0
LINE
  5
22B
330
1B
100
AcDbEntity
  8
B.Cu
  6
CONTINUOUS
100
AcDbLine
 10
169.4525669999999877
 20
-98.7891580000000005
 30
0
 11
169.4525669999999877
 21
-98.7108419999999995
 31
0
  0
LINE
  5
22C
330
1B
100
AcDbEntity
  8
B.Cu
  6
CONTINUOUS
100
AcDbLine
 10
169.4525669999999877
 20
-98.7108419999999995
 30
0
 11
169.4728360000000009
 21
-98.635194999999996
 31
0
  0
LINE
  5
22D
330
1B
100
AcDbEntity
  8
B.Cu
  6
CONTINUOUS
100
AcDbLine
 10
169.4728360000000009
 20
-98.635194999999996
 30
0
 11
169.5041609999999821
 21
-98.5809369999999916
 31
0
  0
LINE
  5
22E
330
1B
100
AcDbEntity
  8
B.Cu
  6
CONTINUOUS
100
AcDbLine
 10
169.5041609999999821
 20
-98.5809369999999916
 30
0
 11
169.0116119999999853
 21
-98.0883879999999948
 31
0
  0
LINE
  5
22F
330
1B
100
AcDbEntity
  8
B.Cu
  6
CONTINUOUS
100
AcDbLine
 10
169.0116119999999853
 20
-98.0883879999999948
 30
0
 11
168.9960710000000006
 21
-98.0694510000000008
 31
0
  0
LINE
  5
230
330
1B
100
AcDbEntity
  8
B.Cu
  6
CONTINUOUS
100
AcDbLine
 10
168.9960710000000006
 20
-98.0694510000000008
 30
0
 11
168.9960659999999848
 21
-98.0694459999999992
 31
0
  0
LINE
  5
231
330
1B
100
AcDbEntity
  8
B.Cu
  6
CONTINUOUS
100
AcDbLine
 10
168.9960659999999848
 20
-98.0694459999999992
 30
0
 11
168.9774019999999837
 21
-98.0243859999999927
 31
0
  0
LINE
  5
232
330
1B
100
AcDbEntity
  8
B.Cu
  6
CONTINUOUS
100
AcDbLine
 10
168.9774019999999837
 20
-98.0243859999999927
 30
0
 11
168.9749999999999943
 21
-98.
 31
0
  0
LINE
  5
233
330
1B
100
AcDbEntity
  8
B.Cu
  6
CONTINUOUS
100
AcDbLine
 10
168.9749999999999943
 20
-98.
 30
0
 11
168.9749999999999943
 21
-91.1517759999999981
 31
0
  0
LINE
  5
234
330
1B
100
AcDbEntity
  8
B.Cu
  6
CONTINUOUS
100
AcDbLine
 10
168.9749999999999943
 20
-91.1517759999999981
 30
0
 11
167.7116120000000024
 21
-89.888387999999992
 31
0
  0
LINE
  5
235
330
1B
100
AcDbEntity
  8
B.Cu
  6
CONTINUOUS
100
AcDbLine
 10
167.7116120000000024
 20
-89.888387999999992
 30
0
 11
167.6960709999999892
 21
-89.869450999999998
 31
0
  0
LINE
  5
236
330
1B
100
AcDbEntity
  8
B.Cu
  6
CONTINUOUS
100
AcDbLine
 10
167.6960709999999892
 20
-89.869450999999998
 30
0
 11
167.6960660000000018
 21
-89.8694459999999964
 31
0
  0
LINE
  5
237
330
1B
100
AcDbEntity
  8
B.Cu
  6
CONTINUOUS
100
AcDbLine
 10
167.6960660000000018
 20
-89.8694459999999964
 30
0
 11
167.6774020000000007
 21
-89.8243859999999898
 31
0
  0
LINE
  5
238
330
1B
100
AcDbEntity
  8
B.Cu
  6
CONTINUOUS
100
AcDbLine
 10
167.6774020000000007
 20
-89.8243859999999898
 30
0
 11
167.6749999999999829
 21
-89.7999999999999972
 31
0
  0
LINE
  5
239
330
1B
100
AcDbEntity
  8
B.Cu
  6
CONTINUOUS
100
AcDbLine
 10
167.6749999999999829
 20
-89.7999999999999972
 30
0
 11
167.6749999999999829
 21
-89.0378290000000021
 31
0
  0
LINE
  5
23A
330
1B
100
AcDbEntity
  8
B.Cu
  6
CONTINUOUS
100
AcDbLine
 10
167.6749999999999829
 20
-89.0378290000000021
 30
0
 11
167.6351949999999817
 21
-89.0271639999999991
 31
0
  0
LINE
  5
23B
330
1B
100
AcDbEntity
  8
B.Cu
  6
CONTINUOUS
100
AcDbLine
 10
167.6351949999999817
 20
-89.0271639999999991
 30
0
 11
167.567372000000006
 21
-88.9880059999999986
 31
0
  0
LINE
  5
23C
330
1B
100
AcDbEntity
  8
B.Cu
  6
CONTINUOUS
100
AcDbLine
 10
167.567372000000006
 20
-88.9880059999999986
 30
0
 11
167.5119939999999872
 21
-88.932627999999994
 31
0
  0
LINE
  5
23D
330
1B
100
AcDbEntity
  8
B.Cu
  6
CONTINUOUS
100
AcDbLine
 10
167.5119939999999872
 20
-88.932627999999994
 30
0
 11
167.4728360000000009
 21
-88.8648049999999898
 31
0
  0
LINE
  5
23E
330
1B
100
AcDbEntity
  8
B.Cu
  6
CONTINUOUS
100
AcDbLine
 10
167.4728360000000009
 20
-88.8648049999999898
 30
0
 11
167.4525669999999877
 21
-88.7891580000000005
 31
0
  0
LINE
  5
23F
330
1B
100
AcDbEntity
  8
B.Cu
  6
CONTINUOUS
100
AcDbLine
 10
167.4525669999999877
 20
-88.7891580000000005
 30
0
 11
167.4525669999999877
 21
-88.7108419999999995
 31
0
  0
LINE
  5
240
330
1B
100
AcDbEntity
  8
B.Cu
  6
CONTINUOUS
100
AcDbLine
 10
167.4525669999999877
 20
-88.7108419999999995
 30
0
 11
167.4728360000000009
 21
-88.635194999999996
 31
0
  0
LINE
  5
241
330
1B
100
AcDbEntity
  8
B.Cu
  6
CONTINUOUS
100
AcDbLine
 10
167.4728360000000009
 20
-88.635194999999996
 30
0
 11
167.5119939999999872
 21
-88.5673719999999918
 31
0
  0
LINE
  5
242
330
1B
100
AcDbEntity
  8
B.Cu
  6
CONTINUOUS
100
AcDbLine
 10
167.5119939999999872
 20
-88.5673719999999918
 30
0
 11
167.567372000000006
 21
-88.5119940000000014
 31
0
  0
LINE
  5
243
330
1B
100
AcDbEntity
  8
B.Cu
  6
CONTINUOUS
100
AcDbLine
 10
167.567372000000006
 20
-88.5119940000000014
 30
0
 11
167.6351949999999817
 21
-88.4728360000000009
 31
0
  0
LINE
  5
244
330
1B
100
AcDbEntity
  8
B.Cu
  6
CONTINUOUS
100
AcDbLine
 10
167.6351949999999817
 20
-88.4728360000000009
 30
0
 11
167.7108419999999853
 21
-88.4525670000000019
 31
0
  0
LINE
  5
245
330
1B
100
AcDbEntity
  8
B.Cu
  6
CONTINUOUS
100
AcDbLine
 10
167.7108419999999853
 20
-88.4525670000000019
 30
0
 11
167.7891579999999863
 21
-88.4525670000000019
 31
0
  0
LINE
  5
246
330
1B
100
AcDbEntity
  8
B.Cu
  6
CONTINUOUS
100
AcDbLine
 10
167.7891579999999863
 20
-88.4525670000000019
 30
0
 11
167.8648049999999898
 21
-88.4728360000000009
 31
0
  0
LINE
  5
247
330
1B
100
AcDbEntity
  8
B.Cu
  6
CONTINUOUS
100
AcDbLine
 10
169.9148050000000012
 20
-88.4228359999999896
 30
0
 11
169.9826280000000054
 21
-88.46199399999999
 31
0
  0
LINE
  5
248
330
1B
100
AcDbEntity
  8
B.Cu
  6
CONTINUOUS
100
AcDbLine
 10
169.9826280000000054
 20
-88.46199399999999
 30
0
 11
170.0380059999999958
 21
-88.5173719999999946
 31
0
  0
LINE
  5
249
330
1B
100
AcDbEntity
  8
B.Cu
  6
CONTINUOUS
100
AcDbLine
 10
170.0380059999999958
 20
-88.5173719999999946
 30
0
 11
170.077163999999982
 21
-88.5851949999999988
 31
0
  0
LINE
  5
24A
330
1B
100
AcDbEntity
  8
B.Cu
  6
CONTINUOUS
100
AcDbLine
 10
170.077163999999982
 20
-88.5851949999999988
 30
0
 11
170.0974329999999952
 21
-88.6608420000000024
 31
0
  0
LINE
  5
24B
330
1B
100
AcDbEntity
  8
B.Cu
  6
CONTINUOUS
100
AcDbLine
 10
170.0974329999999952
 20
-88.6608420000000024
 30
0
 11
170.0999999999999943
 21
-88.7000000000000028
 31
0
  0
LINE
  5
24C
330
1B
100
AcDbEntity
  8
B.Cu
  6
CONTINUOUS
100
AcDbLine
 10
170.0999999999999943
 20
-88.7000000000000028
 30
0
 11
170.0999999999999943
 21
-96.6999989999999912
 31
0
  0
LINE
  5
24D
330
1B
100
AcDbEntity
  8
B.Cu
  6
CONTINUOUS
100
AcDbLine
 10
170.0999999999999943
 20
-96.6999989999999912
 30
0
 11
170.0974329999999952
 21
-96.7391569999999916
 31
0
  0
LINE
  5
24E
330
1B
100
AcDbEntity
  8
B.Cu
  6
CONTINUOUS
100
AcDbLine
 10
170.0974329999999952
 20
-96.7391569999999916
 30
0
 11
170.077163999999982
 21
-96.8148039999999952
 31
0
  0
LINE
  5
24F
330
1B
100
AcDbEntity
  8
B.Cu
  6
CONTINUOUS
100
AcDbLine
 10
170.077163999999982
 20
-96.8148039999999952
 30
0
 11
170.0380059999999958
 21
-96.8826269999999994
 31
0
  0
LINE
  5
250
330
1B
100
AcDbEntity
  8
B.Cu
  6
CONTINUOUS
100
AcDbLine
 10
170.0380059999999958
 20
-96.8826269999999994
 30
0
 11
169.9880069999999819
 21
-96.9326250000000016
 31
0
  0
LINE
  5
251
330
1B
100
AcDbEntity
  8
B.Cu
  6
CONTINUOUS
100
AcDbLine
 10
169.9880069999999819
 20
-96.9326250000000016
 30
0
 11
169.9880059999999844
 21
-96.932627999999994
 31
0
  0
LINE
  5
252
330
1B
100
AcDbEntity
  8
B.Cu
  6
CONTINUOUS
100
AcDbLine
 10
169.9880059999999844
 20
-96.932627999999994
 30
0
 11
169.932627999999994
 21
-96.9880059999999986
 31
0
  0
LINE
  5
253
330
1B
100
AcDbEntity
  8
B.Cu
  6
CONTINUOUS
100
AcDbLine
 10
169.932627999999994
 20
-96.9880059999999986
 30
0
 11
169.8648049999999898
 21
-97.0271639999999991
 31
0
  0
LINE
  5
254
330
1B
100
AcDbEntity
  8
B.Cu
  6
CONTINUOUS
100
AcDbLine
 10
169.8648049999999898
 20
-97.0271639999999991
 30
0
 11
169.7891579999999863
 21
-97.0474329999999981
 31
0
  0
LINE
  5
255
330
1B
100
AcDbEntity
  8
B.Cu
  6
CONTINUOUS
100
AcDbLine
 10
169.7891579999999863
 20
-97.0474329999999981
 30
0
 11
169.7108419999999853
 21
-97.0474329999999981
 31
0
  0
LINE
  5
256
330
1B
100
AcDbEntity
  8
B.Cu
  6
CONTINUOUS
100
AcDbLine
 10
169.7108419999999853
 20
-97.0474329999999981
 30
0
 11
169.6351949999999817
 21
-97.0271639999999991
 31
0
  0
LINE
  5
257
330
1B
100
AcDbEntity
  8
B.Cu
  6
CONTINUOUS
100
AcDbLine
 10
169.6351949999999817
 20
-97.0271639999999991
 30
0
 11
169.567372000000006
 21
-96.9880059999999986
 31
0
  0
LINE
  5
258
330
1B
100
AcDbEntity
  8
B.Cu
  6
CONTINUOUS
100
AcDbLine
 10
169.567372000000006
 20
-96.9880059999999986
 30
0
 11
169.5119939999999872
 21
-96.932627999999994
 31
0
  0
LINE
  5
259
330
1B
100
AcDbEntity
  8
B.Cu
  6
CONTINUOUS
100
AcDbLine
 10
169.5119939999999872
 20
-96.932627999999994
 30
0
 11
169.4728360000000009
 21
-96.8648049999999898
 31
0
  0
LINE
  5
25A
330
1B
100
AcDbEntity
  8
B.Cu
  6
CONTINUOUS
100
AcDbLine
 10
169.4728360000000009
 20
-96.8648049999999898
 30
0
 11
169.4525669999999877
 21
-96.7891580000000005
 31
0
  0
LINE
  5
25B
330
1B
100
AcDbEntity
  8
B.Cu
  6
CONTINUOUS
100
AcDbLine
 10
169.4525669999999877
 20
-96.7891580000000005
 30
0
 11
169.4525669999999877
 21
-96.7108419999999995
 31
0
  0
LINE
  5
25C
330
1B
100
AcDbEntity
  8
B.Cu
  6
CONTINUOUS
100
AcDbLine
 10
169.4525669999999877
 20
-96.7108419999999995
 30
0
 11
169.4728360000000009
 21
-96.635194999999996
 31
0
  0
LINE
  5
25D
330
1B
100
AcDbEntity
  8
B.Cu
  6
CONTINUOUS
100
AcDbLine
 10
169.4728360000000009
 20
-96.635194999999996
 30
0
 11
169.5
 21
-96.5881459999999947
 31
0
  0
LINE
  5
25E
330
1B
100
AcDbEntity
  8
B.Cu
  6
CONTINUOUS
100
AcDbLine
 10
169.5
 20
-96.5881459999999947
 30
0
 11
169.5
 21
-88.9118529999999936
 31
0
  0
LINE
  5
25F
330
1B
100
AcDbEntity
  8
B.Cu
  6
CONTINUOUS
100
AcDbLine
 10
169.5
 20
-88.9118529999999936
 30
0
 11
169.4728360000000009
 21
-88.8648049999999898
 31
0
  0
LINE
  5
260
330
1B
100
AcDbEntity
  8
B.Cu
  6
CONTINUOUS
100
AcDbLine
 10
169.4728360000000009
 20
-88.8648049999999898
 30
0
 11
169.4525669999999877
 21
-88.7891580000000005
 31
0
  0
LINE
  5
261
330
1B
100
AcDbEntity
  8
B.Cu
  6
CONTINUOUS
100
AcDbLine
 10
169.4525669999999877
 20
-88.7891580000000005
 30
0
 11
169.4525669999999877
 21
-88.7108419999999995
 31
0
  0
LINE
  5
262
330
1B
100
AcDbEntity
  8
B.Cu
  6
CONTINUOUS
100
AcDbLine
 10
169.4525669999999877
 20
-88.7108419999999995
 30
0
 11
169.4728360000000009
 21
-88.635194999999996
 31
0
  0
LINE
  5
263
330
1B
100
AcDbEntity
  8
B.Cu
  6
CONTINUOUS
100
AcDbLine
 10
169.4728360000000009
 20
-88.635194999999996
 30
0
 11
169.5119939999999872
 21
-88.5673719999999918
 31
0
  0
LINE
  5
264
330
1B
100
AcDbEntity
  8
B.Cu
  6
CONTINUOUS
100
AcDbLine
 10
169.5119939999999872
 20
-88.5673719999999918
 30
0
 11
169.567372000000006
 21
-88.5119940000000014
 31
0
  0
LINE
  5
265
330
1B
100
AcDbEntity
  8
B.Cu
  6
CONTINUOUS
100
AcDbLine
 10
169.567372000000006
 20
-88.5119940000000014
 30
0
 11
169.6173719999999889
 21
-88.46199399999999
 31
0
  0
LINE
  5
266
330
1B
100
AcDbEntity
  8
B.Cu
  6
CONTINUOUS
100
AcDbLine
 10
169.6173719999999889
 20
-88.46199399999999
 30
0
 11
169.6851949999999931
 21
-88.4228359999999896
 31
0
  0
LINE
  5
267
330
1B
100
AcDbEntity
  8
B.Cu
  6
CONTINUOUS
100
AcDbLine
 10
169.6851949999999931
 20
-88.4228359999999896
 30
0
 11
169.7608419999999967
 21
-88.4025669999999906
 31
0
  0
LINE
  5
268
330
1B
100
AcDbEntity
  8
B.Cu
  6
CONTINUOUS
100
AcDbLine
 10
169.7608419999999967
 20
-88.4025669999999906
 30
0
 11
169.8391579999999976
 21
-88.4025669999999906
 31
0
  0
LINE
  5
269
330
1B
100
AcDbEntity
  8
B.Cu
  6
CONTINUOUS
100
AcDbLine
 10
169.8391579999999976
 20
-88.4025669999999906
 30
0
 11
169.9148050000000012
 21
-88.4228359999999896
 31
0
  0
LINE
  5
26A
330
1B
100
AcDbEntity
  8
B.Cu
  6
CONTINUOUS
100
AcDbLine
 10
167.8648049999999898
 20
-90.4728360000000009
 30
0
 11
167.932627999999994
 21
-90.5119940000000014
 31
0
  0
LINE
  5
26B
330
1B
100
AcDbEntity
  8
B.Cu
  6
CONTINUOUS
100
AcDbLine
 10
167.932627999999994
 20
-90.5119940000000014
 30
0
 11
167.9880059999999844
 21
-90.5673719999999918
 31
0
  0
LINE
  5
26C
330
1B
100
AcDbEntity
  8
B.Cu
  6
CONTINUOUS
100
AcDbLine
 10
167.9880059999999844
 20
-90.5673719999999918
 30
0
 11
168.0271639999999991
 21
-90.635194999999996
 31
0
  0
LINE
  5
26D
330
1B
100
AcDbEntity
  8
B.Cu
  6
CONTINUOUS
100
AcDbLine
 10
168.0271639999999991
 20
-90.635194999999996
 30
0
 11
168.0474329999999838
 21
-90.7108419999999995
 31
0
  0
LINE
  5
26E
330
1B
100
AcDbEntity
  8
B.Cu
  6
CONTINUOUS
100
AcDbLine
 10
168.0474329999999838
 20
-90.7108419999999995
 30
0
 11
168.0474329999999838
 21
-90.7891580000000005
 31
0
  0
LINE
  5
26F
330
1B
100
AcDbEntity
  8
B.Cu
  6
CONTINUOUS
100
AcDbLine
 10
168.0474329999999838
 20
-90.7891580000000005
 30
0
 11
168.0271639999999991
 21
-90.8648049999999898
 31
0
  0
LINE
  5
270
330
1B
100
AcDbEntity
  8
B.Cu
  6
CONTINUOUS
100
AcDbLine
 10
168.0271639999999991
 20
-90.8648049999999898
 30
0
 11
167.9880059999999844
 21
-90.932627999999994
 31
0
  0
LINE
  5
271
330
1B
100
AcDbEntity
  8
B.Cu
  6
CONTINUOUS
100
AcDbLine
 10
167.9880059999999844
 20
-90.932627999999994
 30
0
 11
167.932627999999994
 21
-90.9880059999999986
 31
0
  0
LINE
  5
272
330
1B
100
AcDbEntity
  8
B.Cu
  6
CONTINUOUS
100
AcDbLine
 10
167.932627999999994
 20
-90.9880059999999986
 30
0
 11
167.8648049999999898
 21
-91.0271639999999991
 31
0
  0
LINE
  5
273
330
1B
100
AcDbEntity
  8
B.Cu
  6
CONTINUOUS
100
AcDbLine
 10
167.8648049999999898
 20
-91.0271639999999991
 30
0
 11
167.7891579999999863
 21
-91.0474329999999981
 31
0
  0
LINE
  5
274
330
1B
100
AcDbEntity
  8
B.Cu
  6
CONTINUOUS
100
AcDbLine
 10
167.7891579999999863
 20
-91.0474329999999981
 30
0
 11
167.7108419999999853
 21
-91.0474329999999981
 31
0
  0
LINE
  5
275
330
1B
100
AcDbEntity
  8
B.Cu
  6
CONTINUOUS
100
AcDbLine
 10
167.7108419999999853
 20
-91.0474329999999981
 30
0
 11
167.6351949999999817
 21
-91.0271639999999991
 31
0
  0
LINE
  5
276
330
1B
100
AcDbEntity
  8
B.Cu
  6
CONTINUOUS
100
AcDbLine
 10
167.6351949999999817
 20
-91.0271639999999991
 30
0
 11
167.567372000000006
 21
-90.9880059999999986
 31
0
  0
LINE
  5
277
330
1B
100
AcDbEntity
  8
B.Cu
  6
CONTINUOUS
100
AcDbLine
 10
167.567372000000006
 20
-90.9880059999999986
 30
0
 11
167.5119939999999872
 21
-90.932627999999994
 31
0
  0
LINE
  5
278
330
1B
100
AcDbEntity
  8
B.Cu
  6
CONTINUOUS
100
AcDbLine
 10
167.5119939999999872
 20
-90.932627999999994
 30
0
 11
167.4728360000000009
 21
-90.8648049999999898
 31
0
  0
LINE
  5
279
330
1B
100
AcDbEntity
  8
B.Cu
  6
CONTINUOUS
100
AcDbLine
 10
167.4728360000000009
 20
-90.8648049999999898
 30
0
 11
167.4525669999999877
 21
-90.7891580000000005
 31
0
  0
LINE
  5
27A
330
1B
100
AcDbEntity
  8
B.Cu
  6
CONTINUOUS
100
AcDbLine
 10
167.4525669999999877
 20
-90.7891580000000005
 30
0
 11
167.4525669999999877
 21
-90.7108419999999995
 31
0
  0
LINE
  5
27B
330
1B
100
AcDbEntity
  8
B.Cu
  6
CONTINUOUS
100
AcDbLine
 10
167.4525669999999877
 20
-90.7108419999999995
 30
0
 11
167.4728360000000009
 21
-90.635194999999996
 31
0
  0
LINE
  5
27C
330
1B
100
AcDbEntity
  8
B.Cu
  6
CONTINUOUS
100
AcDbLine
 10
167.4728360000000009
 20
-90.635194999999996
 30
0
 11
167.5119939999999872
 21
-90.5673719999999918
 31
0
  0
LINE
  5
27D
330
1B
100
AcDbEntity
  8
B.Cu
  6
CONTINUOUS
100
AcDbLine
 10
167.5119939999999872
 20
-90.5673719999999918
 30
0
 11
167.567372000000006
 21
-90.5119940000000014
 31
0
  0
LINE
  5
27E
330
1B
100
AcDbEntity
  8
B.Cu
  6
CONTINUOUS
100
AcDbLine
 10
167.567372000000006
 20
-90.5119940000000014
 30
0
 11
167.6351949999999817
 21
-90.4728360000000009
 31
0
  0
LINE
  5
27F
330
1B
100
AcDbEntity
  8
B.Cu
  6
CONTINUOUS
100
AcDbLine
 10
167.6351949999999817
 20
-90.4728360000000009
 30
0
 11
167.7108419999999853
 21
-90.4525670000000019
 31
0
  0
LINE
  5
280
330
1B
100
AcDbEntity
  8
B.Cu
  6
CONTINUOUS
100
AcDbLine
 10
167.7108419999999853
 20
-90.4525670000000019
 30
0
 11
167.7891579999999863
 21
-90.4525670000000019
 31
0
  0
LINE
  5
281
330
1B
100
AcDbEntity
  8
B.Cu
  6
CONTINUOUS
100
AcDbLine
 10
167.7891579999999863
 20
-90.4525670000000019
 30
0
 11
167.8648049999999898
 21
-90.4728360000000009
 31
0
  0
LINE
  5
282
330
1B
100
AcDbEntity
  8
B.Cu
  6
CONTINUOUS
100
AcDbLine
 10
129.8648049999999898
 20
-90.4728360000000009
 30
0
 11
129.932627999999994
 21
-90.5119940000000014
 31
0
  0
LINE
  5
283
330
1B
100
AcDbEntity
  8
B.Cu
  6
CONTINUOUS
100
AcDbLine
 10
129.932627999999994
 20
-90.5119940000000014
 30
0
 11
129.9880059999999844
 21
-90.5673719999999918
 31
0
  0
LINE
  5
284
330
1B
100
AcDbEntity
  8
B.Cu
  6
CONTINUOUS
100
AcDbLine
 10
129.9880059999999844
 20
-90.5673719999999918
 30
0
 11
130.0271639999999991
 21
-90.635194999999996
 31
0
  0
LINE
  5
285
330
1B
100
AcDbEntity
  8
B.Cu
  6
CONTINUOUS
100
AcDbLine
 10
130.0271639999999991
 20
-90.635194999999996
 30
0
 11
130.0474329999999838
 21
-90.7108419999999995
 31
0
  0
LINE
  5
286
330
1B
100
AcDbEntity
  8
B.Cu
  6
CONTINUOUS
100
AcDbLine
 10
130.0474329999999838
 20
-90.7108419999999995
 30
0
 11
130.0474329999999838
 21
-90.7891580000000005
 31
0
  0
LINE
  5
287
330
1B
100
AcDbEntity
  8
B.Cu
  6
CONTINUOUS
100
AcDbLine
 10
130.0474329999999838
 20
-90.7891580000000005
 30
0
 11
130.0271639999999991
 21
-90.8648049999999898
 31
0
  0
LINE
  5
288
330
1B
100
AcDbEntity
  8
B.Cu
  6
CONTINUOUS
100
AcDbLine
 10
130.0271639999999991
 20
-90.8648049999999898
 30
0
 11
129.9880059999999844
 21
-90.932627999999994
 31
0
  0
LINE
  5
289
330
1B
100
AcDbEntity
  8
B.Cu
  6
CONTINUOUS
100
AcDbLine
 10
129.9880059999999844
 20
-90.932627999999994
 30
0
 11
129.932627999999994
 21
-90.9880059999999986
 31
0
  0
LINE
  5
28A
330
1B
100
AcDbEntity
  8
B.Cu
  6
CONTINUOUS
100
AcDbLine
 10
129.932627999999994
 20
-90.9880059999999986
 30
0
 11
129.9249999999999829
 21
-90.9924099999999925
 31
0
  0
LINE
  5
28B
330
1B
100
AcDbEntity
  8
B.Cu
  6
CONTINUOUS
100
AcDbLine
 10
129.9249999999999829
 20
-90.9924099999999925
 30
0
 11
129.9249999999999829
 21
-93.6999989999999912
 31
0
  0
LINE
  5
28C
330
1B
100
AcDbEntity
  8
B.Cu
  6
CONTINUOUS
100
AcDbLine
 10
129.9249999999999829
 20
-93.6999989999999912
 30
0
 11
129.9225979999999936
 21
-93.7243849999999981
 31
0
  0
LINE
  5
28D
330
1B
100
AcDbEntity
  8
B.Cu
  6
CONTINUOUS
100
AcDbLine
 10
129.9225979999999936
 20
-93.7243849999999981
 30
0
 11
129.9039339999999925
 21
-93.7694449999999904
 31
0
  0
LINE
  5
28E
330
1B
100
AcDbEntity
  8
B.Cu
  6
CONTINUOUS
100
AcDbLine
 10
129.9039339999999925
 20
-93.7694449999999904
 30
0
 11
129.903932999999995
 21
-93.7694460000000021
 31
0
  0
LINE
  5
28F
330
1B
100
AcDbEntity
  8
B.Cu
  6
CONTINUOUS
100
AcDbLine
 10
129.903932999999995
 20
-93.7694460000000021
 30
0
 11
129.888387999999992
 21
-93.7883879999999976
 31
0
  0
LINE
  5
290
330
1B
100
AcDbEntity
  8
B.Cu
  6
CONTINUOUS
100
AcDbLine
 10
129.888387999999992
 20
-93.7883879999999976
 30
0
 11
125.9249999999999972
 21
-97.751774999999995
 31
0
  0
LINE
  5
291
330
1B
100
AcDbEntity
  8
B.Cu
  6
CONTINUOUS
100
AcDbLine
 10
125.9249999999999972
 20
-97.751774999999995
 30
0
 11
125.9249999999999972
 21
-98.5075889999999958
 31
0
  0
LINE
  5
292
330
1B
100
AcDbEntity
  8
B.Cu
  6
CONTINUOUS
100
AcDbLine
 10
125.9249999999999972
 20
-98.5075889999999958
 30
0
 11
125.932627999999994
 21
-98.5119940000000014
 31
0
  0
LINE
  5
293
330
1B
100
AcDbEntity
  8
B.Cu
  6
CONTINUOUS
100
AcDbLine
 10
125.932627999999994
 20
-98.5119940000000014
 30
0
 11
125.9880059999999986
 21
-98.5673719999999918
 31
0
  0
LINE
  5
294
330
1B
100
AcDbEntity
  8
B.Cu
  6
CONTINUOUS
100
AcDbLine
 10
125.9880059999999986
 20
-98.5673719999999918
 30
0
 11
126.0271639999999991
 21
-98.635194999999996
 31
0
  0
LINE
  5
295
330
1B
100
AcDbEntity
  8
B.Cu
  6
CONTINUOUS
100
AcDbLine
 10
126.0271639999999991
 20
-98.635194999999996
 30
0
 11
126.0474329999999981
 21
-98.7108419999999995
 31
0
  0
LINE
  5
296
330
1B
100
AcDbEntity
  8
B.Cu
  6
CONTINUOUS
100
AcDbLine
 10
126.0474329999999981
 20
-98.7108419999999995
 30
0
 11
126.0474329999999981
 21
-98.7891580000000005
 31
0
  0
LINE
  5
297
330
1B
100
AcDbEntity
  8
B.Cu
  6
CONTINUOUS
100
AcDbLine
 10
126.0474329999999981
 20
-98.7891580000000005
 30
0
 11
126.0271639999999991
 21
-98.8648049999999898
 31
0
  0
LINE
  5
298
330
1B
100
AcDbEntity
  8
B.Cu
  6
CONTINUOUS
100
AcDbLine
 10
126.0271639999999991
 20
-98.8648049999999898
 30
0
 11
125.9880059999999986
 21
-98.932627999999994
 31
0
  0
LINE
  5
299
330
1B
100
AcDbEntity
  8
B.Cu
  6
CONTINUOUS
100
AcDbLine
 10
125.9880059999999986
 20
-98.932627999999994
 30
0
 11
125.932627999999994
 21
-98.9880059999999986
 31
0
  0
LINE
  5
29A
330
1B
100
AcDbEntity
  8
B.Cu
  6
CONTINUOUS
100
AcDbLine
 10
125.932627999999994
 20
-98.9880059999999986
 30
0
 11
125.8648049999999898
 21
-99.0271639999999991
 31
0
  0
LINE
  5
29B
330
1B
100
AcDbEntity
  8
B.Cu
  6
CONTINUOUS
100
AcDbLine
 10
125.8648049999999898
 20
-99.0271639999999991
 30
0
 11
125.7891580000000005
 21
-99.0474329999999981
 31
0
  0
LINE
  5
29C
330
1B
100
AcDbEntity
  8
B.Cu
  6
CONTINUOUS
100
AcDbLine
 10
125.7891580000000005
 20
-99.0474329999999981
 30
0
 11
125.7108419999999995
 21
-99.0474329999999981
 31
0
  0
LINE
  5
29D
330
1B
100
AcDbEntity
  8
B.Cu
  6
CONTINUOUS
100
AcDbLine
 10
125.7108419999999995
 20
-99.0474329999999981
 30
0
 11
125.635194999999996
 21
-99.0271639999999991
 31
0
  0
LINE
  5
29E
330
1B
100
AcDbEntity
  8
B.Cu
  6
CONTINUOUS
100
AcDbLine
 10
125.635194999999996
 20
-99.0271639999999991
 30
0
 11
125.5673719999999918
 21
-98.9880059999999986
 31
0
  0
LINE
  5
29F
330
1B
100
AcDbEntity
  8
B.Cu
  6
CONTINUOUS
100
AcDbLine
 10
125.5673719999999918
 20
-98.9880059999999986
 30
0
 11
125.5119940000000014
 21
-98.932627999999994
 31
0
  0
LINE
  5
2A0
330
1B
100
AcDbEntity
  8
B.Cu
  6
CONTINUOUS
100
AcDbLine
 10
125.5119940000000014
 20
-98.932627999999994
 30
0
 11
125.4728360000000009
 21
-98.8648049999999898
 31
0
  0
LINE
  5
2A1
330
1B
100
AcDbEntity
  8
B.Cu
  6
CONTINUOUS
100
AcDbLine
 10
125.4728360000000009
 20
-98.8648049999999898
 30
0
 11
125.4525669999999877
 21
-98.7891580000000005
 31
0
  0
LINE
  5
2A2
330
1B
100
AcDbEntity
  8
B.Cu
  6
CONTINUOUS
100
AcDbLine
 10
125.4525669999999877
 20
-98.7891580000000005
 30
0
 11
125.4525669999999877
 21
-98.7108419999999995
 31
0
  0
LINE
  5
2A3
330
1B
100
AcDbEntity
  8
B.Cu
  6
CONTINUOUS
100
AcDbLine
 10
125.4525669999999877
 20
-98.7108419999999995
 30
0
 11
125.4728360000000009
 21
-98.635194999999996
 31
0
  0
LINE
  5
2A4
330
1B
100
AcDbEntity
  8
B.Cu
  6
CONTINUOUS
100
AcDbLine
 10
125.4728360000000009
 20
-98.635194999999996
 30
0
 11
125.5119940000000014
 21
-98.5673719999999918
 31
0
  0
LINE
  5
2A5
330
1B
100
AcDbEntity
  8
B.Cu
  6
CONTINUOUS
100
AcDbLine
 10
125.5119940000000014
 20
-98.5673719999999918
 30
0
 11
125.5673719999999918
 21
-98.5119940000000014
 31
0
  0
LINE
  5
2A6
330
1B
100
AcDbEntity
  8
B.Cu
  6
CONTINUOUS
100
AcDbLine
 10
125.5673719999999918
 20
-98.5119940000000014
 30
0
 11
125.635194999999996
 21
-98.4728360000000009
 31
0
  0
LINE
  5
2A7
330
1B
100
AcDbEntity
  8
B.Cu
  6
CONTINUOUS
100
AcDbLine
 10
125.635194999999996
 20
-98.4728360000000009
 30
0
 11
125.6749999999999972
 21
-98.4621700000000004
 31
0
  0
LINE
  5
2A8
330
1B
100
AcDbEntity
  8
B.Cu
  6
CONTINUOUS
100
AcDbLine
 10
125.6749999999999972
 20
-98.4621700000000004
 30
0
 11
125.6749999999999972
 21
-97.6999989999999912
 31
0
  0
LINE
  5
2A9
330
1B
100
AcDbEntity
  8
B.Cu
  6
CONTINUOUS
100
AcDbLine
 10
125.6749999999999972
 20
-97.6999989999999912
 30
0
 11
125.6774020000000007
 21
-97.6756129999999985
 31
0
  0
LINE
  5
2AA
330
1B
100
AcDbEntity
  8
B.Cu
  6
CONTINUOUS
100
AcDbLine
 10
125.6774020000000007
 20
-97.6756129999999985
 30
0
 11
125.6960659999999876
 21
-97.6305529999999919
 31
0
  0
LINE
  5
2AB
330
1B
100
AcDbEntity
  8
B.Cu
  6
CONTINUOUS
100
AcDbLine
 10
125.6960659999999876
 20
-97.6305529999999919
 30
0
 11
125.6960709999999892
 21
-97.6305469999999929
 31
0
  0
LINE
  5
2AC
330
1B
100
AcDbEntity
  8
B.Cu
  6
CONTINUOUS
100
AcDbLine
 10
125.6960709999999892
 20
-97.6305469999999929
 30
0
 11
125.7116119999999881
 21
-97.6116109999999964
 31
0
  0
LINE
  5
2AD
330
1B
100
AcDbEntity
  8
B.Cu
  6
CONTINUOUS
100
AcDbLine
 10
125.7116119999999881
 20
-97.6116109999999964
 30
0
 11
129.6749999999999829
 21
-93.6482219999999899
 31
0
  0
LINE
  5
2AE
330
1B
100
AcDbEntity
  8
B.Cu
  6
CONTINUOUS
100
AcDbLine
 10
129.6749999999999829
 20
-93.6482219999999899
 30
0
 11
129.6749999999999829
 21
-91.0378290000000021
 31
0
  0
LINE
  5
2AF
330
1B
100
AcDbEntity
  8
B.Cu
  6
CONTINUOUS
100
AcDbLine
 10
129.6749999999999829
 20
-91.0378290000000021
 30
0
 11
129.6351949999999817
 21
-91.0271639999999991
 31
0
  0
LINE
  5
2B0
330
1B
100
AcDbEntity
  8
B.Cu
  6
CONTINUOUS
100
AcDbLine
 10
129.6351949999999817
 20
-91.0271639999999991
 30
0
 11
129.567372000000006
 21
-90.9880059999999986
 31
0
  0
LINE
  5
2B1
330
1B
100
AcDbEntity
  8
B.Cu
  6
CONTINUOUS
100
AcDbLine
 10
129.567372000000006
 20
-90.9880059999999986
 30
0
 11
129.5119939999999872
 21
-90.932627999999994
 31
0
  0
LINE
  5
2B2
330
1B
100
AcDbEntity
  8
B.Cu
  6
CONTINUOUS
100
AcDbLine
 10
129.5119939999999872
 20
-90.932627999999994
 30
0
 11
129.4728360000000009
 21
-90.8648049999999898
 31
0
  0
LINE
  5
2B3
330
1B
100
AcDbEntity
  8
B.Cu
  6
CONTINUOUS
100
AcDbLine
 10
129.4728360000000009
 20
-90.8648049999999898
 30
0
 11
129.4525669999999877
 21
-90.7891580000000005
 31
0
  0
LINE
  5
2B4
330
1B
100
AcDbEntity
  8
B.Cu
  6
CONTINUOUS
100
AcDbLine
 10
129.4525669999999877
 20
-90.7891580000000005
 30
0
 11
129.4525669999999877
 21
-90.7108419999999995
 31
0
  0
LINE
  5
2B5
330
1B
100
AcDbEntity
  8
B.Cu
  6
CONTINUOUS
100
AcDbLine
 10
129.4525669999999877
 20
-90.7108419999999995
 30
0
 11
129.4728360000000009
 21
-90.635194999999996
 31
0
  0
LINE
  5
2B6
330
1B
100
AcDbEntity
  8
B.Cu
  6
CONTINUOUS
100
AcDbLine
 10
129.4728360000000009
 20
-90.635194999999996
 30
0
 11
129.5119939999999872
 21
-90.5673719999999918
 31
0
  0
LINE
  5
2B7
330
1B
100
AcDbEntity
  8
B.Cu
  6
CONTINUOUS
100
AcDbLine
 10
129.5119939999999872
 20
-90.5673719999999918
 30
0
 11
129.567372000000006
 21
-90.5119940000000014
 31
0
  0
LINE
  5
2B8
330
1B
100
AcDbEntity
  8
B.Cu
  6
CONTINUOUS
100
AcDbLine
 10
129.567372000000006
 20
-90.5119940000000014
 30
0
 11
129.6351949999999817
 21
-90.4728360000000009
 31
0
  0
LINE
  5
2B9
330
1B
100
AcDbEntity
  8
B.Cu
  6
CONTINUOUS
100
AcDbLine
 10
129.6351949999999817
 20
-90.4728360000000009
 30
0
 11
129.7108419999999853
 21
-90.4525670000000019
 31
0
  0
LINE
  5
2BA
330
1B
100
AcDbEntity
  8
B.Cu
  6
CONTINUOUS
100
AcDbLine
 10
129.7108419999999853
 20
-90.4525670000000019
 30
0
 11
129.7891579999999863
 21
-90.4525670000000019
 31
0
  0
LINE
  5
2BB
330
1B
100
AcDbEntity
  8
B.Cu
  6
CONTINUOUS
100
AcDbLine
 10
129.7891579999999863
 20
-90.4525670000000019
 30
0
 11
129.8648049999999898
 21
-90.4728360000000009
 31
0
  0
LINE
  5
2BC
330
1B
100
AcDbEntity
  8
B.Cu
  6
CONTINUOUS
100
AcDbLine
 10
125.8648049999999898
 20
-96.4728360000000009
 30
0
 11
125.932627999999994
 21
-96.5119940000000014
 31
0
  0
LINE
  5
2BD
330
1B
100
AcDbEntity
  8
B.Cu
  6
CONTINUOUS
100
AcDbLine
 10
125.932627999999994
 20
-96.5119940000000014
 30
0
 11
125.9880059999999986
 21
-96.5673719999999918
 31
0
  0
LINE
  5
2BE
330
1B
100
AcDbEntity
  8
B.Cu
  6
CONTINUOUS
100
AcDbLine
 10
125.9880059999999986
 20
-96.5673719999999918
 30
0
 11
126.0271639999999991
 21
-96.635194999999996
 31
0
  0
LINE
  5
2BF
330
1B
100
AcDbEntity
  8
B.Cu
  6
CONTINUOUS
100
AcDbLine
 10
126.0271639999999991
 20
-96.635194999999996
 30
0
 11
126.0474329999999981
 21
-96.7108419999999995
 31
0
  0
LINE
  5
2C0
330
1B
100
AcDbEntity
  8
B.Cu
  6
CONTINUOUS
100
AcDbLine
 10
126.0474329999999981
 20
-96.7108419999999995
 30
0
 11
126.0474329999999981
 21
-96.7891580000000005
 31
0
  0
LINE
  5
2C1
330
1B
100
AcDbEntity
  8
B.Cu
  6
CONTINUOUS
100
AcDbLine
 10
126.0474329999999981
 20
-96.7891580000000005
 30
0
 11
126.0271639999999991
 21
-96.8648049999999898
 31
0
  0
LINE
  5
2C2
330
1B
100
AcDbEntity
  8
B.Cu
  6
CONTINUOUS
100
AcDbLine
 10
126.0271639999999991
 20
-96.8648049999999898
 30
0
 11
125.9880059999999986
 21
-96.932627999999994
 31
0
  0
LINE
  5
2C3
330
1B
100
AcDbEntity
  8
B.Cu
  6
CONTINUOUS
100
AcDbLine
 10
125.9880059999999986
 20
-96.932627999999994
 30
0
 11
125.932627999999994
 21
-96.9880059999999986
 31
0
  0
LINE
  5
2C4
330
1B
100
AcDbEntity
  8
B.Cu
  6
CONTINUOUS
100
AcDbLine
 10
125.932627999999994
 20
-96.9880059999999986
 30
0
 11
125.8648049999999898
 21
-97.0271639999999991
 31
0
  0
LINE
  5
2C5
330
1B
100
AcDbEntity
  8
B.Cu
  6
CONTINUOUS
100
AcDbLine
 10
125.8648049999999898
 20
-97.0271639999999991
 30
0
 11
125.7891580000000005
 21
-97.0474329999999981
 31
0
  0
LINE
  5
2C6
330
1B
100
AcDbEntity
  8
B.Cu
  6
CONTINUOUS
100
AcDbLine
 10
125.7891580000000005
 20
-97.0474329999999981
 30
0
 11
125.7108419999999995
 21
-97.0474329999999981
 31
0
  0
LINE
  5
2C7
330
1B
100
AcDbEntity
  8
B.Cu
  6
CONTINUOUS
100
AcDbLine
 10
125.7108419999999995
 20
-97.0474329999999981
 30
0
 11
125.635194999999996
 21
-97.0271639999999991
 31
0
  0
LINE
  5
2C8
330
1B
100
AcDbEntity
  8
B.Cu
  6
CONTINUOUS
100
AcDbLine
 10
125.635194999999996
 20
-97.0271639999999991
 30
0
 11
125.5673719999999918
 21
-96.9880059999999986
 31
0
  0
LINE
  5
2C9
330
1B
100
AcDbEntity
  8
B.Cu
  6
CONTINUOUS
100
AcDbLine
 10
125.5673719999999918
 20
-96.9880059999999986
 30
0
 11
125.5119940000000014
 21
-96.932627999999994
 31
0
  0
LINE
  5
2CA
330
1B
100
AcDbEntity
  8
B.Cu
  6
CONTINUOUS
100
AcDbLine
 10
125.5119940000000014
 20
-96.932627999999994
 30
0
 11
125.4728360000000009
 21
-96.8648049999999898
 31
0
  0
LINE
  5
2CB
330
1B
100
AcDbEntity
  8
B.Cu
  6
CONTINUOUS
100
AcDbLine
 10
125.4728360000000009
 20
-96.8648049999999898
 30
0
 11
125.4525669999999877
 21
-96.7891580000000005
 31
0
  0
LINE
  5
2CC
330
1B
100
AcDbEntity
  8
B.Cu
  6
CONTINUOUS
100
AcDbLine
 10
125.4525669999999877
 20
-96.7891580000000005
 30
0
 11
125.4525669999999877
 21
-96.7108419999999995
 31
0
  0
LINE
  5
2CD
330
1B
100
AcDbEntity
  8
B.Cu
  6
CONTINUOUS
100
AcDbLine
 10
125.4525669999999877
 20
-96.7108419999999995
 30
0
 11
125.4728360000000009
 21
-96.635194999999996
 31
0
  0
LINE
  5
2CE
330
1B
100
AcDbEntity
  8
B.Cu
  6
CONTINUOUS
100
AcDbLine
 10
125.4728360000000009
 20
-96.635194999999996
 30
0
 11
125.5119940000000014
 21
-96.5673719999999918
 31
0
  0
LINE
  5
2CF
330
1B
100
AcDbEntity
  8
B.Cu
  6
CONTINUOUS
100
AcDbLine
 10
125.5119940000000014
 20
-96.5673719999999918
 30
0
 11
125.5673719999999918
 21
-96.5119940000000014
 31
0
  0
LINE
  5
2D0
330
1B
100
AcDbEntity
  8
B.Cu
  6
CONTINUOUS
100
AcDbLine
 10
125.5673719999999918
 20
-96.5119940000000014
 30
0
 11
125.635194999999996
 21
-96.4728360000000009
 31
0
  0
LINE
  5
2D1
330
1B
100
AcDbEntity
  8
B.Cu
  6
CONTINUOUS
100
AcDbLine
 10
125.635194999999996
 20
-96.4728360000000009
 30
0
 11
125.7108419999999995
 21
-96.4525670000000019
 31
0
  0
LINE
  5
2D2
330
1B
100
AcDbEntity
  8
B.Cu
  6
CONTINUOUS
100
AcDbLine
 10
125.7108419999999995
 20
-96.4525670000000019
 30
0
 11
125.7891580000000005
 21
-96.4525670000000019
 31
0
  0
LINE
  5
2D3
330
1B
100
AcDbEntity
  8
B.Cu
  6
CONTINUOUS
100
AcDbLine
 10
125.7891580000000005
 20
-96.4525670000000019
 30
0
 11
125.8648049999999898
 21
-96.4728360000000009
 31
0
  0
LINE
  5
2D4
330
1B
100
AcDbEntity
  8
B.Cu
  6
CONTINUOUS
100
AcDbLine
 10
127.8648049999999898
 20
-96.4728360000000009
 30
0
 11
127.932627999999994
 21
-96.5119940000000014
 31
0
  0
LINE
  5
2D5
330
1B
100
AcDbEntity
  8
B.Cu
  6
CONTINUOUS
100
AcDbLine
 10
127.932627999999994
 20
-96.5119940000000014
 30
0
 11
127.9880059999999986
 21
-96.5673719999999918
 31
0
  0
LINE
  5
2D6
330
1B
100
AcDbEntity
  8
B.Cu
  6
CONTINUOUS
100
AcDbLine
 10
127.9880059999999986
 20
-96.5673719999999918
 30
0
 11
128.0271639999999991
 21
-96.635194999999996
 31
0
  0
LINE
  5
2D7
330
1B
100
AcDbEntity
  8
B.Cu
  6
CONTINUOUS
100
AcDbLine
 10
128.0271639999999991
 20
-96.635194999999996
 30
0
 11
128.0474329999999838
 21
-96.7108419999999995
 31
0
  0
LINE
  5
2D8
330
1B
100
AcDbEntity
  8
B.Cu
  6
CONTINUOUS
100
AcDbLine
 10
128.0474329999999838
 20
-96.7108419999999995
 30
0
 11
128.0474329999999838
 21
-96.7891580000000005
 31
0
  0
LINE
  5
2D9
330
1B
100
AcDbEntity
  8
B.Cu
  6
CONTINUOUS
100
AcDbLine
 10
128.0474329999999838
 20
-96.7891580000000005
 30
0
 11
128.0271639999999991
 21
-96.8648049999999898
 31
0
  0
LINE
  5
2DA
330
1B
100
AcDbEntity
  8
B.Cu
  6
CONTINUOUS
100
AcDbLine
 10
128.0271639999999991
 20
-96.8648049999999898
 30
0
 11
127.9880059999999986
 21
-96.932627999999994
 31
0
  0
LINE
  5
2DB
330
1B
100
AcDbEntity
  8
B.Cu
  6
CONTINUOUS
100
AcDbLine
 10
127.9880059999999986
 20
-96.932627999999994
 30
0
 11
127.932627999999994
 21
-96.9880059999999986
 31
0
  0
LINE
  5
2DC
330
1B
100
AcDbEntity
  8
B.Cu
  6
CONTINUOUS
100
AcDbLine
 10
127.932627999999994
 20
-96.9880059999999986
 30
0
 11
127.8648049999999898
 21
-97.0271639999999991
 31
0
  0
LINE
  5
2DD
330
1B
100
AcDbEntity
  8
B.Cu
  6
CONTINUOUS
100
AcDbLine
 10
127.8648049999999898
 20
-97.0271639999999991
 30
0
 11
127.7891580000000005
 21
-97.0474329999999981
 31
0
  0
LINE
  5
2DE
330
1B
100
AcDbEntity
  8
B.Cu
  6
CONTINUOUS
100
AcDbLine
 10
127.7891580000000005
 20
-97.0474329999999981
 30
0
 11
127.7108419999999995
 21
-97.0474329999999981
 31
0
  0
LINE
  5
2DF
330
1B
100
AcDbEntity
  8
B.Cu
  6
CONTINUOUS
100
AcDbLine
 10
127.7108419999999995
 20
-97.0474329999999981
 30
0
 11
127.635194999999996
 21
-97.0271639999999991
 31
0
  0
LINE
  5
2E0
330
1B
100
AcDbEntity
  8
B.Cu
  6
CONTINUOUS
100
AcDbLine
 10
127.635194999999996
 20
-97.0271639999999991
 30
0
 11
127.5673719999999918
 21
-96.9880059999999986
 31
0
  0
LINE
  5
2E1
330
1B
100
AcDbEntity
  8
B.Cu
  6
CONTINUOUS
100
AcDbLine
 10
127.5673719999999918
 20
-96.9880059999999986
 30
0
 11
127.5119939999999872
 21
-96.932627999999994
 31
0
  0
LINE
  5
2E2
330
1B
100
AcDbEntity
  8
B.Cu
  6
CONTINUOUS
100
AcDbLine
 10
127.5119939999999872
 20
-96.932627999999994
 30
0
 11
127.4728360000000009
 21
-96.8648049999999898
 31
0
  0
LINE
  5
2E3
330
1B
100
AcDbEntity
  8
B.Cu
  6
CONTINUOUS
100
AcDbLine
 10
127.4728360000000009
 20
-96.8648049999999898
 30
0
 11
127.4525669999999877
 21
-96.7891580000000005
 31
0
  0
LINE
  5
2E4
330
1B
100
AcDbEntity
  8
B.Cu
  6
CONTINUOUS
100
AcDbLine
 10
127.4525669999999877
 20
-96.7891580000000005
 30
0
 11
127.4525669999999877
 21
-96.7108419999999995
 31
0
  0
LINE
  5
2E5
330
1B
100
AcDbEntity
  8
B.Cu
  6
CONTINUOUS
100
AcDbLine
 10
127.4525669999999877
 20
-96.7108419999999995
 30
0
 11
127.4728360000000009
 21
-96.635194999999996
 31
0
  0
LINE
  5
2E6
330
1B
100
AcDbEntity
  8
B.Cu
  6
CONTINUOUS
100
AcDbLine
 10
127.4728360000000009
 20
-96.635194999999996
 30
0
 11
127.5119939999999872
 21
-96.5673719999999918
 31
0
  0
LINE
  5
2E7
330
1B
100
AcDbEntity
  8
B.Cu
  6
CONTINUOUS
100
AcDbLine
 10
127.5119939999999872
 20
-96.5673719999999918
 30
0
 11
127.5673719999999918
 21
-96.5119940000000014
 31
0
  0
LINE
  5
2E8
330
1B
100
AcDbEntity
  8
B.Cu
  6
CONTINUOUS
100
AcDbLine
 10
127.5673719999999918
 20
-96.5119940000000014
 30
0
 11
127.635194999999996
 21
-96.4728360000000009
 31
0
  0
LINE
  5
2E9
330
1B
100
AcDbEntity
  8
B.Cu
  6
CONTINUOUS
100
AcDbLine
 10
127.635194999999996
 20
-96.4728360000000009
 30
0
 11
127.7108419999999995
 21
-96.4525670000000019
 31
0
  0
LINE
  5
2EA
330
1B
100
AcDbEntity
  8
B.Cu
  6
CONTINUOUS
100
AcDbLine
 10
127.7108419999999995
 20
-96.4525670000000019
 30
0
 11
127.7891580000000005
 21
-96.4525670000000019
 31
0
  0
LINE
  5
2EB
330
1B
100
AcDbEntity
  8
B.Cu
  6
CONTINUOUS
100
AcDbLine
 10
127.7891580000000005
 20
-96.4525670000000019
 30
0
 11
127.8648049999999898
 21
-96.4728360000000009
 31
0
  0
LINE
  5
2EC
330
1B
100
AcDbEntity
  8
B.Cu
  6
CONTINUOUS
100
AcDbLine
 10
171.8648049999999898
 20
-98.4728360000000009
 30
0
 11
171.932627999999994
 21
-98.5119940000000014
 31
0
  0
LINE
  5
2ED
330
1B
100
AcDbEntity
  8
B.Cu
  6
CONTINUOUS
100
AcDbLine
 10
171.932627999999994
 20
-98.5119940000000014
 30
0
 11
171.9880059999999844
 21
-98.5673719999999918
 31
0
  0
LINE
  5
2EE
330
1B
100
AcDbEntity
  8
B.Cu
  6
CONTINUOUS
100
AcDbLine
 10
171.9880059999999844
 20
-98.5673719999999918
 30
0
 11
172.0271639999999991
 21
-98.635194999999996
 31
0
  0
LINE
  5
2EF
330
1B
100
AcDbEntity
  8
B.Cu
  6
CONTINUOUS
100
AcDbLine
 10
172.0271639999999991
 20
-98.635194999999996
 30
0
 11
172.0474329999999838
 21
-98.7108419999999995
 31
0
  0
LINE
  5
2F0
330
1B
100
AcDbEntity
  8
B.Cu
  6
CONTINUOUS
100
AcDbLine
 10
172.0474329999999838
 20
-98.7108419999999995
 30
0
 11
172.0474329999999838
 21
-98.7891580000000005
 31
0
  0
LINE
  5
2F1
330
1B
100
AcDbEntity
  8
B.Cu
  6
CONTINUOUS
100
AcDbLine
 10
172.0474329999999838
 20
-98.7891580000000005
 30
0
 11
172.0271639999999991
 21
-98.8648049999999898
 31
0
  0
LINE
  5
2F2
330
1B
100
AcDbEntity
  8
B.Cu
  6
CONTINUOUS
100
AcDbLine
 10
172.0271639999999991
 20
-98.8648049999999898
 30
0
 11
171.9880059999999844
 21
-98.932627999999994
 31
0
  0
LINE
  5
2F3
330
1B
100
AcDbEntity
  8
B.Cu
  6
CONTINUOUS
100
AcDbLine
 10
171.9880059999999844
 20
-98.932627999999994
 30
0
 11
171.932627999999994
 21
-98.9880059999999986
 31
0
  0
LINE
  5
2F4
330
1B
100
AcDbEntity
  8
B.Cu
  6
CONTINUOUS
100
AcDbLine
 10
171.932627999999994
 20
-98.9880059999999986
 30
0
 11
171.8648049999999898
 21
-99.0271639999999991
 31
0
  0
LINE
  5
2F5
330
1B
100
AcDbEntity
  8
B.Cu
  6
CONTINUOUS
100
AcDbLine
 10
171.8648049999999898
 20
-99.0271639999999991
 30
0
 11
171.7891579999999863
 21
-99.0474329999999981
 31
0
  0
LINE
  5
2F6
330
1B
100
AcDbEntity
  8
B.Cu
  6
CONTINUOUS
100
AcDbLine
 10
171.7891579999999863
 20
-99.0474329999999981
 30
0
 11
171.7108419999999853
 21
-99.0474329999999981
 31
0
  0
LINE
  5
2F7
330
1B
100
AcDbEntity
  8
B.Cu
  6
CONTINUOUS
100
AcDbLine
 10
171.7108419999999853
 20
-99.0474329999999981
 30
0
 11
171.6351949999999817
 21
-99.0271639999999991
 31
0
  0
LINE
  5
2F8
330
1B
100
AcDbEntity
  8
B.Cu
  6
CONTINUOUS
100
AcDbLine
 10
171.6351949999999817
 20
-99.0271639999999991
 30
0
 11
171.567372000000006
 21
-98.9880059999999986
 31
0
  0
LINE
  5
2F9
330
1B
100
AcDbEntity
  8
B.Cu
  6
CONTINUOUS
100
AcDbLine
 10
171.567372000000006
 20
-98.9880059999999986
 30
0
 11
171.5119939999999872
 21
-98.932627999999994
 31
0
  0
LINE
  5
2FA
330
1B
100
AcDbEntity
  8
B.Cu
  6
CONTINUOUS
100
AcDbLine
 10
171.5119939999999872
 20
-98.932627999999994
 30
0
 11
171.4728360000000009
 21
-98.8648049999999898
 31
0
  0
LINE
  5
2FB
330
1B
100
AcDbEntity
  8
B.Cu
  6
CONTINUOUS
100
AcDbLine
 10
171.4728360000000009
 20
-98.8648049999999898
 30
0
 11
171.4525669999999877
 21
-98.7891580000000005
 31
0
  0
LINE
  5
2FC
330
1B
100
AcDbEntity
  8
B.Cu
  6
CONTINUOUS
100
AcDbLine
 10
171.4525669999999877
 20
-98.7891580000000005
 30
0
 11
171.4525669999999877
 21
-98.7108419999999995
 31
0
  0
LINE
  5
2FD
330
1B
100
AcDbEntity
  8
B.Cu
  6
CONTINUOUS
100
AcDbLine
 10
171.4525669999999877
 20
-98.7108419999999995
 30
0
 11
171.4728360000000009
 21
-98.635194999999996
 31
0
  0
LINE
  5
2FE
330
1B
100
AcDbEntity
  8
B.Cu
  6
CONTINUOUS
100
AcDbLine
 10
171.4728360000000009
 20
-98.635194999999996
 30
0
 11
171.5119939999999872
 21
-98.5673719999999918
 31
0
  0
LINE
  5
2FF
330
1B
100
AcDbEntity
  8
B.Cu
  6
CONTINUOUS
100
AcDbLine
 10
171.5119939999999872
 20
-98.5673719999999918
 30
0
 11
171.567372000000006
 21
-98.5119940000000014
 31
0
  0
LINE
  5
300
330
1B
100
AcDbEntity
  8
B.Cu
  6
CONTINUOUS
100
AcDbLine
 10
171.567372000000006
 20
-98.5119940000000014
 30
0
 11
171.6351949999999817
 21
-98.4728360000000009
 31
0
  0
LINE
  5
301
330
1B
100
AcDbEntity
  8
B.Cu
  6
CONTINUOUS
100
AcDbLine
 10
171.6351949999999817
 20
-98.4728360000000009
 30
0
 11
171.7108419999999853
 21
-98.4525670000000019
 31
0
  0
LINE
  5
302
330
1B
100
AcDbEntity
  8
B.Cu
  6
CONTINUOUS
100
AcDbLine
 10
171.7108419999999853
 20
-98.4525670000000019
 30
0
 11
171.7891579999999863
 21
-98.4525670000000019
 31
0
  0
LINE
  5
303
330
1B
100
AcDbEntity
  8
B.Cu
  6
CONTINUOUS
100
AcDbLine
 10
171.7891579999999863
 20
-98.4525670000000019
 30
0
 11
171.8648049999999898
 21
-98.4728360000000009
 31
0
  0
LINE
  5
304
330
1B
100
AcDbEntity
  8
B.Cu
  6
CONTINUOUS
100
AcDbLine
 10
165.9530729999999892
 20
-88.3304479999999899
 30
0
 11
166.0435049999999819
 21
-88.3826589999999896
 31
0
  0
LINE
  5
305
330
1B
100
AcDbEntity
  8
B.Cu
  6
CONTINUOUS
100
AcDbLine
 10
166.0435049999999819
 20
-88.3826589999999896
 30
0
 11
166.1173409999999819
 21
-88.4564949999999897
 31
0
  0
LINE
  5
306
330
1B
100
AcDbEntity
  8
B.Cu
  6
CONTINUOUS
100
AcDbLine
 10
166.1173409999999819
 20
-88.4564949999999897
 30
0
 11
166.1695519999999817
 21
-88.5469269999999966
 31
0
  0
LINE
  5
307
330
1B
100
AcDbEntity
  8
B.Cu
  6
CONTINUOUS
100
AcDbLine
 10
166.1695519999999817
 20
-88.5469269999999966
 30
0
 11
166.1965779999999882
 21
-88.6477900000000005
 31
0
  0
LINE
  5
308
330
1B
100
AcDbEntity
  8
B.Cu
  6
CONTINUOUS
100
AcDbLine
 10
166.1965779999999882
 20
-88.6477900000000005
 30
0
 11
166.1999999999999886
 21
-88.7000000000000028
 31
0
  0
LINE
  5
309
330
1B
100
AcDbEntity
  8
B.Cu
  6
CONTINUOUS
100
AcDbLine
 10
166.1999999999999886
 20
-88.7000000000000028
 30
0
 11
166.1999999999999886
 21
-94.6999989999999912
 31
0
  0
LINE
  5
30A
330
1B
100
AcDbEntity
  8
B.Cu
  6
CONTINUOUS
100
AcDbLine
 10
166.1999999999999886
 20
-94.6999989999999912
 30
0
 11
166.1965779999999882
 21
-94.7522089999999935
 31
0
  0
LINE
  5
30B
330
1B
100
AcDbEntity
  8
B.Cu
  6
CONTINUOUS
100
AcDbLine
 10
166.1965779999999882
 20
-94.7522089999999935
 30
0
 11
166.1695519999999817
 21
-94.8530729999999949
 31
0
  0
LINE
  5
30C
330
1B
100
AcDbEntity
  8
B.Cu
  6
CONTINUOUS
100
AcDbLine
 10
166.1695519999999817
 20
-94.8530729999999949
 30
0
 11
166.1173409999999819
 21
-94.9435039999999901
 31
0
  0
LINE
  5
30D
330
1B
100
AcDbEntity
  8
B.Cu
  6
CONTINUOUS
100
AcDbLine
 10
166.1173409999999819
 20
-94.9435039999999901
 30
0
 11
166.0828429999999969
 21
-94.9828419999999909
 31
0
  0
LINE
  5
30E
330
1B
100
AcDbEntity
  8
B.Cu
  6
CONTINUOUS
100
AcDbLine
 10
166.0828429999999969
 20
-94.9828419999999909
 30
0
 11
164.0828429999999969
 21
-96.9828419999999909
 31
0
  0
LINE
  5
30F
330
1B
100
AcDbEntity
  8
B.Cu
  6
CONTINUOUS
100
AcDbLine
 10
164.0828429999999969
 20
-96.9828419999999909
 30
0
 11
164.0435049999999819
 21
-97.0173399999999901
 31
0
  0
LINE
  5
310
330
1B
100
AcDbEntity
  8
B.Cu
  6
CONTINUOUS
100
AcDbLine
 10
164.0435049999999819
 20
-97.0173399999999901
 30
0
 11
163.9530739999999867
 21
-97.0695509999999899
 31
0
  0
LINE
  5
311
330
1B
100
AcDbEntity
  8
B.Cu
  6
CONTINUOUS
100
AcDbLine
 10
163.9530739999999867
 20
-97.0695509999999899
 30
0
 11
163.8522099999999853
 21
-97.0965769999999964
 31
0
  0
LINE
  5
312
330
1B
100
AcDbEntity
  8
B.Cu
  6
CONTINUOUS
100
AcDbLine
 10
163.8522099999999853
 20
-97.0965769999999964
 30
0
 11
163.7477899999999806
 21
-97.0965769999999964
 31
0
  0
LINE
  5
313
330
1B
100
AcDbEntity
  8
B.Cu
  6
CONTINUOUS
100
AcDbLine
 10
163.7477899999999806
 20
-97.0965769999999964
 30
0
 11
163.6469259999999792
 21
-97.0695509999999899
 31
0
  0
LINE
  5
314
330
1B
100
AcDbEntity
  8
B.Cu
  6
CONTINUOUS
100
AcDbLine
 10
163.6469259999999792
 20
-97.0695509999999899
 30
0
 11
163.556494999999984
 21
-97.0173399999999901
 31
0
  0
LINE
  5
315
330
1B
100
AcDbEntity
  8
B.Cu
  6
CONTINUOUS
100
AcDbLine
 10
163.556494999999984
 20
-97.0173399999999901
 30
0
 11
163.482658999999984
 21
-96.9435039999999901
 31
0
  0
LINE
  5
316
330
1B
100
AcDbEntity
  8
B.Cu
  6
CONTINUOUS
100
AcDbLine
 10
163.482658999999984
 20
-96.9435039999999901
 30
0
 11
163.4304479999999842
 21
-96.8530729999999949
 31
0
  0
LINE
  5
317
330
1B
100
AcDbEntity
  8
B.Cu
  6
CONTINUOUS
100
AcDbLine
 10
163.4304479999999842
 20
-96.8530729999999949
 30
0
 11
163.4034220000000062
 21
-96.7522089999999935
 31
0
  0
LINE
  5
318
330
1B
100
AcDbEntity
  8
B.Cu
  6
CONTINUOUS
100
AcDbLine
 10
163.4034220000000062
 20
-96.7522089999999935
 30
0
 11
163.4034220000000062
 21
-96.6477889999999888
 31
0
  0
LINE
  5
319
330
1B
100
AcDbEntity
  8
B.Cu
  6
CONTINUOUS
100
AcDbLine
 10
163.4034220000000062
 20
-96.6477889999999888
 30
0
 11
163.4304479999999842
 21
-96.5469250000000017
 31
0
  0
LINE
  5
31A
330
1B
100
AcDbEntity
  8
B.Cu
  6
CONTINUOUS
100
AcDbLine
 10
163.4304479999999842
 20
-96.5469250000000017
 30
0
 11
163.482658999999984
 21
-96.4564939999999922
 31
0
  0
LINE
  5
31B
330
1B
100
AcDbEntity
  8
B.Cu
  6
CONTINUOUS
100
AcDbLine
 10
163.482658999999984
 20
-96.4564939999999922
 30
0
 11
163.5171569999999974
 21
-96.4171559999999914
 31
0
  0
LINE
  5
31C
330
1B
100
AcDbEntity
  8
B.Cu
  6
CONTINUOUS
100
AcDbLine
 10
163.5171569999999974
 20
-96.4171559999999914
 30
0
 11
165.4000000000000057
 21
-94.5343129999999974
 31
0
  0
LINE
  5
31D
330
1B
100
AcDbEntity
  8
B.Cu
  6
CONTINUOUS
100
AcDbLine
 10
165.4000000000000057
 20
-94.5343129999999974
 30
0
 11
165.4000000000000057
 21
-88.7000000000000028
 31
0
  0
LINE
  5
31E
330
1B
100
AcDbEntity
  8
B.Cu
  6
CONTINUOUS
100
AcDbLine
 10
165.4000000000000057
 20
-88.7000000000000028
 30
0
 11
165.4034220000000062
 21
-88.6477900000000005
 31
0
  0
LINE
  5
31F
330
1B
100
AcDbEntity
  8
B.Cu
  6
CONTINUOUS
100
AcDbLine
 10
165.4034220000000062
 20
-88.6477900000000005
 30
0
 11
165.4304479999999842
 21
-88.5469269999999966
 31
0
  0
LINE
  5
320
330
1B
100
AcDbEntity
  8
B.Cu
  6
CONTINUOUS
100
AcDbLine
 10
165.4304479999999842
 20
-88.5469269999999966
 30
0
 11
165.482658999999984
 21
-88.4564949999999897
 31
0
  0
LINE
  5
321
330
1B
100
AcDbEntity
  8
B.Cu
  6
CONTINUOUS
100
AcDbLine
 10
165.482658999999984
 20
-88.4564949999999897
 30
0
 11
165.556494999999984
 21
-88.3826589999999896
 31
0
  0
LINE
  5
322
330
1B
100
AcDbEntity
  8
B.Cu
  6
CONTINUOUS
100
AcDbLine
 10
165.556494999999984
 20
-88.3826589999999896
 30
0
 11
165.6469270000000051
 21
-88.3304479999999899
 31
0
  0
LINE
  5
323
330
1B
100
AcDbEntity
  8
B.Cu
  6
CONTINUOUS
100
AcDbLine
 10
165.6469270000000051
 20
-88.3304479999999899
 30
0
 11
165.7477899999999806
 21
-88.3034219999999976
 31
0
  0
LINE
  5
324
330
1B
100
AcDbEntity
  8
B.Cu
  6
CONTINUOUS
100
AcDbLine
 10
165.7477899999999806
 20
-88.3034219999999976
 30
0
 11
165.8522099999999853
 21
-88.3034219999999976
 31
0
  0
LINE
  5
325
330
1B
100
AcDbEntity
  8
B.Cu
  6
CONTINUOUS
100
AcDbLine
 10
165.8522099999999853
 20
-88.3034219999999976
 30
0
 11
165.9530729999999892
 21
-88.3304479999999899
 31
0
  0
LINE
  5
326
330
1B
100
AcDbEntity
  8
B.Cu
  6
CONTINUOUS
100
AcDbLine
 10
129.8648049999999898
 20
-96.4728360000000009
 30
0
 11
129.932627999999994
 21
-96.5119940000000014
 31
0
  0
LINE
  5
327
330
1B
100
AcDbEntity
  8
B.Cu
  6
CONTINUOUS
100
AcDbLine
 10
129.932627999999994
 20
-96.5119940000000014
 30
0
 11
129.9880059999999844
 21
-96.5673719999999918
 31
0
  0
LINE
  5
328
330
1B
100
AcDbEntity
  8
B.Cu
  6
CONTINUOUS
100
AcDbLine
 10
129.9880059999999844
 20
-96.5673719999999918
 30
0
 11
130.0271639999999991
 21
-96.635194999999996
 31
0
  0
LINE
  5
329
330
1B
100
AcDbEntity
  8
B.Cu
  6
CONTINUOUS
100
AcDbLine
 10
130.0271639999999991
 20
-96.635194999999996
 30
0
 11
130.0474329999999838
 21
-96.7108419999999995
 31
0
  0
LINE
  5
32A
330
1B
100
AcDbEntity
  8
B.Cu
  6
CONTINUOUS
100
AcDbLine
 10
130.0474329999999838
 20
-96.7108419999999995
 30
0
 11
130.0474329999999838
 21
-96.7891580000000005
 31
0
  0
LINE
  5
32B
330
1B
100
AcDbEntity
  8
B.Cu
  6
CONTINUOUS
100
AcDbLine
 10
130.0474329999999838
 20
-96.7891580000000005
 30
0
 11
130.0271639999999991
 21
-96.8648049999999898
 31
0
  0
LINE
  5
32C
330
1B
100
AcDbEntity
  8
B.Cu
  6
CONTINUOUS
100
AcDbLine
 10
130.0271639999999991
 20
-96.8648049999999898
 30
0
 11
129.9880059999999844
 21
-96.932627999999994
 31
0
  0
LINE
  5
32D
330
1B
100
AcDbEntity
  8
B.Cu
  6
CONTINUOUS
100
AcDbLine
 10
129.9880059999999844
 20
-96.932627999999994
 30
0
 11
129.932627999999994
 21
-96.9880059999999986
 31
0
  0
LINE
  5
32E
330
1B
100
AcDbEntity
  8
B.Cu
  6
CONTINUOUS
100
AcDbLine
 10
129.932627999999994
 20
-96.9880059999999986
 30
0
 11
129.8648049999999898
 21
-97.0271639999999991
 31
0
  0
LINE
  5
32F
330
1B
100
AcDbEntity
  8
B.Cu
  6
CONTINUOUS
100
AcDbLine
 10
129.8648049999999898
 20
-97.0271639999999991
 30
0
 11
129.7891579999999863
 21
-97.0474329999999981
 31
0
  0
LINE
  5
330
330
1B
100
AcDbEntity
  8
B.Cu
  6
CONTINUOUS
100
AcDbLine
 10
129.7891579999999863
 20
-97.0474329999999981
 30
0
 11
129.7108419999999853
 21
-97.0474329999999981
 31
0
  0
LINE
  5
331
330
1B
100
AcDbEntity
  8
B.Cu
  6
CONTINUOUS
100
AcDbLine
 10
129.7108419999999853
 20
-97.0474329999999981
 30
0
 11
129.6351949999999817
 21
-97.0271639999999991
 31
0
  0
LINE
  5
332
330
1B
100
AcDbEntity
  8
B.Cu
  6
CONTINUOUS
100
AcDbLine
 10
129.6351949999999817
 20
-97.0271639999999991
 30
0
 11
129.567372000000006
 21
-96.9880059999999986
 31
0
  0
LINE
  5
333
330
1B
100
AcDbEntity
  8
B.Cu
  6
CONTINUOUS
100
AcDbLine
 10
129.567372000000006
 20
-96.9880059999999986
 30
0
 11
129.5119939999999872
 21
-96.932627999999994
 31
0
  0
LINE
  5
334
330
1B
100
AcDbEntity
  8
B.Cu
  6
CONTINUOUS
100
AcDbLine
 10
129.5119939999999872
 20
-96.932627999999994
 30
0
 11
129.4728360000000009
 21
-96.8648049999999898
 31
0
  0
LINE
  5
335
330
1B
100
AcDbEntity
  8
B.Cu
  6
CONTINUOUS
100
AcDbLine
 10
129.4728360000000009
 20
-96.8648049999999898
 30
0
 11
129.4525669999999877
 21
-96.7891580000000005
 31
0
  0
LINE
  5
336
330
1B
100
AcDbEntity
  8
B.Cu
  6
CONTINUOUS
100
AcDbLine
 10
129.4525669999999877
 20
-96.7891580000000005
 30
0
 11
129.4525669999999877
 21
-96.7108419999999995
 31
0
  0
LINE
  5
337
330
1B
100
AcDbEntity
  8
B.Cu
  6
CONTINUOUS
100
AcDbLine
 10
129.4525669999999877
 20
-96.7108419999999995
 30
0
 11
129.4728360000000009
 21
-96.635194999999996
 31
0
  0
LINE
  5
338
330
1B
100
AcDbEntity
  8
B.Cu
  6
CONTINUOUS
100
AcDbLine
 10
129.4728360000000009
 20
-96.635194999999996
 30
0
 11
129.5119939999999872
 21
-96.5673719999999918
 31
0
  0
LINE
  5
339
330
1B
100
AcDbEntity
  8
B.Cu
  6
CONTINUOUS
100
AcDbLine
 10
129.5119939999999872
 20
-96.5673719999999918
 30
0
 11
129.567372000000006
 21
-96.5119940000000014
 31
0
  0
LINE
  5
33A
330
1B
100
AcDbEntity
  8
B.Cu
  6
CONTINUOUS
100
AcDbLine
 10
129.567372000000006
 20
-96.5119940000000014
 30
0
 11
129.6351949999999817
 21
-96.4728360000000009
 31
0
  0
LINE
  5
33B
330
1B
100
AcDbEntity
  8
B.Cu
  6
CONTINUOUS
100
AcDbLine
 10
129.6351949999999817
 20
-96.4728360000000009
 30
0
 11
129.7108419999999853
 21
-96.4525670000000019
 31
0
  0
LINE
  5
33C
330
1B
100
AcDbEntity
  8
B.Cu
  6
CONTINUOUS
100
AcDbLine
 10
129.7108419999999853
 20
-96.4525670000000019
 30
0
 11
129.7891579999999863
 21
-96.4525670000000019
 31
0
  0
LINE
  5
33D
330
1B
100
AcDbEntity
  8
B.Cu
  6
CONTINUOUS
100
AcDbLine
 10
129.7891579999999863
 20
-96.4525670000000019
 30
0
 11
129.8648049999999898
 21
-96.4728360000000009
 31
0
  0
LINE
  5
33E
330
1B
100
AcDbEntity
  8
B.Cu
  6
CONTINUOUS
100
AcDbLine
 10
131.8648049999999898
 20
-96.4728360000000009
 30
0
 11
131.932627999999994
 21
-96.5119940000000014
 31
0
  0
LINE
  5
33F
330
1B
100
AcDbEntity
  8
B.Cu
  6
CONTINUOUS
100
AcDbLine
 10
131.932627999999994
 20
-96.5119940000000014
 30
0
 11
131.9880059999999844
 21
-96.5673719999999918
 31
0
  0
LINE
  5
340
330
1B
100
AcDbEntity
  8
B.Cu
  6
CONTINUOUS
100
AcDbLine
 10
131.9880059999999844
 20
-96.5673719999999918
 30
0
 11
132.0271639999999991
 21
-96.635194999999996
 31
0
  0
LINE
  5
341
330
1B
100
AcDbEntity
  8
B.Cu
  6
CONTINUOUS
100
AcDbLine
 10
132.0271639999999991
 20
-96.635194999999996
 30
0
 11
132.0474329999999838
 21
-96.7108419999999995
 31
0
  0
LINE
  5
342
330
1B
100
AcDbEntity
  8
B.Cu
  6
CONTINUOUS
100
AcDbLine
 10
132.0474329999999838
 20
-96.7108419999999995
 30
0
 11
132.0474329999999838
 21
-96.7891580000000005
 31
0
  0
LINE
  5
343
330
1B
100
AcDbEntity
  8
B.Cu
  6
CONTINUOUS
100
AcDbLine
 10
132.0474329999999838
 20
-96.7891580000000005
 30
0
 11
132.0271639999999991
 21
-96.8648049999999898
 31
0
  0
LINE
  5
344
330
1B
100
AcDbEntity
  8
B.Cu
  6
CONTINUOUS
100
AcDbLine
 10
132.0271639999999991
 20
-96.8648049999999898
 30
0
 11
131.9880059999999844
 21
-96.932627999999994
 31
0
  0
LINE
  5
345
330
1B
100
AcDbEntity
  8
B.Cu
  6
CONTINUOUS
100
AcDbLine
 10
131.9880059999999844
 20
-96.932627999999994
 30
0
 11
131.932627999999994
 21
-96.9880059999999986
 31
0
  0
LINE
  5
346
330
1B
100
AcDbEntity
  8
B.Cu
  6
CONTINUOUS
100
AcDbLine
 10
131.932627999999994
 20
-96.9880059999999986
 30
0
 11
131.8648049999999898
 21
-97.0271639999999991
 31
0
  0
LINE
  5
347
330
1B
100
AcDbEntity
  8
B.Cu
  6
CONTINUOUS
100
AcDbLine
 10
131.8648049999999898
 20
-97.0271639999999991
 30
0
 11
131.7891579999999863
 21
-97.0474329999999981
 31
0
  0
LINE
  5
348
330
1B
100
AcDbEntity
  8
B.Cu
  6
CONTINUOUS
100
AcDbLine
 10
131.7891579999999863
 20
-97.0474329999999981
 30
0
 11
131.7108419999999853
 21
-97.0474329999999981
 31
0
  0
LINE
  5
349
330
1B
100
AcDbEntity
  8
B.Cu
  6
CONTINUOUS
100
AcDbLine
 10
131.7108419999999853
 20
-97.0474329999999981
 30
0
 11
131.6351949999999817
 21
-97.0271639999999991
 31
0
  0
LINE
  5
34A
330
1B
100
AcDbEntity
  8
B.Cu
  6
CONTINUOUS
100
AcDbLine
 10
131.6351949999999817
 20
-97.0271639999999991
 30
0
 11
131.567372000000006
 21
-96.9880059999999986
 31
0
  0
LINE
  5
34B
330
1B
100
AcDbEntity
  8
B.Cu
  6
CONTINUOUS
100
AcDbLine
 10
131.567372000000006
 20
-96.9880059999999986
 30
0
 11
131.5119939999999872
 21
-96.932627999999994
 31
0
  0
LINE
  5
34C
330
1B
100
AcDbEntity
  8
B.Cu
  6
CONTINUOUS
100
AcDbLine
 10
131.5119939999999872
 20
-96.932627999999994
 30
0
 11
131.4728360000000009
 21
-96.8648049999999898
 31
0
  0
LINE
  5
34D
330
1B
100
AcDbEntity
  8
B.Cu
  6
CONTINUOUS
100
AcDbLine
 10
131.4728360000000009
 20
-96.8648049999999898
 30
0
 11
131.4525669999999877
 21
-96.7891580000000005
 31
0
  0
LINE
  5
34E
330
1B
100
AcDbEntity
  8
B.Cu
  6
CONTINUOUS
100
AcDbLine
 10
131.4525669999999877
 20
-96.7891580000000005
 30
0
 11
131.4525669999999877
 21
-96.7108419999999995
 31
0
  0
LINE
  5
34F
330
1B
100
AcDbEntity
  8
B.Cu
  6
CONTINUOUS
100
AcDbLine
 10
131.4525669999999877
 20
-96.7108419999999995
 30
0
 11
131.4728360000000009
 21
-96.635194999999996
 31
0
  0
LINE
  5
350
330
1B
100
AcDbEntity
  8
B.Cu
  6
CONTINUOUS
100
AcDbLine
 10
131.4728360000000009
 20
-96.635194999999996
 30
0
 11
131.5119939999999872
 21
-96.5673719999999918
 31
0
  0
LINE
  5
351
330
1B
100
AcDbEntity
  8
B.Cu
  6
CONTINUOUS
100
AcDbLine
 10
131.5119939999999872
 20
-96.5673719999999918
 30
0
 11
131.567372000000006
 21
-96.5119940000000014
 31
0
  0
LINE
  5
352
330
1B
100
AcDbEntity
  8
B.Cu
  6
CONTINUOUS
100
AcDbLine
 10
131.567372000000006
 20
-96.5119940000000014
 30
0
 11
131.6351949999999817
 21
-96.4728360000000009
 31
0
  0
LINE
  5
353
330
1B
100
AcDbEntity
  8
B.Cu
  6
CONTINUOUS
100
AcDbLine
 10
131.6351949999999817
 20
-96.4728360000000009
 30
0
 11
131.7108419999999853
 21
-96.4525670000000019
 31
0
  0
LINE
  5
354
330
1B
100
AcDbEntity
  8
B.Cu
  6
CONTINUOUS
100
AcDbLine
 10
131.7108419999999853
 20
-96.4525670000000019
 30
0
 11
131.7891579999999863
 21
-96.4525670000000019
 31
0
  0
LINE
  5
355
330
1B
100
AcDbEntity
  8
B.Cu
  6
CONTINUOUS
100
AcDbLine
 10
131.7891579999999863
 20
-96.4525670000000019
 30
0
 11
131.8648049999999898
 21
-96.4728360000000009
 31
0
  0
LINE
  5
356
330
1B
100
AcDbEntity
  8
B.Cu
  6
CONTINUOUS
100
AcDbLine
 10
186.8648049999999898
 20
-94.4728360000000009
 30
0
 11
186.932627999999994
 21
-94.5119940000000014
 31
0
  0
LINE
  5
357
330
1B
100
AcDbEntity
  8
B.Cu
  6
CONTINUOUS
100
AcDbLine
 10
186.932627999999994
 20
-94.5119940000000014
 30
0
 11
186.9880059999999844
 21
-94.5673719999999918
 31
0
  0
LINE
  5
358
330
1B
100
AcDbEntity
  8
B.Cu
  6
CONTINUOUS
100
AcDbLine
 10
186.9880059999999844
 20
-94.5673719999999918
 30
0
 11
187.0271639999999991
 21
-94.635194999999996
 31
0
  0
LINE
  5
359
330
1B
100
AcDbEntity
  8
B.Cu
  6
CONTINUOUS
100
AcDbLine
 10
187.0271639999999991
 20
-94.635194999999996
 30
0
 11
187.0474329999999838
 21
-94.7108419999999995
 31
0
  0
LINE
  5
35A
330
1B
100
AcDbEntity
  8
B.Cu
  6
CONTINUOUS
100
AcDbLine
 10
187.0474329999999838
 20
-94.7108419999999995
 30
0
 11
187.0474329999999838
 21
-94.7891580000000005
 31
0
  0
LINE
  5
35B
330
1B
100
AcDbEntity
  8
B.Cu
  6
CONTINUOUS
100
AcDbLine
 10
187.0474329999999838
 20
-94.7891580000000005
 30
0
 11
187.0271639999999991
 21
-94.8648049999999898
 31
0
  0
LINE
  5
35C
330
1B
100
AcDbEntity
  8
B.Cu
  6
CONTINUOUS
100
AcDbLine
 10
187.0271639999999991
 20
-94.8648049999999898
 30
0
 11
186.9880059999999844
 21
-94.932627999999994
 31
0
  0
LINE
  5
35D
330
1B
100
AcDbEntity
  8
B.Cu
  6
CONTINUOUS
100
AcDbLine
 10
186.9880059999999844
 20
-94.932627999999994
 30
0
 11
186.932627999999994
 21
-94.9880059999999986
 31
0
  0
LINE
  5
35E
330
1B
100
AcDbEntity
  8
B.Cu
  6
CONTINUOUS
100
AcDbLine
 10
186.932627999999994
 20
-94.9880059999999986
 30
0
 11
186.8648049999999898
 21
-95.0271639999999991
 31
0
  0
LINE
  5
35F
330
1B
100
AcDbEntity
  8
B.Cu
  6
CONTINUOUS
100
AcDbLine
 10
186.8648049999999898
 20
-95.0271639999999991
 30
0
 11
186.7891579999999863
 21
-95.0474329999999981
 31
0
  0
LINE
  5
360
330
1B
100
AcDbEntity
  8
B.Cu
  6
CONTINUOUS
100
AcDbLine
 10
186.7891579999999863
 20
-95.0474329999999981
 30
0
 11
186.7108419999999853
 21
-95.0474329999999981
 31
0
  0
LINE
  5
361
330
1B
100
AcDbEntity
  8
B.Cu
  6
CONTINUOUS
100
AcDbLine
 10
186.7108419999999853
 20
-95.0474329999999981
 30
0
 11
186.6351949999999817
 21
-95.0271639999999991
 31
0
  0
LINE
  5
362
330
1B
100
AcDbEntity
  8
B.Cu
  6
CONTINUOUS
100
AcDbLine
 10
186.6351949999999817
 20
-95.0271639999999991
 30
0
 11
186.5673719999999776
 21
-94.9880059999999986
 31
0
  0
LINE
  5
363
330
1B
100
AcDbEntity
  8
B.Cu
  6
CONTINUOUS
100
AcDbLine
 10
186.5673719999999776
 20
-94.9880059999999986
 30
0
 11
186.5119939999999872
 21
-94.932627999999994
 31
0
  0
LINE
  5
364
330
1B
100
AcDbEntity
  8
B.Cu
  6
CONTINUOUS
100
AcDbLine
 10
186.5119939999999872
 20
-94.932627999999994
 30
0
 11
186.4728360000000009
 21
-94.8648049999999898
 31
0
  0
LINE
  5
365
330
1B
100
AcDbEntity
  8
B.Cu
  6
CONTINUOUS
100
AcDbLine
 10
186.4728360000000009
 20
-94.8648049999999898
 30
0
 11
186.4525669999999877
 21
-94.7891580000000005
 31
0
  0
LINE
  5
366
330
1B
100
AcDbEntity
  8
B.Cu
  6
CONTINUOUS
100
AcDbLine
 10
186.4525669999999877
 20
-94.7891580000000005
 30
0
 11
186.4525669999999877
 21
-94.7108419999999995
 31
0
  0
LINE
  5
367
330
1B
100
AcDbEntity
  8
B.Cu
  6
CONTINUOUS
100
AcDbLine
 10
186.4525669999999877
 20
-94.7108419999999995
 30
0
 11
186.4728360000000009
 21
-94.635194999999996
 31
0
  0
LINE
  5
368
330
1B
100
AcDbEntity
  8
B.Cu
  6
CONTINUOUS
100
AcDbLine
 10
186.4728360000000009
 20
-94.635194999999996
 30
0
 11
186.5119939999999872
 21
-94.5673719999999918
 31
0
  0
LINE
  5
369
330
1B
100
AcDbEntity
  8
B.Cu
  6
CONTINUOUS
100
AcDbLine
 10
186.5119939999999872
 20
-94.5673719999999918
 30
0
 11
186.5673719999999776
 21
-94.5119940000000014
 31
0
  0
LINE
  5
36A
330
1B
100
AcDbEntity
  8
B.Cu
  6
CONTINUOUS
100
AcDbLine
 10
186.5673719999999776
 20
-94.5119940000000014
 30
0
 11
186.6351949999999817
 21
-94.4728360000000009
 31
0
  0
LINE
  5
36B
330
1B
100
AcDbEntity
  8
B.Cu
  6
CONTINUOUS
100
AcDbLine
 10
186.6351949999999817
 20
-94.4728360000000009
 30
0
 11
186.7108419999999853
 21
-94.4525670000000019
 31
0
  0
LINE
  5
36C
330
1B
100
AcDbEntity
  8
B.Cu
  6
CONTINUOUS
100
AcDbLine
 10
186.7108419999999853
 20
-94.4525670000000019
 30
0
 11
186.7891579999999863
 21
-94.4525670000000019
 31
0
  0
LINE
  5
36D
330
1B
100
AcDbEntity
  8
B.Cu
  6
CONTINUOUS
100
AcDbLine
 10
186.7891579999999863
 20
-94.4525670000000019
 30
0
 11
186.8648049999999898
 21
-94.4728360000000009
 31
0
  0
LINE
  5
36E
330
1B
100
AcDbEntity
  8
B.Cu
  6
CONTINUOUS
100
AcDbLine
 10
186.8648049999999898
 20
-90.4728360000000009
 30
0
 11
186.932627999999994
 21
-90.5119940000000014
 31
0
  0
LINE
  5
36F
330
1B
100
AcDbEntity
  8
B.Cu
  6
CONTINUOUS
100
AcDbLine
 10
186.932627999999994
 20
-90.5119940000000014
 30
0
 11
186.9880059999999844
 21
-90.5673719999999918
 31
0
  0
LINE
  5
370
330
1B
100
AcDbEntity
  8
B.Cu
  6
CONTINUOUS
100
AcDbLine
 10
186.9880059999999844
 20
-90.5673719999999918
 30
0
 11
187.0271639999999991
 21
-90.635194999999996
 31
0
  0
LINE
  5
371
330
1B
100
AcDbEntity
  8
B.Cu
  6
CONTINUOUS
100
AcDbLine
 10
187.0271639999999991
 20
-90.635194999999996
 30
0
 11
187.0474329999999838
 21
-90.7108419999999995
 31
0
  0
LINE
  5
372
330
1B
100
AcDbEntity
  8
B.Cu
  6
CONTINUOUS
100
AcDbLine
 10
187.0474329999999838
 20
-90.7108419999999995
 30
0
 11
187.0474329999999838
 21
-90.7891580000000005
 31
0
  0
LINE
  5
373
330
1B
100
AcDbEntity
  8
B.Cu
  6
CONTINUOUS
100
AcDbLine
 10
187.0474329999999838
 20
-90.7891580000000005
 30
0
 11
187.0271639999999991
 21
-90.8648049999999898
 31
0
  0
LINE
  5
374
330
1B
100
AcDbEntity
  8
B.Cu
  6
CONTINUOUS
100
AcDbLine
 10
187.0271639999999991
 20
-90.8648049999999898
 30
0
 11
186.9880059999999844
 21
-90.932627999999994
 31
0
  0
LINE
  5
375
330
1B
100
AcDbEntity
  8
B.Cu
  6
CONTINUOUS
100
AcDbLine
 10
186.9880059999999844
 20
-90.932627999999994
 30
0
 11
186.932627999999994
 21
-90.9880059999999986
 31
0
  0
LINE
  5
376
330
1B
100
AcDbEntity
  8
B.Cu
  6
CONTINUOUS
100
AcDbLine
 10
186.932627999999994
 20
-90.9880059999999986
 30
0
 11
186.8648049999999898
 21
-91.0271639999999991
 31
0
  0
LINE
  5
377
330
1B
100
AcDbEntity
  8
B.Cu
  6
CONTINUOUS
100
AcDbLine
 10
186.8648049999999898
 20
-91.0271639999999991
 30
0
 11
186.7891579999999863
 21
-91.0474329999999981
 31
0
  0
LINE
  5
378
330
1B
100
AcDbEntity
  8
B.Cu
  6
CONTINUOUS
100
AcDbLine
 10
186.7891579999999863
 20
-91.0474329999999981
 30
0
 11
186.7108419999999853
 21
-91.0474329999999981
 31
0
  0
LINE
  5
379
330
1B
100
AcDbEntity
  8
B.Cu
  6
CONTINUOUS
100
AcDbLine
 10
186.7108419999999853
 20
-91.0474329999999981
 30
0
 11
186.6351949999999817
 21
-91.0271639999999991
 31
0
  0
LINE
  5
37A
330
1B
100
AcDbEntity
  8
B.Cu
  6
CONTINUOUS
100
AcDbLine
 10
186.6351949999999817
 20
-91.0271639999999991
 30
0
 11
186.5673719999999776
 21
-90.9880059999999986
 31
0
  0
LINE
  5
37B
330
1B
100
AcDbEntity
  8
B.Cu
  6
CONTINUOUS
100
AcDbLine
 10
186.5673719999999776
 20
-90.9880059999999986
 30
0
 11
186.5119939999999872
 21
-90.932627999999994
 31
0
  0
LINE
  5
37C
330
1B
100
AcDbEntity
  8
B.Cu
  6
CONTINUOUS
100
AcDbLine
 10
186.5119939999999872
 20
-90.932627999999994
 30
0
 11
186.4728360000000009
 21
-90.8648049999999898
 31
0
  0
LINE
  5
37D
330
1B
100
AcDbEntity
  8
B.Cu
  6
CONTINUOUS
100
AcDbLine
 10
186.4728360000000009
 20
-90.8648049999999898
 30
0
 11
186.4525669999999877
 21
-90.7891580000000005
 31
0
  0
LINE
  5
37E
330
1B
100
AcDbEntity
  8
B.Cu
  6
CONTINUOUS
100
AcDbLine
 10
186.4525669999999877
 20
-90.7891580000000005
 30
0
 11
186.4525669999999877
 21
-90.7108419999999995
 31
0
  0
LINE
  5
37F
330
1B
100
AcDbEntity
  8
B.Cu
  6
CONTINUOUS
100
AcDbLine
 10
186.4525669999999877
 20
-90.7108419999999995
 30
0
 11
186.4728360000000009
 21
-90.635194999999996
 31
0
  0
LINE
  5
380
330
1B
100
AcDbEntity
  8
B.Cu
  6
CONTINUOUS
100
AcDbLine
 10
186.4728360000000009
 20
-90.635194999999996
 30
0
 11
186.5119939999999872
 21
-90.5673719999999918
 31
0
  0
LINE
  5
381
330
1B
100
AcDbEntity
  8
B.Cu
  6
CONTINUOUS
100
AcDbLine
 10
186.5119939999999872
 20
-90.5673719999999918
 30
0
 11
186.5673719999999776
 21
-90.5119940000000014
 31
0
  0
LINE
  5
382
330
1B
100
AcDbEntity
  8
B.Cu
  6
CONTINUOUS
100
AcDbLine
 10
186.5673719999999776
 20
-90.5119940000000014
 30
0
 11
186.6351949999999817
 21
-90.4728360000000009
 31
0
  0
LINE
  5
383
330
1B
100
AcDbEntity
  8
B.Cu
  6
CONTINUOUS
100
AcDbLine
 10
186.6351949999999817
 20
-90.4728360000000009
 30
0
 11
186.7108419999999853
 21
-90.4525670000000019
 31
0
  0
LINE
  5
384
330
1B
100
AcDbEntity
  8
B.Cu
  6
CONTINUOUS
100
AcDbLine
 10
186.7108419999999853
 20
-90.4525670000000019
 30
0
 11
186.7891579999999863
 21
-90.4525670000000019
 31
0
  0
LINE
  5
385
330
1B
100
AcDbEntity
  8
B.Cu
  6
CONTINUOUS
100
AcDbLine
 10
186.7891579999999863
 20
-90.4525670000000019
 30
0
 11
186.8648049999999898
 21
-90.4728360000000009
 31
0
  0
LINE
  5
386
330
1B
100
AcDbEntity
  8
B.Cu
  6
CONTINUOUS
100
AcDbLine
 10
131.8648049999999898
 20
-80.4728360000000009
 30
0
 11
131.932627999999994
 21
-80.5119940000000014
 31
0
  0
LINE
  5
387
330
1B
100
AcDbEntity
  8
B.Cu
  6
CONTINUOUS
100
AcDbLine
 10
131.932627999999994
 20
-80.5119940000000014
 30
0
 11
131.9880059999999844
 21
-80.5673719999999918
 31
0
  0
LINE
  5
388
330
1B
100
AcDbEntity
  8
B.Cu
  6
CONTINUOUS
100
AcDbLine
 10
131.9880059999999844
 20
-80.5673719999999918
 30
0
 11
132.0271639999999991
 21
-80.635194999999996
 31
0
  0
LINE
  5
389
330
1B
100
AcDbEntity
  8
B.Cu
  6
CONTINUOUS
100
AcDbLine
 10
132.0271639999999991
 20
-80.635194999999996
 30
0
 11
132.0474329999999838
 21
-80.7108419999999995
 31
0
  0
LINE
  5
38A
330
1B
100
AcDbEntity
  8
B.Cu
  6
CONTINUOUS
100
AcDbLine
 10
132.0474329999999838
 20
-80.7108419999999995
 30
0
 11
132.0474329999999838
 21
-80.7891580000000005
 31
0
  0
LINE
  5
38B
330
1B
100
AcDbEntity
  8
B.Cu
  6
CONTINUOUS
100
AcDbLine
 10
132.0474329999999838
 20
-80.7891580000000005
 30
0
 11
132.0271639999999991
 21
-80.8648049999999898
 31
0
  0
LINE
  5
38C
330
1B
100
AcDbEntity
  8
B.Cu
  6
CONTINUOUS
100
AcDbLine
 10
132.0271639999999991
 20
-80.8648049999999898
 30
0
 11
131.9880059999999844
 21
-80.932627999999994
 31
0
  0
LINE
  5
38D
330
1B
100
AcDbEntity
  8
B.Cu
  6
CONTINUOUS
100
AcDbLine
 10
131.9880059999999844
 20
-80.932627999999994
 30
0
 11
131.932627999999994
 21
-80.9880059999999986
 31
0
  0
LINE
  5
38E
330
1B
100
AcDbEntity
  8
B.Cu
  6
CONTINUOUS
100
AcDbLine
 10
131.932627999999994
 20
-80.9880059999999986
 30
0
 11
131.8648049999999898
 21
-81.0271639999999991
 31
0
  0
LINE
  5
38F
330
1B
100
AcDbEntity
  8
B.Cu
  6
CONTINUOUS
100
AcDbLine
 10
131.8648049999999898
 20
-81.0271639999999991
 30
0
 11
131.7891579999999863
 21
-81.0474329999999981
 31
0
  0
LINE
  5
390
330
1B
100
AcDbEntity
  8
B.Cu
  6
CONTINUOUS
100
AcDbLine
 10
131.7891579999999863
 20
-81.0474329999999981
 30
0
 11
131.7293430000000001
 21
-81.0474329999999981
 31
0
  0
LINE
  5
391
330
1B
100
AcDbEntity
  8
B.Cu
  6
CONTINUOUS
100
AcDbLine
 10
131.7293430000000001
 20
-81.0474329999999981
 30
0
 11
129.9249999999999829
 21
-82.851776000000001
 31
0
  0
LINE
  5
392
330
1B
100
AcDbEntity
  8
B.Cu
  6
CONTINUOUS
100
AcDbLine
 10
129.9249999999999829
 20
-82.851776000000001
 30
0
 11
129.9249999999999829
 21
-86.5075889999999958
 31
0
  0
LINE
  5
393
330
1B
100
AcDbEntity
  8
B.Cu
  6
CONTINUOUS
100
AcDbLine
 10
129.9249999999999829
 20
-86.5075889999999958
 30
0
 11
129.932627999999994
 21
-86.5119940000000014
 31
0
  0
LINE
  5
394
330
1B
100
AcDbEntity
  8
B.Cu
  6
CONTINUOUS
100
AcDbLine
 10
129.932627999999994
 20
-86.5119940000000014
 30
0
 11
129.9880059999999844
 21
-86.5673719999999918
 31
0
  0
LINE
  5
395
330
1B
100
AcDbEntity
  8
B.Cu
  6
CONTINUOUS
100
AcDbLine
 10
129.9880059999999844
 20
-86.5673719999999918
 30
0
 11
130.0271639999999991
 21
-86.635194999999996
 31
0
  0
LINE
  5
396
330
1B
100
AcDbEntity
  8
B.Cu
  6
CONTINUOUS
100
AcDbLine
 10
130.0271639999999991
 20
-86.635194999999996
 30
0
 11
130.0474329999999838
 21
-86.7108419999999995
 31
0
  0
LINE
  5
397
330
1B
100
AcDbEntity
  8
B.Cu
  6
CONTINUOUS
100
AcDbLine
 10
130.0474329999999838
 20
-86.7108419999999995
 30
0
 11
130.0474329999999838
 21
-86.7891580000000005
 31
0
  0
LINE
  5
398
330
1B
100
AcDbEntity
  8
B.Cu
  6
CONTINUOUS
100
AcDbLine
 10
130.0474329999999838
 20
-86.7891580000000005
 30
0
 11
130.0271639999999991
 21
-86.8648049999999898
 31
0
  0
LINE
  5
399
330
1B
100
AcDbEntity
  8
B.Cu
  6
CONTINUOUS
100
AcDbLine
 10
130.0271639999999991
 20
-86.8648049999999898
 30
0
 11
129.9880059999999844
 21
-86.932627999999994
 31
0
  0
LINE
  5
39A
330
1B
100
AcDbEntity
  8
B.Cu
  6
CONTINUOUS
100
AcDbLine
 10
129.9880059999999844
 20
-86.932627999999994
 30
0
 11
129.932627999999994
 21
-86.9880059999999986
 31
0
  0
LINE
  5
39B
330
1B
100
AcDbEntity
  8
B.Cu
  6
CONTINUOUS
100
AcDbLine
 10
129.932627999999994
 20
-86.9880059999999986
 30
0
 11
129.8648049999999898
 21
-87.0271639999999991
 31
0
  0
LINE
  5
39C
330
1B
100
AcDbEntity
  8
B.Cu
  6
CONTINUOUS
100
AcDbLine
 10
129.8648049999999898
 20
-87.0271639999999991
 30
0
 11
129.7891579999999863
 21
-87.0474329999999981
 31
0
  0
LINE
  5
39D
330
1B
100
AcDbEntity
  8
B.Cu
  6
CONTINUOUS
100
AcDbLine
 10
129.7891579999999863
 20
-87.0474329999999981
 30
0
 11
129.7108419999999853
 21
-87.0474329999999981
 31
0
  0
LINE
  5
39E
330
1B
100
AcDbEntity
  8
B.Cu
  6
CONTINUOUS
100
AcDbLine
 10
129.7108419999999853
 20
-87.0474329999999981
 30
0
 11
129.6351949999999817
 21
-87.0271639999999991
 31
0
  0
LINE
  5
39F
330
1B
100
AcDbEntity
  8
B.Cu
  6
CONTINUOUS
100
AcDbLine
 10
129.6351949999999817
 20
-87.0271639999999991
 30
0
 11
129.567372000000006
 21
-86.9880059999999986
 31
0
  0
LINE
  5
3A0
330
1B
100
AcDbEntity
  8
B.Cu
  6
CONTINUOUS
100
AcDbLine
 10
129.567372000000006
 20
-86.9880059999999986
 30
0
 11
129.5119939999999872
 21
-86.932627999999994
 31
0
  0
LINE
  5
3A1
330
1B
100
AcDbEntity
  8
B.Cu
  6
CONTINUOUS
100
AcDbLine
 10
129.5119939999999872
 20
-86.932627999999994
 30
0
 11
129.4728360000000009
 21
-86.8648049999999898
 31
0
  0
LINE
  5
3A2
330
1B
100
AcDbEntity
  8
B.Cu
  6
CONTINUOUS
100
AcDbLine
 10
129.4728360000000009
 20
-86.8648049999999898
 30
0
 11
129.4525669999999877
 21
-86.7891580000000005
 31
0
  0
LINE
  5
3A3
330
1B
100
AcDbEntity
  8
B.Cu
  6
CONTINUOUS
100
AcDbLine
 10
129.4525669999999877
 20
-86.7891580000000005
 30
0
 11
129.4525669999999877
 21
-86.7108419999999995
 31
0
  0
LINE
  5
3A4
330
1B
100
AcDbEntity
  8
B.Cu
  6
CONTINUOUS
100
AcDbLine
 10
129.4525669999999877
 20
-86.7108419999999995
 30
0
 11
129.4728360000000009
 21
-86.635194999999996
 31
0
  0
LINE
  5
3A5
330
1B
100
AcDbEntity
  8
B.Cu
  6
CONTINUOUS
100
AcDbLine
 10
129.4728360000000009
 20
-86.635194999999996
 30
0
 11
129.5119939999999872
 21
-86.5673719999999918
 31
0
  0
LINE
  5
3A6
330
1B
100
AcDbEntity
  8
B.Cu
  6
CONTINUOUS
100
AcDbLine
 10
129.5119939999999872
 20
-86.5673719999999918
 30
0
 11
129.567372000000006
 21
-86.5119940000000014
 31
0
  0
LINE
  5
3A7
330
1B
100
AcDbEntity
  8
B.Cu
  6
CONTINUOUS
100
AcDbLine
 10
129.567372000000006
 20
-86.5119940000000014
 30
0
 11
129.6351949999999817
 21
-86.4728360000000009
 31
0
  0
LINE
  5
3A8
330
1B
100
AcDbEntity
  8
B.Cu
  6
CONTINUOUS
100
AcDbLine
 10
129.6351949999999817
 20
-86.4728360000000009
 30
0
 11
129.6749999999999829
 21
-86.4621700000000004
 31
0
  0
LINE
  5
3A9
330
1B
100
AcDbEntity
  8
B.Cu
  6
CONTINUOUS
100
AcDbLine
 10
129.6749999999999829
 20
-86.4621700000000004
 30
0
 11
129.6749999999999829
 21
-82.7999999999999972
 31
0
  0
LINE
  5
3AA
330
1B
100
AcDbEntity
  8
B.Cu
  6
CONTINUOUS
100
AcDbLine
 10
129.6749999999999829
 20
-82.7999999999999972
 30
0
 11
129.6774020000000007
 21
-82.7756139999999903
 31
0
  0
LINE
  5
3AB
330
1B
100
AcDbEntity
  8
B.Cu
  6
CONTINUOUS
100
AcDbLine
 10
129.6774020000000007
 20
-82.7756139999999903
 30
0
 11
129.6960660000000018
 21
-82.7305539999999979
 31
0
  0
LINE
  5
3AC
330
1B
100
AcDbEntity
  8
B.Cu
  6
CONTINUOUS
100
AcDbLine
 10
129.6960660000000018
 20
-82.7305539999999979
 30
0
 11
129.6960709999999892
 21
-82.7305479999999989
 31
0
  0
LINE
  5
3AD
330
1B
100
AcDbEntity
  8
B.Cu
  6
CONTINUOUS
100
AcDbLine
 10
129.6960709999999892
 20
-82.7305479999999989
 30
0
 11
129.7116120000000024
 21
-82.7116120000000024
 31
0
  0
LINE
  5
3AE
330
1B
100
AcDbEntity
  8
B.Cu
  6
CONTINUOUS
100
AcDbLine
 10
129.7116120000000024
 20
-82.7116120000000024
 30
0
 11
131.5041609999999821
 21
-80.9190619999999967
 31
0
  0
LINE
  5
3AF
330
1B
100
AcDbEntity
  8
B.Cu
  6
CONTINUOUS
100
AcDbLine
 10
131.5041609999999821
 20
-80.9190619999999967
 30
0
 11
131.4728360000000009
 21
-80.8648049999999898
 31
0
  0
LINE
  5
3B0
330
1B
100
AcDbEntity
  8
B.Cu
  6
CONTINUOUS
100
AcDbLine
 10
131.4728360000000009
 20
-80.8648049999999898
 30
0
 11
131.4525669999999877
 21
-80.7891580000000005
 31
0
  0
LINE
  5
3B1
330
1B
100
AcDbEntity
  8
B.Cu
  6
CONTINUOUS
100
AcDbLine
 10
131.4525669999999877
 20
-80.7891580000000005
 30
0
 11
131.4525669999999877
 21
-80.7108419999999995
 31
0
  0
LINE
  5
3B2
330
1B
100
AcDbEntity
  8
B.Cu
  6
CONTINUOUS
100
AcDbLine
 10
131.4525669999999877
 20
-80.7108419999999995
 30
0
 11
131.4728360000000009
 21
-80.635194999999996
 31
0
  0
LINE
  5
3B3
330
1B
100
AcDbEntity
  8
B.Cu
  6
CONTINUOUS
100
AcDbLine
 10
131.4728360000000009
 20
-80.635194999999996
 30
0
 11
131.5119939999999872
 21
-80.5673719999999918
 31
0
  0
LINE
  5
3B4
330
1B
100
AcDbEntity
  8
B.Cu
  6
CONTINUOUS
100
AcDbLine
 10
131.5119939999999872
 20
-80.5673719999999918
 30
0
 11
131.567372000000006
 21
-80.5119940000000014
 31
0
  0
LINE
  5
3B5
330
1B
100
AcDbEntity
  8
B.Cu
  6
CONTINUOUS
100
AcDbLine
 10
131.567372000000006
 20
-80.5119940000000014
 30
0
 11
131.6351949999999817
 21
-80.4728360000000009
 31
0
  0
LINE
  5
3B6
330
1B
100
AcDbEntity
  8
B.Cu
  6
CONTINUOUS
100
AcDbLine
 10
131.6351949999999817
 20
-80.4728360000000009
 30
0
 11
131.7108419999999853
 21
-80.4525670000000019
 31
0
  0
LINE
  5
3B7
330
1B
100
AcDbEntity
  8
B.Cu
  6
CONTINUOUS
100
AcDbLine
 10
131.7108419999999853
 20
-80.4525670000000019
 30
0
 11
131.7891579999999863
 21
-80.4525670000000019
 31
0
  0
LINE
  5
3B8
330
1B
100
AcDbEntity
  8
B.Cu
  6
CONTINUOUS
100
AcDbLine
 10
131.7891579999999863
 20
-80.4525670000000019
 30
0
 11
131.8648049999999898
 21
-80.4728360000000009
 31
0
  0
LINE
  5
3B9
330
1B
100
AcDbEntity
  8
B.Cu
  6
CONTINUOUS
100
AcDbLine
 10
171.8648049999999898
 20
-80.4728360000000009
 30
0
 11
171.932627999999994
 21
-80.5119940000000014
 31
0
  0
LINE
  5
3BA
330
1B
100
AcDbEntity
  8
B.Cu
  6
CONTINUOUS
100
AcDbLine
 10
171.932627999999994
 20
-80.5119940000000014
 30
0
 11
171.9880059999999844
 21
-80.5673719999999918
 31
0
  0
LINE
  5
3BB
330
1B
100
AcDbEntity
  8
B.Cu
  6
CONTINUOUS
100
AcDbLine
 10
171.9880059999999844
 20
-80.5673719999999918
 30
0
 11
172.0271639999999991
 21
-80.635194999999996
 31
0
  0
LINE
  5
3BC
330
1B
100
AcDbEntity
  8
B.Cu
  6
CONTINUOUS
100
AcDbLine
 10
172.0271639999999991
 20
-80.635194999999996
 30
0
 11
172.0474329999999838
 21
-80.7108419999999995
 31
0
  0
LINE
  5
3BD
330
1B
100
AcDbEntity
  8
B.Cu
  6
CONTINUOUS
100
AcDbLine
 10
172.0474329999999838
 20
-80.7108419999999995
 30
0
 11
172.0474329999999838
 21
-80.7891580000000005
 31
0
  0
LINE
  5
3BE
330
1B
100
AcDbEntity
  8
B.Cu
  6
CONTINUOUS
100
AcDbLine
 10
172.0474329999999838
 20
-80.7891580000000005
 30
0
 11
172.0271639999999991
 21
-80.8648049999999898
 31
0
  0
LINE
  5
3BF
330
1B
100
AcDbEntity
  8
B.Cu
  6
CONTINUOUS
100
AcDbLine
 10
172.0271639999999991
 20
-80.8648049999999898
 30
0
 11
171.9880059999999844
 21
-80.932627999999994
 31
0
  0
LINE
  5
3C0
330
1B
100
AcDbEntity
  8
B.Cu
  6
CONTINUOUS
100
AcDbLine
 10
171.9880059999999844
 20
-80.932627999999994
 30
0
 11
171.932627999999994
 21
-80.9880059999999986
 31
0
  0
LINE
  5
3C1
330
1B
100
AcDbEntity
  8
B.Cu
  6
CONTINUOUS
100
AcDbLine
 10
171.932627999999994
 20
-80.9880059999999986
 30
0
 11
171.8648049999999898
 21
-81.0271639999999991
 31
0
  0
LINE
  5
3C2
330
1B
100
AcDbEntity
  8
B.Cu
  6
CONTINUOUS
100
AcDbLine
 10
171.8648049999999898
 20
-81.0271639999999991
 30
0
 11
171.7891579999999863
 21
-81.0474329999999981
 31
0
  0
LINE
  5
3C3
330
1B
100
AcDbEntity
  8
B.Cu
  6
CONTINUOUS
100
AcDbLine
 10
171.7891579999999863
 20
-81.0474329999999981
 30
0
 11
171.7108419999999853
 21
-81.0474329999999981
 31
0
  0
LINE
  5
3C4
330
1B
100
AcDbEntity
  8
B.Cu
  6
CONTINUOUS
100
AcDbLine
 10
171.7108419999999853
 20
-81.0474329999999981
 30
0
 11
171.6351949999999817
 21
-81.0271639999999991
 31
0
  0
LINE
  5
3C5
330
1B
100
AcDbEntity
  8
B.Cu
  6
CONTINUOUS
100
AcDbLine
 10
171.6351949999999817
 20
-81.0271639999999991
 30
0
 11
171.567372000000006
 21
-80.9880059999999986
 31
0
  0
LINE
  5
3C6
330
1B
100
AcDbEntity
  8
B.Cu
  6
CONTINUOUS
100
AcDbLine
 10
171.567372000000006
 20
-80.9880059999999986
 30
0
 11
171.5119939999999872
 21
-80.932627999999994
 31
0
  0
LINE
  5
3C7
330
1B
100
AcDbEntity
  8
B.Cu
  6
CONTINUOUS
100
AcDbLine
 10
171.5119939999999872
 20
-80.932627999999994
 30
0
 11
171.4728360000000009
 21
-80.8648049999999898
 31
0
  0
LINE
  5
3C8
330
1B
100
AcDbEntity
  8
B.Cu
  6
CONTINUOUS
100
AcDbLine
 10
171.4728360000000009
 20
-80.8648049999999898
 30
0
 11
171.4525669999999877
 21
-80.7891580000000005
 31
0
  0
LINE
  5
3C9
330
1B
100
AcDbEntity
  8
B.Cu
  6
CONTINUOUS
100
AcDbLine
 10
171.4525669999999877
 20
-80.7891580000000005
 30
0
 11
171.4525669999999877
 21
-80.7108419999999995
 31
0
  0
LINE
  5
3CA
330
1B
100
AcDbEntity
  8
B.Cu
  6
CONTINUOUS
100
AcDbLine
 10
171.4525669999999877
 20
-80.7108419999999995
 30
0
 11
171.4728360000000009
 21
-80.635194999999996
 31
0
  0
LINE
  5
3CB
330
1B
100
AcDbEntity
  8
B.Cu
  6
CONTINUOUS
100
AcDbLine
 10
171.4728360000000009
 20
-80.635194999999996
 30
0
 11
171.5119939999999872
 21
-80.5673719999999918
 31
0
  0
LINE
  5
3CC
330
1B
100
AcDbEntity
  8
B.Cu
  6
CONTINUOUS
100
AcDbLine
 10
171.5119939999999872
 20
-80.5673719999999918
 30
0
 11
171.567372000000006
 21
-80.5119940000000014
 31
0
  0
LINE
  5
3CD
330
1B
100
AcDbEntity
  8
B.Cu
  6
CONTINUOUS
100
AcDbLine
 10
171.567372000000006
 20
-80.5119940000000014
 30
0
 11
171.6351949999999817
 21
-80.4728360000000009
 31
0
  0
LINE
  5
3CE
330
1B
100
AcDbEntity
  8
B.Cu
  6
CONTINUOUS
100
AcDbLine
 10
171.6351949999999817
 20
-80.4728360000000009
 30
0
 11
171.7108419999999853
 21
-80.4525670000000019
 31
0
  0
LINE
  5
3CF
330
1B
100
AcDbEntity
  8
B.Cu
  6
CONTINUOUS
100
AcDbLine
 10
171.7108419999999853
 20
-80.4525670000000019
 30
0
 11
171.7891579999999863
 21
-80.4525670000000019
 31
0
  0
LINE
  5
3D0
330
1B
100
AcDbEntity
  8
B.Cu
  6
CONTINUOUS
100
AcDbLine
 10
171.7891579999999863
 20
-80.4525670000000019
 30
0
 11
171.8648049999999898
 21
-80.4728360000000009
 31
0
  0
LINE
  5
3D1
330
1B
100
AcDbEntity
  8
B.Cu
  6
CONTINUOUS
100
AcDbLine
 10
186.9530729999999892
 20
-80.4304479999999984
 30
0
 11
187.0435049999999819
 21
-80.4826589999999982
 31
0
  0
LINE
  5
3D2
330
1B
100
AcDbEntity
  8
B.Cu
  6
CONTINUOUS
100
AcDbLine
 10
187.0435049999999819
 20
-80.4826589999999982
 30
0
 11
187.1173409999999819
 21
-80.5564949999999982
 31
0
  0
LINE
  5
3D3
330
1B
100
AcDbEntity
  8
B.Cu
  6
CONTINUOUS
100
AcDbLine
 10
187.1173409999999819
 20
-80.5564949999999982
 30
0
 11
187.1695519999999817
 21
-80.6469269999999909
 31
0
  0
LINE
  5
3D4
330
1B
100
AcDbEntity
  8
B.Cu
  6
CONTINUOUS
100
AcDbLine
 10
187.1695519999999817
 20
-80.6469269999999909
 30
0
 11
187.1965779999999882
 21
-80.7477899999999948
 31
0
  0
LINE
  5
3D5
330
1B
100
AcDbEntity
  8
B.Cu
  6
CONTINUOUS
100
AcDbLine
 10
187.1965779999999882
 20
-80.7477899999999948
 30
0
 11
187.1999999999999886
 21
-80.7999999999999972
 31
0
  0
LINE
  5
3D6
330
1B
100
AcDbEntity
  8
B.Cu
  6
CONTINUOUS
100
AcDbLine
 10
187.1999999999999886
 20
-80.7999999999999972
 30
0
 11
187.1999999999999886
 21
-80.834313999999992
 31
0
  0
LINE
  5
3D7
330
1B
100
AcDbEntity
  8
B.Cu
  6
CONTINUOUS
100
AcDbLine
 10
187.1999999999999886
 20
-80.834313999999992
 30
0
 11
187.5828429999999969
 21
-81.2171570000000003
 31
0
  0
LINE
  5
3D8
330
1B
100
AcDbEntity
  8
B.Cu
  6
CONTINUOUS
100
AcDbLine
 10
187.5828429999999969
 20
-81.2171570000000003
 30
0
 11
187.6173409999999819
 21
-81.256495000000001
 31
0
  0
LINE
  5
3D9
330
1B
100
AcDbEntity
  8
B.Cu
  6
CONTINUOUS
100
AcDbLine
 10
187.6173409999999819
 20
-81.256495000000001
 30
0
 11
187.6695519999999817
 21
-81.3469259999999963
 31
0
  0
LINE
  5
3DA
330
1B
100
AcDbEntity
  8
B.Cu
  6
CONTINUOUS
100
AcDbLine
 10
187.6695519999999817
 20
-81.3469259999999963
 30
0
 11
187.6965779999999882
 21
-81.4477899999999977
 31
0
  0
LINE
  5
3DB
330
1B
100
AcDbEntity
  8
B.Cu
  6
CONTINUOUS
100
AcDbLine
 10
187.6965779999999882
 20
-81.4477899999999977
 30
0
 11
187.6965779999999882
 21
-81.4500000000000028
 31
0
  0
LINE
  5
3DC
330
1B
100
AcDbEntity
  8
B.Cu
  6
CONTINUOUS
100
AcDbLine
 10
187.6965779999999882
 20
-81.4500000000000028
 30
0
 11
189.5499999999999829
 21
-81.4500000000000028
 31
0
  0
LINE
  5
3DD
330
1B
100
AcDbEntity
  8
B.Cu
  6
CONTINUOUS
100
AcDbLine
 10
189.5499999999999829
 20
-81.4500000000000028
 30
0
 11
189.645670999999993
 21
-81.4690299999999894
 31
0
  0
LINE
  5
3DE
330
1B
100
AcDbEntity
  8
B.Cu
  6
CONTINUOUS
100
AcDbLine
 10
189.645670999999993
 20
-81.4690299999999894
 30
0
 11
189.7267769999999985
 21
-81.5232230000000015
 31
0
  0
LINE
  5
3DF
330
1B
100
AcDbEntity
  8
B.Cu
  6
CONTINUOUS
100
AcDbLine
 10
189.7267769999999985
 20
-81.5232230000000015
 30
0
 11
189.7809699999999964
 21
-81.6043289999999928
 31
0
  0
LINE
  5
3E0
330
1B
100
AcDbEntity
  8
B.Cu
  6
CONTINUOUS
100
AcDbLine
 10
189.7809699999999964
 20
-81.6043289999999928
 30
0
 11
189.7999999999999829
 21
-81.7000000000000028
 31
0
  0
LINE
  5
3E1
330
1B
100
AcDbEntity
  8
B.Cu
  6
CONTINUOUS
100
AcDbLine
 10
189.7999999999999829
 20
-81.7000000000000028
 30
0
 11
189.7999999999999829
 21
-83.7999999999999972
 31
0
  0
LINE
  5
3E2
330
1B
100
AcDbEntity
  8
B.Cu
  6
CONTINUOUS
100
AcDbLine
 10
189.7999999999999829
 20
-83.7999999999999972
 30
0
 11
189.7809699999999964
 21
-83.895670999999993
 31
0
  0
LINE
  5
3E3
330
1B
100
AcDbEntity
  8
B.Cu
  6
CONTINUOUS
100
AcDbLine
 10
189.7809699999999964
 20
-83.895670999999993
 30
0
 11
189.7267769999999985
 21
-83.9767769999999985
 31
0
  0
LINE
  5
3E4
330
1B
100
AcDbEntity
  8
B.Cu
  6
CONTINUOUS
100
AcDbLine
 10
189.7267769999999985
 20
-83.9767769999999985
 30
0
 11
189.645670999999993
 21
-84.0309699999999964
 31
0
  0
LINE
  5
3E5
330
1B
100
AcDbEntity
  8
B.Cu
  6
CONTINUOUS
100
AcDbLine
 10
189.645670999999993
 20
-84.0309699999999964
 30
0
 11
189.5499999999999829
 21
-84.0499999999999972
 31
0
  0
LINE
  5
3E6
330
1B
100
AcDbEntity
  8
B.Cu
  6
CONTINUOUS
100
AcDbLine
 10
189.5499999999999829
 20
-84.0499999999999972
 30
0
 11
187.4499999999999886
 21
-84.0499999999999972
 31
0
  0
LINE
  5
3E7
330
1B
100
AcDbEntity
  8
B.Cu
  6
CONTINUOUS
100
AcDbLine
 10
187.4499999999999886
 20
-84.0499999999999972
 30
0
 11
187.3543289999999786
 21
-84.0309699999999964
 31
0
  0
LINE
  5
3E8
330
1B
100
AcDbEntity
  8
B.Cu
  6
CONTINUOUS
100
AcDbLine
 10
187.3543289999999786
 20
-84.0309699999999964
 30
0
 11
187.2732230000000015
 21
-83.9767769999999985
 31
0
  0
LINE
  5
3E9
330
1B
100
AcDbEntity
  8
B.Cu
  6
CONTINUOUS
100
AcDbLine
 10
187.2732230000000015
 20
-83.9767769999999985
 30
0
 11
187.2190300000000036
 21
-83.895670999999993
 31
0
  0
LINE
  5
3EA
330
1B
100
AcDbEntity
  8
B.Cu
  6
CONTINUOUS
100
AcDbLine
 10
187.2190300000000036
 20
-83.895670999999993
 30
0
 11
187.1999999999999886
 21
-83.7999999999999972
 31
0
  0
LINE
  5
3EB
330
1B
100
AcDbEntity
  8
B.Cu
  6
CONTINUOUS
100
AcDbLine
 10
187.1999999999999886
 20
-83.7999999999999972
 30
0
 11
187.1999999999999886
 21
-81.8837719999999933
 31
0
  0
LINE
  5
3EC
330
1B
100
AcDbEntity
  8
B.Cu
  6
CONTINUOUS
100
AcDbLine
 10
187.1999999999999886
 20
-81.8837719999999933
 30
0
 11
187.1469259999999792
 21
-81.8695519999999988
 31
0
  0
LINE
  5
3ED
330
1B
100
AcDbEntity
  8
B.Cu
  6
CONTINUOUS
100
AcDbLine
 10
187.1469259999999792
 20
-81.8695519999999988
 30
0
 11
187.056494999999984
 21
-81.817340999999999
 31
0
  0
LINE
  5
3EE
330
1B
100
AcDbEntity
  8
B.Cu
  6
CONTINUOUS
100
AcDbLine
 10
187.056494999999984
 20
-81.817340999999999
 30
0
 11
187.0171569999999974
 21
-81.7828429999999997
 31
0
  0
LINE
  5
3EF
330
1B
100
AcDbEntity
  8
B.Cu
  6
CONTINUOUS
100
AcDbLine
 10
187.0171569999999974
 20
-81.7828429999999997
 30
0
 11
186.5171569999999974
 21
-81.2828429999999997
 31
0
  0
LINE
  5
3F0
330
1B
100
AcDbEntity
  8
B.Cu
  6
CONTINUOUS
100
AcDbLine
 10
186.5171569999999974
 20
-81.2828429999999997
 30
0
 11
186.482658999999984
 21
-81.243504999999999
 31
0
  0
LINE
  5
3F1
330
1B
100
AcDbEntity
  8
B.Cu
  6
CONTINUOUS
100
AcDbLine
 10
186.482658999999984
 20
-81.243504999999999
 30
0
 11
186.4304479999999842
 21
-81.1530739999999895
 31
0
  0
LINE
  5
3F2
330
1B
100
AcDbEntity
  8
B.Cu
  6
CONTINUOUS
100
AcDbLine
 10
186.4304479999999842
 20
-81.1530739999999895
 30
0
 11
186.4034219999999777
 21
-81.0522100000000023
 31
0
  0
LINE
  5
3F3
330
1B
100
AcDbEntity
  8
B.Cu
  6
CONTINUOUS
100
AcDbLine
 10
186.4034219999999777
 20
-81.0522100000000023
 30
0
 11
186.4000000000000057
 21
-81.
 31
0
  0
LINE
  5
3F4
330
1B
100
AcDbEntity
  8
B.Cu
  6
CONTINUOUS
100
AcDbLine
 10
186.4000000000000057
 20
-81.
 30
0
 11
186.4000000000000057
 21
-80.7999999999999972
 31
0
  0
LINE
  5
3F5
330
1B
100
AcDbEntity
  8
B.Cu
  6
CONTINUOUS
100
AcDbLine
 10
186.4000000000000057
 20
-80.7999999999999972
 30
0
 11
186.4034219999999777
 21
-80.7477899999999948
 31
0
  0
LINE
  5
3F6
330
1B
100
AcDbEntity
  8
B.Cu
  6
CONTINUOUS
100
AcDbLine
 10
186.4034219999999777
 20
-80.7477899999999948
 30
0
 11
186.4304479999999842
 21
-80.6469269999999909
 31
0
  0
LINE
  5
3F7
330
1B
100
AcDbEntity
  8
B.Cu
  6
CONTINUOUS
100
AcDbLine
 10
186.4304479999999842
 20
-80.6469269999999909
 30
0
 11
186.482658999999984
 21
-80.5564949999999982
 31
0
  0
LINE
  5
3F8
330
1B
100
AcDbEntity
  8
B.Cu
  6
CONTINUOUS
100
AcDbLine
 10
186.482658999999984
 20
-80.5564949999999982
 30
0
 11
186.556494999999984
 21
-80.4826589999999982
 31
0
  0
LINE
  5
3F9
330
1B
100
AcDbEntity
  8
B.Cu
  6
CONTINUOUS
100
AcDbLine
 10
186.556494999999984
 20
-80.4826589999999982
 30
0
 11
186.6469270000000051
 21
-80.4304479999999984
 31
0
  0
LINE
  5
3FA
330
1B
100
AcDbEntity
  8
B.Cu
  6
CONTINUOUS
100
AcDbLine
 10
186.6469270000000051
 20
-80.4304479999999984
 30
0
 11
186.7477899999999806
 21
-80.403421999999992
 31
0
  0
LINE
  5
3FB
330
1B
100
AcDbEntity
  8
B.Cu
  6
CONTINUOUS
100
AcDbLine
 10
186.7477899999999806
 20
-80.403421999999992
 30
0
 11
186.8522099999999853
 21
-80.403421999999992
 31
0
  0
LINE
  5
3FC
330
1B
100
AcDbEntity
  8
B.Cu
  6
CONTINUOUS
100
AcDbLine
 10
186.8522099999999853
 20
-80.403421999999992
 30
0
 11
186.9530729999999892
 21
-80.4304479999999984
 31
0
  0
LINE
  5
3FD
330
1B
100
AcDbEntity
  8
B.Cu
  6
CONTINUOUS
100
AcDbLine
 10
149.8648049999999898
 20
-67.9728360000000009
 30
0
 11
149.932627999999994
 21
-68.0119940000000014
 31
0
  0
LINE
  5
3FE
330
1B
100
AcDbEntity
  8
B.Cu
  6
CONTINUOUS
100
AcDbLine
 10
149.932627999999994
 20
-68.0119940000000014
 30
0
 11
149.9880059999999844
 21
-68.0673719999999918
 31
0
  0
LINE
  5
3FF
330
1B
100
AcDbEntity
  8
B.Cu
  6
CONTINUOUS
100
AcDbLine
 10
149.9880059999999844
 20
-68.0673719999999918
 30
0
 11
150.0271639999999991
 21
-68.135194999999996
 31
0
  0
LINE
  5
400
330
1B
100
AcDbEntity
  8
B.Cu
  6
CONTINUOUS
100
AcDbLine
 10
150.0271639999999991
 20
-68.135194999999996
 30
0
 11
150.0474329999999838
 21
-68.2108419999999995
 31
0
  0
LINE
  5
401
330
1B
100
AcDbEntity
  8
B.Cu
  6
CONTINUOUS
100
AcDbLine
 10
150.0474329999999838
 20
-68.2108419999999995
 30
0
 11
150.0474329999999838
 21
-68.2891580000000005
 31
0
  0
LINE
  5
402
330
1B
100
AcDbEntity
  8
B.Cu
  6
CONTINUOUS
100
AcDbLine
 10
150.0474329999999838
 20
-68.2891580000000005
 30
0
 11
150.0271639999999991
 21
-68.3648049999999898
 31
0
  0
LINE
  5
403
330
1B
100
AcDbEntity
  8
B.Cu
  6
CONTINUOUS
100
AcDbLine
 10
150.0271639999999991
 20
-68.3648049999999898
 30
0
 11
149.9880059999999844
 21
-68.432627999999994
 31
0
  0
LINE
  5
404
330
1B
100
AcDbEntity
  8
B.Cu
  6
CONTINUOUS
100
AcDbLine
 10
149.9880059999999844
 20
-68.432627999999994
 30
0
 11
149.932627999999994
 21
-68.4880059999999986
 31
0
  0
LINE
  5
405
330
1B
100
AcDbEntity
  8
B.Cu
  6
CONTINUOUS
100
AcDbLine
 10
149.932627999999994
 20
-68.4880059999999986
 30
0
 11
149.8648049999999898
 21
-68.5271639999999991
 31
0
  0
LINE
  5
406
330
1B
100
AcDbEntity
  8
B.Cu
  6
CONTINUOUS
100
AcDbLine
 10
149.8648049999999898
 20
-68.5271639999999991
 30
0
 11
149.7891579999999863
 21
-68.5474329999999981
 31
0
  0
LINE
  5
407
330
1B
100
AcDbEntity
  8
B.Cu
  6
CONTINUOUS
100
AcDbLine
 10
149.7891579999999863
 20
-68.5474329999999981
 30
0
 11
149.7108419999999853
 21
-68.5474329999999981
 31
0
  0
LINE
  5
408
330
1B
100
AcDbEntity
  8
B.Cu
  6
CONTINUOUS
100
AcDbLine
 10
149.7108419999999853
 20
-68.5474329999999981
 30
0
 11
149.6351949999999817
 21
-68.5271639999999991
 31
0
  0
LINE
  5
409
330
1B
100
AcDbEntity
  8
B.Cu
  6
CONTINUOUS
100
AcDbLine
 10
149.6351949999999817
 20
-68.5271639999999991
 30
0
 11
149.567372000000006
 21
-68.4880059999999986
 31
0
  0
LINE
  5
40A
330
1B
100
AcDbEntity
  8
B.Cu
  6
CONTINUOUS
100
AcDbLine
 10
149.567372000000006
 20
-68.4880059999999986
 30
0
 11
149.5119939999999872
 21
-68.432627999999994
 31
0
  0
LINE
  5
40B
330
1B
100
AcDbEntity
  8
B.Cu
  6
CONTINUOUS
100
AcDbLine
 10
149.5119939999999872
 20
-68.432627999999994
 30
0
 11
149.4728360000000009
 21
-68.3648049999999898
 31
0
  0
LINE
  5
40C
330
1B
100
AcDbEntity
  8
B.Cu
  6
CONTINUOUS
100
AcDbLine
 10
149.4728360000000009
 20
-68.3648049999999898
 30
0
 11
149.4525669999999877
 21
-68.2891580000000005
 31
0
  0
LINE
  5
40D
330
1B
100
AcDbEntity
  8
B.Cu
  6
CONTINUOUS
100
AcDbLine
 10
149.4525669999999877
 20
-68.2891580000000005
 30
0
 11
149.4525669999999877
 21
-68.2108419999999995
 31
0
  0
LINE
  5
40E
330
1B
100
AcDbEntity
  8
B.Cu
  6
CONTINUOUS
100
AcDbLine
 10
149.4525669999999877
 20
-68.2108419999999995
 30
0
 11
149.4728360000000009
 21
-68.135194999999996
 31
0
  0
LINE
  5
40F
330
1B
100
AcDbEntity
  8
B.Cu
  6
CONTINUOUS
100
AcDbLine
 10
149.4728360000000009
 20
-68.135194999999996
 30
0
 11
149.5119939999999872
 21
-68.0673719999999918
 31
0
  0
LINE
  5
410
330
1B
100
AcDbEntity
  8
B.Cu
  6
CONTINUOUS
100
AcDbLine
 10
149.5119939999999872
 20
-68.0673719999999918
 30
0
 11
149.567372000000006
 21
-68.0119940000000014
 31
0
  0
LINE
  5
411
330
1B
100
AcDbEntity
  8
B.Cu
  6
CONTINUOUS
100
AcDbLine
 10
149.567372000000006
 20
-68.0119940000000014
 30
0
 11
149.6351949999999817
 21
-67.9728360000000009
 31
0
  0
LINE
  5
412
330
1B
100
AcDbEntity
  8
B.Cu
  6
CONTINUOUS
100
AcDbLine
 10
149.6351949999999817
 20
-67.9728360000000009
 30
0
 11
149.7108419999999853
 21
-67.9525670000000019
 31
0
  0
LINE
  5
413
330
1B
100
AcDbEntity
  8
B.Cu
  6
CONTINUOUS
100
AcDbLine
 10
149.7108419999999853
 20
-67.9525670000000019
 30
0
 11
149.7891579999999863
 21
-67.9525670000000019
 31
0
  0
LINE
  5
414
330
1B
100
AcDbEntity
  8
B.Cu
  6
CONTINUOUS
100
AcDbLine
 10
149.7891579999999863
 20
-67.9525670000000019
 30
0
 11
149.8648049999999898
 21
-67.9728360000000009
 31
0
  0
LINE
  5
415
330
1B
100
AcDbEntity
  8
B.Cu
  6
CONTINUOUS
100
AcDbLine
 10
151.8648049999999898
 20
-67.9728360000000009
 30
0
 11
151.932627999999994
 21
-68.0119940000000014
 31
0
  0
LINE
  5
416
330
1B
100
AcDbEntity
  8
B.Cu
  6
CONTINUOUS
100
AcDbLine
 10
151.932627999999994
 20
-68.0119940000000014
 30
0
 11
151.9880059999999844
 21
-68.0673719999999918
 31
0
  0
LINE
  5
417
330
1B
100
AcDbEntity
  8
B.Cu
  6
CONTINUOUS
100
AcDbLine
 10
151.9880059999999844
 20
-68.0673719999999918
 30
0
 11
152.0271639999999991
 21
-68.135194999999996
 31
0
  0
LINE
  5
418
330
1B
100
AcDbEntity
  8
B.Cu
  6
CONTINUOUS
100
AcDbLine
 10
152.0271639999999991
 20
-68.135194999999996
 30
0
 11
152.0474329999999838
 21
-68.2108419999999995
 31
0
  0
LINE
  5
419
330
1B
100
AcDbEntity
  8
B.Cu
  6
CONTINUOUS
100
AcDbLine
 10
152.0474329999999838
 20
-68.2108419999999995
 30
0
 11
152.0474329999999838
 21
-68.2891580000000005
 31
0
  0
LINE
  5
41A
330
1B
100
AcDbEntity
  8
B.Cu
  6
CONTINUOUS
100
AcDbLine
 10
152.0474329999999838
 20
-68.2891580000000005
 30
0
 11
152.0271639999999991
 21
-68.3648049999999898
 31
0
  0
LINE
  5
41B
330
1B
100
AcDbEntity
  8
B.Cu
  6
CONTINUOUS
100
AcDbLine
 10
152.0271639999999991
 20
-68.3648049999999898
 30
0
 11
151.9880059999999844
 21
-68.432627999999994
 31
0
  0
LINE
  5
41C
330
1B
100
AcDbEntity
  8
B.Cu
  6
CONTINUOUS
100
AcDbLine
 10
151.9880059999999844
 20
-68.432627999999994
 30
0
 11
151.932627999999994
 21
-68.4880059999999986
 31
0
  0
LINE
  5
41D
330
1B
100
AcDbEntity
  8
B.Cu
  6
CONTINUOUS
100
AcDbLine
 10
151.932627999999994
 20
-68.4880059999999986
 30
0
 11
151.8648049999999898
 21
-68.5271639999999991
 31
0
  0
LINE
  5
41E
330
1B
100
AcDbEntity
  8
B.Cu
  6
CONTINUOUS
100
AcDbLine
 10
151.8648049999999898
 20
-68.5271639999999991
 30
0
 11
151.7891579999999863
 21
-68.5474329999999981
 31
0
  0
LINE
  5
41F
330
1B
100
AcDbEntity
  8
B.Cu
  6
CONTINUOUS
100
AcDbLine
 10
151.7891579999999863
 20
-68.5474329999999981
 30
0
 11
151.7108419999999853
 21
-68.5474329999999981
 31
0
  0
LINE
  5
420
330
1B
100
AcDbEntity
  8
B.Cu
  6
CONTINUOUS
100
AcDbLine
 10
151.7108419999999853
 20
-68.5474329999999981
 30
0
 11
151.6351949999999817
 21
-68.5271639999999991
 31
0
  0
LINE
  5
421
330
1B
100
AcDbEntity
  8
B.Cu
  6
CONTINUOUS
100
AcDbLine
 10
151.6351949999999817
 20
-68.5271639999999991
 30
0
 11
151.567372000000006
 21
-68.4880059999999986
 31
0
  0
LINE
  5
422
330
1B
100
AcDbEntity
  8
B.Cu
  6
CONTINUOUS
100
AcDbLine
 10
151.567372000000006
 20
-68.4880059999999986
 30
0
 11
151.5119939999999872
 21
-68.432627999999994
 31
0
  0
LINE
  5
423
330
1B
100
AcDbEntity
  8
B.Cu
  6
CONTINUOUS
100
AcDbLine
 10
151.5119939999999872
 20
-68.432627999999994
 30
0
 11
151.4728360000000009
 21
-68.3648049999999898
 31
0
  0
LINE
  5
424
330
1B
100
AcDbEntity
  8
B.Cu
  6
CONTINUOUS
100
AcDbLine
 10
151.4728360000000009
 20
-68.3648049999999898
 30
0
 11
151.4525669999999877
 21
-68.2891580000000005
 31
0
  0
LINE
  5
425
330
1B
100
AcDbEntity
  8
B.Cu
  6
CONTINUOUS
100
AcDbLine
 10
151.4525669999999877
 20
-68.2891580000000005
 30
0
 11
151.4525669999999877
 21
-68.2108419999999995
 31
0
  0
LINE
  5
426
330
1B
100
AcDbEntity
  8
B.Cu
  6
CONTINUOUS
100
AcDbLine
 10
151.4525669999999877
 20
-68.2108419999999995
 30
0
 11
151.4728360000000009
 21
-68.135194999999996
 31
0
  0
LINE
  5
427
330
1B
100
AcDbEntity
  8
B.Cu
  6
CONTINUOUS
100
AcDbLine
 10
151.4728360000000009
 20
-68.135194999999996
 30
0
 11
151.5119939999999872
 21
-68.0673719999999918
 31
0
  0
LINE
  5
428
330
1B
100
AcDbEntity
  8
B.Cu
  6
CONTINUOUS
100
AcDbLine
 10
151.5119939999999872
 20
-68.0673719999999918
 30
0
 11
151.567372000000006
 21
-68.0119940000000014
 31
0
  0
LINE
  5
429
330
1B
100
AcDbEntity
  8
B.Cu
  6
CONTINUOUS
100
AcDbLine
 10
151.567372000000006
 20
-68.0119940000000014
 30
0
 11
151.6351949999999817
 21
-67.9728360000000009
 31
0
  0
LINE
  5
42A
330
1B
100
AcDbEntity
  8
B.Cu
  6
CONTINUOUS
100
AcDbLine
 10
151.6351949999999817
 20
-67.9728360000000009
 30
0
 11
151.7108419999999853
 21
-67.9525670000000019
 31
0
  0
LINE
  5
42B
330
1B
100
AcDbEntity
  8
B.Cu
  6
CONTINUOUS
100
AcDbLine
 10
151.7108419999999853
 20
-67.9525670000000019
 30
0
 11
151.7891579999999863
 21
-67.9525670000000019
 31
0
  0
LINE
  5
42C
330
1B
100
AcDbEntity
  8
B.Cu
  6
CONTINUOUS
100
AcDbLine
 10
151.7891579999999863
 20
-67.9525670000000019
 30
0
 11
151.8648049999999898
 21
-67.9728360000000009
 31
0
  0
LINE
  5
42D
330
1B
100
AcDbEntity
  8
B.Cu
  6
CONTINUOUS
100
AcDbLine
 10
157.8648049999999898
 20
-67.9728360000000009
 30
0
 11
157.932627999999994
 21
-68.0119940000000014
 31
0
  0
LINE
  5
42E
330
1B
100
AcDbEntity
  8
B.Cu
  6
CONTINUOUS
100
AcDbLine
 10
157.932627999999994
 20
-68.0119940000000014
 30
0
 11
157.9880059999999844
 21
-68.0673719999999918
 31
0
  0
LINE
  5
42F
330
1B
100
AcDbEntity
  8
B.Cu
  6
CONTINUOUS
100
AcDbLine
 10
157.9880059999999844
 20
-68.0673719999999918
 30
0
 11
158.0271639999999991
 21
-68.135194999999996
 31
0
  0
LINE
  5
430
330
1B
100
AcDbEntity
  8
B.Cu
  6
CONTINUOUS
100
AcDbLine
 10
158.0271639999999991
 20
-68.135194999999996
 30
0
 11
158.0474329999999838
 21
-68.2108419999999995
 31
0
  0
LINE
  5
431
330
1B
100
AcDbEntity
  8
B.Cu
  6
CONTINUOUS
100
AcDbLine
 10
158.0474329999999838
 20
-68.2108419999999995
 30
0
 11
158.0474329999999838
 21
-68.2891580000000005
 31
0
  0
LINE
  5
432
330
1B
100
AcDbEntity
  8
B.Cu
  6
CONTINUOUS
100
AcDbLine
 10
158.0474329999999838
 20
-68.2891580000000005
 30
0
 11
158.0271639999999991
 21
-68.3648049999999898
 31
0
  0
LINE
  5
433
330
1B
100
AcDbEntity
  8
B.Cu
  6
CONTINUOUS
100
AcDbLine
 10
158.0271639999999991
 20
-68.3648049999999898
 30
0
 11
157.9880059999999844
 21
-68.432627999999994
 31
0
  0
LINE
  5
434
330
1B
100
AcDbEntity
  8
B.Cu
  6
CONTINUOUS
100
AcDbLine
 10
157.9880059999999844
 20
-68.432627999999994
 30
0
 11
157.932627999999994
 21
-68.4880059999999986
 31
0
  0
LINE
  5
435
330
1B
100
AcDbEntity
  8
B.Cu
  6
CONTINUOUS
100
AcDbLine
 10
157.932627999999994
 20
-68.4880059999999986
 30
0
 11
157.8648049999999898
 21
-68.5271639999999991
 31
0
  0
LINE
  5
436
330
1B
100
AcDbEntity
  8
B.Cu
  6
CONTINUOUS
100
AcDbLine
 10
157.8648049999999898
 20
-68.5271639999999991
 30
0
 11
157.7891579999999863
 21
-68.5474329999999981
 31
0
  0
LINE
  5
437
330
1B
100
AcDbEntity
  8
B.Cu
  6
CONTINUOUS
100
AcDbLine
 10
157.7891579999999863
 20
-68.5474329999999981
 30
0
 11
157.7108419999999853
 21
-68.5474329999999981
 31
0
  0
LINE
  5
438
330
1B
100
AcDbEntity
  8
B.Cu
  6
CONTINUOUS
100
AcDbLine
 10
157.7108419999999853
 20
-68.5474329999999981
 30
0
 11
157.6351949999999817
 21
-68.5271639999999991
 31
0
  0
LINE
  5
439
330
1B
100
AcDbEntity
  8
B.Cu
  6
CONTINUOUS
100
AcDbLine
 10
157.6351949999999817
 20
-68.5271639999999991
 30
0
 11
157.567372000000006
 21
-68.4880059999999986
 31
0
  0
LINE
  5
43A
330
1B
100
AcDbEntity
  8
B.Cu
  6
CONTINUOUS
100
AcDbLine
 10
157.567372000000006
 20
-68.4880059999999986
 30
0
 11
157.5119939999999872
 21
-68.432627999999994
 31
0
  0
LINE
  5
43B
330
1B
100
AcDbEntity
  8
B.Cu
  6
CONTINUOUS
100
AcDbLine
 10
157.5119939999999872
 20
-68.432627999999994
 30
0
 11
157.4728360000000009
 21
-68.3648049999999898
 31
0
  0
LINE
  5
43C
330
1B
100
AcDbEntity
  8
B.Cu
  6
CONTINUOUS
100
AcDbLine
 10
157.4728360000000009
 20
-68.3648049999999898
 30
0
 11
157.4525669999999877
 21
-68.2891580000000005
 31
0
  0
LINE
  5
43D
330
1B
100
AcDbEntity
  8
B.Cu
  6
CONTINUOUS
100
AcDbLine
 10
157.4525669999999877
 20
-68.2891580000000005
 30
0
 11
157.4525669999999877
 21
-68.2108419999999995
 31
0
  0
LINE
  5
43E
330
1B
100
AcDbEntity
  8
B.Cu
  6
CONTINUOUS
100
AcDbLine
 10
157.4525669999999877
 20
-68.2108419999999995
 30
0
 11
157.4728360000000009
 21
-68.135194999999996
 31
0
  0
LINE
  5
43F
330
1B
100
AcDbEntity
  8
B.Cu
  6
CONTINUOUS
100
AcDbLine
 10
157.4728360000000009
 20
-68.135194999999996
 30
0
 11
157.5119939999999872
 21
-68.0673719999999918
 31
0
  0
LINE
  5
440
330
1B
100
AcDbEntity
  8
B.Cu
  6
CONTINUOUS
100
AcDbLine
 10
157.5119939999999872
 20
-68.0673719999999918
 30
0
 11
157.567372000000006
 21
-68.0119940000000014
 31
0
  0
LINE
  5
441
330
1B
100
AcDbEntity
  8
B.Cu
  6
CONTINUOUS
100
AcDbLine
 10
157.567372000000006
 20
-68.0119940000000014
 30
0
 11
157.6351949999999817
 21
-67.9728360000000009
 31
0
  0
LINE
  5
442
330
1B
100
AcDbEntity
  8
B.Cu
  6
CONTINUOUS
100
AcDbLine
 10
157.6351949999999817
 20
-67.9728360000000009
 30
0
 11
157.7108419999999853
 21
-67.9525670000000019
 31
0
  0
LINE
  5
443
330
1B
100
AcDbEntity
  8
B.Cu
  6
CONTINUOUS
100
AcDbLine
 10
157.7108419999999853
 20
-67.9525670000000019
 30
0
 11
157.7891579999999863
 21
-67.9525670000000019
 31
0
  0
LINE
  5
444
330
1B
100
AcDbEntity
  8
B.Cu
  6
CONTINUOUS
100
AcDbLine
 10
157.7891579999999863
 20
-67.9525670000000019
 30
0
 11
157.8648049999999898
 21
-67.9728360000000009
 31
0
  0
LINE
  5
445
330
1B
100
AcDbEntity
  8
B.Cu
  6
CONTINUOUS
100
AcDbLine
 10
193.3586909999999932
 20
-61.6194069999999954
 30
0
 11
193.3946550000000002
 21
-61.6689069999999973
 31
0
  0
LINE
  5
446
330
1B
100
AcDbEntity
  8
B.Cu
  6
CONTINUOUS
100
AcDbLine
 10
193.3946550000000002
 20
-61.6689069999999973
 30
0
 11
193.3994999999999891
 21
-61.6995000000000005
 31
0
  0
LINE
  5
447
330
1B
100
AcDbEntity
  8
B.Cu
  6
CONTINUOUS
100
AcDbLine
 10
193.3994999999999891
 20
-61.6995000000000005
 30
0
 11
193.3994999999999891
 21
-115.8004999999999995
 31
0
  0
LINE
  5
448
330
1B
100
AcDbEntity
  8
B.Cu
  6
CONTINUOUS
100
AcDbLine
 10
193.3994999999999891
 20
-115.8004999999999995
 30
0
 11
193.3805930000000046
 21
-115.8586909999999932
 31
0
  0
LINE
  5
449
330
1B
100
AcDbEntity
  8
B.Cu
  6
CONTINUOUS
100
AcDbLine
 10
193.3805930000000046
 20
-115.8586909999999932
 30
0
 11
193.3310929999999814
 21
-115.8946550000000002
 31
0
  0
LINE
  5
44A
330
1B
100
AcDbEntity
  8
B.Cu
  6
CONTINUOUS
100
AcDbLine
 10
193.3310929999999814
 20
-115.8946550000000002
 30
0
 11
193.3004999999999995
 21
-115.8994999999999891
 31
0
  0
LINE
  5
44B
330
1B
100
AcDbEntity
  8
B.Cu
  6
CONTINUOUS
100
AcDbLine
 10
193.3004999999999995
 20
-115.8994999999999891
 30
0
 11
104.1995000000000005
 21
-115.8994999999999891
 31
0
  0
LINE
  5
44C
330
1B
100
AcDbEntity
  8
B.Cu
  6
CONTINUOUS
100
AcDbLine
 10
104.1995000000000005
 20
-115.8994999999999891
 30
0
 11
104.1413089999999926
 21
-115.8805929999999904
 31
0
  0
LINE
  5
44D
330
1B
100
AcDbEntity
  8
B.Cu
  6
CONTINUOUS
100
AcDbLine
 10
104.1413089999999926
 20
-115.8805929999999904
 30
0
 11
104.1053449999999998
 21
-115.8310929999999956
 31
0
  0
LINE
  5
44E
330
1B
100
AcDbEntity
  8
B.Cu
  6
CONTINUOUS
100
AcDbLine
 10
104.1053449999999998
 20
-115.8310929999999956
 30
0
 11
104.1004999999999967
 21
-115.8004999999999995
 31
0
  0
LINE
  5
44F
330
1B
100
AcDbEntity
  8
B.Cu
  6
CONTINUOUS
100
AcDbLine
 10
104.1004999999999967
 20
-115.8004999999999995
 30
0
 11
104.1004999999999967
 21
-109.1841079999999948
 31
0
  0
LINE
  5
450
330
1B
100
AcDbEntity
  8
B.Cu
  6
CONTINUOUS
100
AcDbLine
 10
104.1004999999999967
 20
-109.1841079999999948
 30
0
 11
104.1004999999999967
 21
-105.8052969999999959
 31
0
  0
LINE
  5
451
330
1B
100
AcDbEntity
  8
B.Cu
  6
CONTINUOUS
100
AcDbLine
 10
104.1004999999999967
 20
-105.8052969999999959
 30
0
 11
104.1004999999999967
 21
-100.6841079999999948
 31
0
  0
LINE
  5
452
330
1B
100
AcDbEntity
  8
B.Cu
  6
CONTINUOUS
100
AcDbLine
 10
104.1004999999999967
 20
-100.6841079999999948
 30
0
 11
104.1004999999999967
 21
-96.6841079999999948
 31
0
  0
LINE
  5
453
330
1B
100
AcDbEntity
  8
B.Cu
  6
CONTINUOUS
100
AcDbLine
 10
104.1004999999999967
 20
-96.6841079999999948
 30
0
 11
104.1004999999999967
 21
-86.6841079999999948
 31
0
  0
LINE
  5
454
330
1B
100
AcDbEntity
  8
B.Cu
  6
CONTINUOUS
100
AcDbLine
 10
104.1004999999999967
 20
-86.6841079999999948
 30
0
 11
104.1004999999999967
 21
-76.6841079999999948
 31
0
  0
LINE
  5
455
330
1B
100
AcDbEntity
  8
B.Cu
  6
CONTINUOUS
100
AcDbLine
 10
104.1004999999999967
 20
-76.6841079999999948
 30
0
 11
104.1004999999999967
 21
-63.9761269999999982
 31
0
  0
LINE
  5
456
330
1B
100
AcDbEntity
  8
B.Cu
  6
CONTINUOUS
100
AcDbLine
 10
104.1004999999999967
 20
-63.9761269999999982
 30
0
 11
104.1004999999999967
 21
-61.6995000000000005
 31
0
  0
LINE
  5
457
330
1B
100
AcDbEntity
  8
B.Cu
  6
CONTINUOUS
100
AcDbLine
 10
104.1004999999999967
 20
-61.6995000000000005
 30
0
 11
104.1194069999999954
 21
-61.6413089999999997
 31
0
  0
LINE
  5
458
330
1B
100
AcDbEntity
  8
B.Cu
  6
CONTINUOUS
100
AcDbLine
 10
104.1194069999999954
 20
-61.6413089999999997
 30
0
 11
104.1689069999999901
 21
-61.6053449999999998
 31
0
  0
LINE
  5
459
330
1B
100
AcDbEntity
  8
B.Cu
  6
CONTINUOUS
100
AcDbLine
 10
104.1689069999999901
 20
-61.6053449999999998
 30
0
 11
104.1995000000000005
 21
-61.6004999999999967
 31
0
  0
LINE
  5
45A
330
1B
100
AcDbEntity
  8
B.Cu
  6
CONTINUOUS
100
AcDbLine
 10
104.1995000000000005
 20
-61.6004999999999967
 30
0
 11
193.3004999999999995
 21
-61.6004999999999967
 31
0
  0
LINE
  5
45B
330
1B
100
AcDbEntity
  8
B.Cu
  6
CONTINUOUS
100
AcDbLine
 10
193.3004999999999995
 20
-61.6004999999999967
 30
0
 11
193.3586909999999932
 21
-61.6194069999999954
 31
0
  0
LINE
  5
45C
330
1B
100
AcDbEntity
  8
B.Cu
  6
CONTINUOUS
100
AcDbLine
 10
149.6062000000000012
 20
-108.7703750000000014
 30
0
 11
149.556808999999987
 21
-108.7836089999999984
 31
0
  0
LINE
  5
45D
330
1B
100
AcDbEntity
  8
B.Cu
  6
CONTINUOUS
100
AcDbLine
 10
149.556808999999987
 20
-108.7836089999999984
 30
0
 11
149.4426899999999989
 21
-108.849496000000002
 31
0
  0
LINE
  5
45E
330
1B
100
AcDbEntity
  8
B.Cu
  6
CONTINUOUS
100
AcDbLine
 10
149.4426899999999989
 20
-108.849496000000002
 30
0
 11
149.3494959999999878
 21
-108.9426899999999989
 31
0
  0
LINE
  5
45F
330
1B
100
AcDbEntity
  8
B.Cu
  6
CONTINUOUS
100
AcDbLine
 10
149.3494959999999878
 20
-108.9426899999999989
 30
0
 11
149.2836089999999842
 21
-109.0568090000000012
 31
0
  0
LINE
  5
460
330
1B
100
AcDbEntity
  8
B.Cu
  6
CONTINUOUS
100
AcDbLine
 10
149.2836089999999842
 20
-109.0568090000000012
 30
0
 11
149.2836079999999868
 21
-109.0568139999999886
 31
0
  0
LINE
  5
461
330
1B
100
AcDbEntity
  8
B.Cu
  6
CONTINUOUS
100
AcDbLine
 10
149.2836079999999868
 20
-109.0568139999999886
 30
0
 11
149.2494999999999834
 21
-109.1841079999999948
 31
0
  0
LINE
  5
462
330
1B
100
AcDbEntity
  8
B.Cu
  6
CONTINUOUS
100
AcDbLine
 10
149.2494999999999834
 20
-109.1841079999999948
 30
0
 11
149.2494999999999834
 21
-109.315891999999991
 31
0
  0
LINE
  5
463
330
1B
100
AcDbEntity
  8
B.Cu
  6
CONTINUOUS
100
AcDbLine
 10
149.2494999999999834
 20
-109.315891999999991
 30
0
 11
149.279578999999984
 21
-109.4281509999999997
 31
0
  0
LINE
  5
464
330
1B
100
AcDbEntity
  8
B.Cu
  6
CONTINUOUS
100
AcDbLine
 10
149.279578999999984
 20
-109.4281509999999997
 30
0
 11
149.2836089999999842
 21
-109.4431900000000013
 31
0
  0
LINE
  5
465
330
1B
100
AcDbEntity
  8
B.Cu
  6
CONTINUOUS
100
AcDbLine
 10
149.2836089999999842
 20
-109.4431900000000013
 30
0
 11
149.3494959999999878
 21
-109.5573089999999894
 31
0
  0
LINE
  5
466
330
1B
100
AcDbEntity
  8
B.Cu
  6
CONTINUOUS
100
AcDbLine
 10
149.3494959999999878
 20
-109.5573089999999894
 30
0
 11
149.3494979999999828
 21
-109.5573109999999986
 31
0
  0
LINE
  5
467
330
1B
100
AcDbEntity
  8
B.Cu
  6
CONTINUOUS
100
AcDbLine
 10
149.3494979999999828
 20
-109.5573109999999986
 30
0
 11
149.3495000000000061
 21
-109.557313999999991
 31
0
  0
LINE
  5
468
330
1B
100
AcDbEntity
  8
B.Cu
  6
CONTINUOUS
100
AcDbLine
 10
149.3495000000000061
 20
-109.557313999999991
 30
0
 11
149.4426859999999806
 21
-109.6504999999999939
 31
0
  0
LINE
  5
469
330
1B
100
AcDbEntity
  8
B.Cu
  6
CONTINUOUS
100
AcDbLine
 10
149.4426859999999806
 20
-109.6504999999999939
 30
0
 11
149.442688000000004
 21
-109.6505009999999913
 31
0
  0
LINE
  5
46A
330
1B
100
AcDbEntity
  8
B.Cu
  6
CONTINUOUS
100
AcDbLine
 10
149.442688000000004
 20
-109.6505009999999913
 30
0
 11
149.4426899999999989
 21
-109.6505030000000005
 31
0
  0
LINE
  5
46B
330
1B
100
AcDbEntity
  8
B.Cu
  6
CONTINUOUS
100
AcDbLine
 10
149.4426899999999989
 20
-109.6505030000000005
 30
0
 11
149.5568099999999845
 21
-109.7163899999999899
 31
0
  0
LINE
  5
46C
330
1B
100
AcDbEntity
  8
B.Cu
  6
CONTINUOUS
100
AcDbLine
 10
149.5568099999999845
 20
-109.7163899999999899
 30
0
 11
149.5568079999999895
 21
-109.7163899999999899
 31
0
  0
LINE
  5
46D
330
1B
100
AcDbEntity
  8
B.Cu
  6
CONTINUOUS
100
AcDbLine
 10
149.5568079999999895
 20
-109.7163899999999899
 30
0
 11
149.5568119999999794
 21
-109.7163910000000016
 31
0
  0
LINE
  5
46E
330
1B
100
AcDbEntity
  8
B.Cu
  6
CONTINUOUS
100
AcDbLine
 10
149.5568119999999794
 20
-109.7163910000000016
 30
0
 11
149.5568140000000028
 21
-109.716391999999999
 31
0
  0
LINE
  5
46F
330
1B
100
AcDbEntity
  8
B.Cu
  6
CONTINUOUS
100
AcDbLine
 10
149.5568140000000028
 20
-109.716391999999999
 30
0
 11
149.6841079999999806
 21
-109.7504999999999882
 31
0
  0
LINE
  5
470
330
1B
100
AcDbEntity
  8
B.Cu
  6
CONTINUOUS
100
AcDbLine
 10
149.6841079999999806
 20
-109.7504999999999882
 30
0
 11
149.749165000000005
 21
-109.7504999999999882
 31
0
  0
LINE
  5
471
330
1B
100
AcDbEntity
  8
B.Cu
  6
CONTINUOUS
100
AcDbLine
 10
149.749165000000005
 20
-109.7504999999999882
 30
0
 11
149.8073559999999986
 21
-109.7694070000000011
 31
0
  0
LINE
  5
472
330
1B
100
AcDbEntity
  8
B.Cu
  6
CONTINUOUS
100
AcDbLine
 10
149.8073559999999986
 20
-109.7694070000000011
 30
0
 11
149.8191679999999906
 21
-109.7794959999999946
 31
0
  0
LINE
  5
473
330
1B
100
AcDbEntity
  8
B.Cu
  6
CONTINUOUS
100
AcDbLine
 10
149.8191679999999906
 20
-109.7794959999999946
 30
0
 11
150.2001369999999838
 21
-110.1604639999999904
 31
0
  0
LINE
  5
474
330
1B
100
AcDbEntity
  8
B.Cu
  6
CONTINUOUS
100
AcDbLine
 10
150.2001369999999838
 20
-110.1604639999999904
 30
0
 11
150.2001419999999996
 21
-110.1604679999999945
 31
0
  0
LINE
  5
475
330
1B
100
AcDbEntity
  8
B.Cu
  6
CONTINUOUS
100
AcDbLine
 10
150.2001419999999996
 20
-110.1604679999999945
 30
0
 11
150.2743569999999806
 21
-110.2033160000000009
 31
0
  0
LINE
  5
476
330
1B
100
AcDbEntity
  8
B.Cu
  6
CONTINUOUS
100
AcDbLine
 10
150.2743569999999806
 20
-110.2033160000000009
 30
0
 11
150.2743549999999857
 21
-110.2033160000000009
 31
0
  0
LINE
  5
477
330
1B
100
AcDbEntity
  8
B.Cu
  6
CONTINUOUS
100
AcDbLine
 10
150.2743549999999857
 20
-110.2033160000000009
 30
0
 11
150.274359000000004
 21
-110.2033169999999984
 31
0
  0
LINE
  5
478
330
1B
100
AcDbEntity
  8
B.Cu
  6
CONTINUOUS
100
AcDbLine
 10
150.274359000000004
 20
-110.2033169999999984
 30
0
 11
150.274360999999999
 21
-110.2033179999999959
 31
0
  0
LINE
  5
479
330
1B
100
AcDbEntity
  8
B.Cu
  6
CONTINUOUS
100
AcDbLine
 10
150.274360999999999
 20
-110.2033179999999959
 30
0
 11
150.3571469999999977
 21
-110.2254999999999967
 31
0
  0
LINE
  5
47A
330
1B
100
AcDbEntity
  8
B.Cu
  6
CONTINUOUS
100
AcDbLine
 10
150.3571469999999977
 20
-110.2254999999999967
 30
0
 11
150.3571489999999926
 21
-110.2254999999999967
 31
0
  0
LINE
  5
47B
330
1B
100
AcDbEntity
  8
B.Cu
  6
CONTINUOUS
100
AcDbLine
 10
150.3571489999999926
 20
-110.2254999999999967
 30
0
 11
152.2428510000000017
 21
-110.2254999999999967
 31
0
  0
LINE
  5
47C
330
1B
100
AcDbEntity
  8
B.Cu
  6
CONTINUOUS
100
AcDbLine
 10
152.2428510000000017
 20
-110.2254999999999967
 30
0
 11
152.2428529999999967
 21
-110.2254999999999967
 31
0
  0
LINE
  5
47D
330
1B
100
AcDbEntity
  8
B.Cu
  6
CONTINUOUS
100
AcDbLine
 10
152.2428529999999967
 20
-110.2254999999999967
 30
0
 11
152.3256389999999953
 21
-110.2033179999999959
 31
0
  0
LINE
  5
47E
330
1B
100
AcDbEntity
  8
B.Cu
  6
CONTINUOUS
100
AcDbLine
 10
152.3256389999999953
 20
-110.2033179999999959
 30
0
 11
152.3256409999999903
 21
-110.2033160000000009
 31
0
  0
LINE
  5
47F
330
1B
100
AcDbEntity
  8
B.Cu
  6
CONTINUOUS
100
AcDbLine
 10
152.3256409999999903
 20
-110.2033160000000009
 30
0
 11
152.3256429999999852
 21
-110.2033160000000009
 31
0
  0
LINE
  5
480
330
1B
100
AcDbEntity
  8
B.Cu
  6
CONTINUOUS
100
AcDbLine
 10
152.3256429999999852
 20
-110.2033160000000009
 30
0
 11
152.3998569999999972
 21
-110.1604679999999945
 31
0
  0
LINE
  5
481
330
1B
100
AcDbEntity
  8
B.Cu
  6
CONTINUOUS
100
AcDbLine
 10
152.3998569999999972
 20
-110.1604679999999945
 30
0
 11
152.3998569999999972
 21
-110.160466999999997
 31
0
  0
LINE
  5
482
330
1B
100
AcDbEntity
  8
B.Cu
  6
CONTINUOUS
100
AcDbLine
 10
152.3998569999999972
 20
-110.160466999999997
 30
0
 11
152.3998619999999846
 21
-110.1604650000000021
 31
0
  0
LINE
  5
483
330
1B
100
AcDbEntity
  8
B.Cu
  6
CONTINUOUS
100
AcDbLine
 10
152.3998619999999846
 20
-110.1604650000000021
 30
0
 11
152.9058310000000063
 21
-109.6544959999999946
 31
0
  0
LINE
  5
484
330
1B
100
AcDbEntity
  8
B.Cu
  6
CONTINUOUS
100
AcDbLine
 10
152.9058310000000063
 20
-109.6544959999999946
 30
0
 11
152.960347999999982
 21
-109.6267189999999943
 31
0
  0
LINE
  5
485
330
1B
100
AcDbEntity
  8
B.Cu
  6
CONTINUOUS
100
AcDbLine
 10
152.960347999999982
 20
-109.6267189999999943
 30
0
 11
152.9758349999999893
 21
-109.6254999999999882
 31
0
  0
LINE
  5
486
330
1B
100
AcDbEntity
  8
B.Cu
  6
CONTINUOUS
100
AcDbLine
 10
152.9758349999999893
 20
-109.6254999999999882
 30
0
 11
153.3766789999999958
 21
-109.6254999999999882
 31
0
  0
LINE
  5
487
330
1B
100
AcDbEntity
  8
B.Cu
  6
CONTINUOUS
100
AcDbLine
 10
153.3766789999999958
 20
-109.6254999999999882
 30
0
 11
153.4348699999999894
 21
-109.6444070000000011
 31
0
  0
LINE
  5
488
330
1B
100
AcDbEntity
  8
B.Cu
  6
CONTINUOUS
100
AcDbLine
 10
153.4348699999999894
 20
-109.6444070000000011
 30
0
 11
153.4374760000000038
 21
-109.6466329999999942
 31
0
  0
LINE
  5
489
330
1B
100
AcDbEntity
  8
B.Cu
  6
CONTINUOUS
100
AcDbLine
 10
153.4374760000000038
 20
-109.6466329999999942
 30
0
 11
153.4375399999999843
 21
-109.6465509999999881
 31
0
  0
LINE
  5
48A
330
1B
100
AcDbEntity
  8
B.Cu
  6
CONTINUOUS
100
AcDbLine
 10
153.4375399999999843
 20
-109.6465509999999881
 30
0
 11
153.4426899999999989
 21
-109.6505030000000005
 31
0
  0
LINE
  5
48B
330
1B
100
AcDbEntity
  8
B.Cu
  6
CONTINUOUS
100
AcDbLine
 10
153.4426899999999989
 20
-109.6505030000000005
 30
0
 11
153.5568099999999845
 21
-109.7163899999999899
 31
0
  0
LINE
  5
48C
330
1B
100
AcDbEntity
  8
B.Cu
  6
CONTINUOUS
100
AcDbLine
 10
153.5568099999999845
 20
-109.7163899999999899
 30
0
 11
153.5568079999999895
 21
-109.7163899999999899
 31
0
  0
LINE
  5
48D
330
1B
100
AcDbEntity
  8
B.Cu
  6
CONTINUOUS
100
AcDbLine
 10
153.5568079999999895
 20
-109.7163899999999899
 30
0
 11
153.5568119999999794
 21
-109.7163910000000016
 31
0
  0
LINE
  5
48E
330
1B
100
AcDbEntity
  8
B.Cu
  6
CONTINUOUS
100
AcDbLine
 10
153.5568119999999794
 20
-109.7163910000000016
 30
0
 11
153.5568140000000028
 21
-109.716391999999999
 31
0
  0
LINE
  5
48F
330
1B
100
AcDbEntity
  8
B.Cu
  6
CONTINUOUS
100
AcDbLine
 10
153.5568140000000028
 20
-109.716391999999999
 30
0
 11
153.6841079999999806
 21
-109.7504999999999882
 31
0
  0
LINE
  5
490
330
1B
100
AcDbEntity
  8
B.Cu
  6
CONTINUOUS
100
AcDbLine
 10
153.6841079999999806
 20
-109.7504999999999882
 30
0
 11
153.684110000000004
 21
-109.7504999999999882
 31
0
  0
LINE
  5
491
330
1B
100
AcDbEntity
  8
B.Cu
  6
CONTINUOUS
100
AcDbLine
 10
153.684110000000004
 20
-109.7504999999999882
 30
0
 11
153.815889999999996
 21
-109.7504999999999882
 31
0
  0
LINE
  5
492
330
1B
100
AcDbEntity
  8
B.Cu
  6
CONTINUOUS
100
AcDbLine
 10
153.815889999999996
 20
-109.7504999999999882
 30
0
 11
153.815891999999991
 21
-109.7504999999999882
 31
0
  0
LINE
  5
493
330
1B
100
AcDbEntity
  8
B.Cu
  6
CONTINUOUS
100
AcDbLine
 10
153.815891999999991
 20
-109.7504999999999882
 30
0
 11
153.9431859999999972
 21
-109.716391999999999
 31
0
  0
LINE
  5
494
330
1B
100
AcDbEntity
  8
B.Cu
  6
CONTINUOUS
100
AcDbLine
 10
153.9431859999999972
 20
-109.716391999999999
 30
0
 11
153.9431879999999921
 21
-109.7163899999999899
 31
0
  0
LINE
  5
495
330
1B
100
AcDbEntity
  8
B.Cu
  6
CONTINUOUS
100
AcDbLine
 10
153.9431879999999921
 20
-109.7163899999999899
 30
0
 11
153.9431899999999871
 21
-109.7163899999999899
 31
0
  0
LINE
  5
496
330
1B
100
AcDbEntity
  8
B.Cu
  6
CONTINUOUS
100
AcDbLine
 10
153.9431899999999871
 20
-109.7163899999999899
 30
0
 11
154.0573090000000036
 21
-109.6505030000000005
 31
0
  0
LINE
  5
497
330
1B
100
AcDbEntity
  8
B.Cu
  6
CONTINUOUS
100
AcDbLine
 10
154.0573090000000036
 20
-109.6505030000000005
 30
0
 11
154.0573090000000036
 21
-109.6505019999999888
 31
0
  0
LINE
  5
498
330
1B
100
AcDbEntity
  8
B.Cu
  6
CONTINUOUS
100
AcDbLine
 10
154.0573090000000036
 20
-109.6505019999999888
 30
0
 11
154.057313999999991
 21
-109.6504999999999939
 31
0
  0
LINE
  5
499
330
1B
100
AcDbEntity
  8
B.Cu
  6
CONTINUOUS
100
AcDbLine
 10
154.057313999999991
 20
-109.6504999999999939
 30
0
 11
154.1504999999999939
 21
-109.557313999999991
 31
0
  0
LINE
  5
49A
330
1B
100
AcDbEntity
  8
B.Cu
  6
CONTINUOUS
100
AcDbLine
 10
154.1504999999999939
 20
-109.557313999999991
 30
0
 11
154.2163919999999848
 21
-109.4431859999999972
 31
0
  0
LINE
  5
49B
330
1B
100
AcDbEntity
  8
B.Cu
  6
CONTINUOUS
100
AcDbLine
 10
154.2163919999999848
 20
-109.4431859999999972
 30
0
 11
154.2504999999999882
 21
-109.315891999999991
 31
0
  0
LINE
  5
49C
330
1B
100
AcDbEntity
  8
B.Cu
  6
CONTINUOUS
100
AcDbLine
 10
154.2504999999999882
 20
-109.315891999999991
 30
0
 11
154.2504999999999882
 21
-109.1841079999999948
 31
0
  0
LINE
  5
49D
330
1B
100
AcDbEntity
  8
B.Cu
  6
CONTINUOUS
100
AcDbLine
 10
154.2504999999999882
 20
-109.1841079999999948
 30
0
 11
154.2163919999999848
 21
-109.0568139999999886
 31
0
  0
LINE
  5
49E
330
1B
100
AcDbEntity
  8
B.Cu
  6
CONTINUOUS
100
AcDbLine
 10
154.2163919999999848
 20
-109.0568139999999886
 30
0
 11
154.2163899999999899
 21
-109.0568109999999962
 31
0
  0
LINE
  5
49F
330
1B
100
AcDbEntity
  8
B.Cu
  6
CONTINUOUS
100
AcDbLine
 10
154.2163899999999899
 20
-109.0568109999999962
 30
0
 11
154.2163899999999899
 21
-109.0568090000000012
 31
0
  0
LINE
  5
4A0
330
1B
100
AcDbEntity
  8
B.Cu
  6
CONTINUOUS
100
AcDbLine
 10
154.2163899999999899
 20
-109.0568090000000012
 30
0
 11
154.1505029999999863
 21
-108.9426899999999989
 31
0
  0
LINE
  5
4A1
330
1B
100
AcDbEntity
  8
B.Cu
  6
CONTINUOUS
100
AcDbLine
 10
154.1505029999999863
 20
-108.9426899999999989
 30
0
 11
154.1505009999999913
 21
-108.9426879999999898
 31
0
  0
LINE
  5
4A2
330
1B
100
AcDbEntity
  8
B.Cu
  6
CONTINUOUS
100
AcDbLine
 10
154.1505009999999913
 20
-108.9426879999999898
 30
0
 11
154.1504999999999939
 21
-108.9426859999999948
 31
0
  0
LINE
  5
4A3
330
1B
100
AcDbEntity
  8
B.Cu
  6
CONTINUOUS
100
AcDbLine
 10
154.1504999999999939
 20
-108.9426859999999948
 30
0
 11
154.057313999999991
 21
-108.8494999999999919
 31
0
  0
LINE
  5
4A4
330
1B
100
AcDbEntity
  8
B.Cu
  6
CONTINUOUS
100
AcDbLine
 10
154.057313999999991
 20
-108.8494999999999919
 30
0
 11
154.0573109999999986
 21
-108.849497999999997
 31
0
  0
LINE
  5
4A5
330
1B
100
AcDbEntity
  8
B.Cu
  6
CONTINUOUS
100
AcDbLine
 10
154.0573109999999986
 20
-108.849497999999997
 30
0
 11
154.0573090000000036
 21
-108.849496000000002
 31
0
  0
LINE
  5
4A6
330
1B
100
AcDbEntity
  8
B.Cu
  6
CONTINUOUS
100
AcDbLine
 10
154.0573090000000036
 20
-108.849496000000002
 30
0
 11
153.9431889999999896
 21
-108.7836089999999984
 31
0
  0
LINE
  5
4A7
330
1B
100
AcDbEntity
  8
B.Cu
  6
CONTINUOUS
100
AcDbLine
 10
153.9431889999999896
 20
-108.7836089999999984
 30
0
 11
153.9431909999999846
 21
-108.7836089999999984
 31
0
  0
LINE
  5
4A8
330
1B
100
AcDbEntity
  8
B.Cu
  6
CONTINUOUS
100
AcDbLine
 10
153.9431909999999846
 20
-108.7836089999999984
 30
0
 11
153.8937990000000013
 21
-108.7703750000000014
 31
0
  0
LINE
  5
4A9
330
1B
100
AcDbEntity
  8
B.Cu
  6
CONTINUOUS
100
AcDbLine
 10
153.8937990000000013
 20
-108.7703750000000014
 30
0
 11
153.815891999999991
 21
-108.7494999999999976
 31
0
  0
LINE
  5
4AA
330
1B
100
AcDbEntity
  8
B.Cu
  6
CONTINUOUS
100
AcDbLine
 10
153.815891999999991
 20
-108.7494999999999976
 30
0
 11
153.6841079999999806
 21
-108.7494999999999976
 31
0
  0
LINE
  5
4AB
330
1B
100
AcDbEntity
  8
B.Cu
  6
CONTINUOUS
100
AcDbLine
 10
153.6841079999999806
 20
-108.7494999999999976
 30
0
 11
153.6062000000000012
 21
-108.7703750000000014
 31
0
  0
LINE
  5
4AC
330
1B
100
AcDbEntity
  8
B.Cu
  6
CONTINUOUS
100
AcDbLine
 10
153.6062000000000012
 20
-108.7703750000000014
 30
0
 11
153.556808999999987
 21
-108.7836089999999984
 31
0
  0
LINE
  5
4AD
330
1B
100
AcDbEntity
  8
B.Cu
  6
CONTINUOUS
100
AcDbLine
 10
153.556808999999987
 20
-108.7836089999999984
 30
0
 11
153.4426899999999989
 21
-108.849496000000002
 31
0
  0
LINE
  5
4AE
330
1B
100
AcDbEntity
  8
B.Cu
  6
CONTINUOUS
100
AcDbLine
 10
153.4426899999999989
 20
-108.849496000000002
 30
0
 11
153.4426890000000014
 21
-108.8494969999999995
 31
0
  0
LINE
  5
4AF
330
1B
100
AcDbEntity
  8
B.Cu
  6
CONTINUOUS
100
AcDbLine
 10
153.4426890000000014
 20
-108.8494969999999995
 30
0
 11
153.4426859999999806
 21
-108.8494989999999945
 31
0
  0
LINE
  5
4B0
330
1B
100
AcDbEntity
  8
B.Cu
  6
CONTINUOUS
100
AcDbLine
 10
153.4426859999999806
 20
-108.8494989999999945
 30
0
 11
153.4426859999999806
 21
-108.8494999999999919
 31
0
  0
LINE
  5
4B1
330
1B
100
AcDbEntity
  8
B.Cu
  6
CONTINUOUS
100
AcDbLine
 10
153.4426859999999806
 20
-108.8494999999999919
 30
0
 11
153.3495000000000061
 21
-108.9426859999999948
 31
0
  0
LINE
  5
4B2
330
1B
100
AcDbEntity
  8
B.Cu
  6
CONTINUOUS
100
AcDbLine
 10
153.3495000000000061
 20
-108.9426859999999948
 30
0
 11
153.3494979999999828
 21
-108.9426879999999898
 31
0
  0
LINE
  5
4B3
330
1B
100
AcDbEntity
  8
B.Cu
  6
CONTINUOUS
100
AcDbLine
 10
153.3494979999999828
 20
-108.9426879999999898
 30
0
 11
153.3466829999999845
 21
-108.9455039999999997
 31
0
  0
LINE
  5
4B4
330
1B
100
AcDbEntity
  8
B.Cu
  6
CONTINUOUS
100
AcDbLine
 10
153.3466829999999845
 20
-108.9455039999999997
 30
0
 11
153.2921659999999804
 21
-108.9732810000000001
 31
0
  0
LINE
  5
4B5
330
1B
100
AcDbEntity
  8
B.Cu
  6
CONTINUOUS
100
AcDbLine
 10
153.2921659999999804
 20
-108.9732810000000001
 30
0
 11
153.2766790000000015
 21
-108.9744999999999919
 31
0
  0
LINE
  5
4B6
330
1B
100
AcDbEntity
  8
B.Cu
  6
CONTINUOUS
100
AcDbLine
 10
153.2766790000000015
 20
-108.9744999999999919
 30
0
 11
152.842852999999991
 21
-108.9744999999999919
 31
0
  0
LINE
  5
4B7
330
1B
100
AcDbEntity
  8
B.Cu
  6
CONTINUOUS
100
AcDbLine
 10
152.842852999999991
 20
-108.9744999999999919
 30
0
 11
152.7571470000000033
 21
-108.9744999999999919
 31
0
  0
LINE
  5
4B8
330
1B
100
AcDbEntity
  8
B.Cu
  6
CONTINUOUS
100
AcDbLine
 10
152.7571470000000033
 20
-108.9744999999999919
 30
0
 11
152.7064780000000042
 21
-108.9880759999999924
 31
0
  0
LINE
  5
4B9
330
1B
100
AcDbEntity
  8
B.Cu
  6
CONTINUOUS
100
AcDbLine
 10
152.7064780000000042
 20
-108.9880759999999924
 30
0
 11
152.6743559999999889
 21
-108.9966829999999902
 31
0
  0
LINE
  5
4BA
330
1B
100
AcDbEntity
  8
B.Cu
  6
CONTINUOUS
100
AcDbLine
 10
152.6743559999999889
 20
-108.9966829999999902
 30
0
 11
152.6001420000000053
 21
-109.0395309999999967
 31
0
  0
LINE
  5
4BB
330
1B
100
AcDbEntity
  8
B.Cu
  6
CONTINUOUS
100
AcDbLine
 10
152.6001420000000053
 20
-109.0395309999999967
 30
0
 11
152.0941689999999937
 21
-109.545503999999994
 31
0
  0
LINE
  5
4BC
330
1B
100
AcDbEntity
  8
B.Cu
  6
CONTINUOUS
100
AcDbLine
 10
152.0941689999999937
 20
-109.545503999999994
 30
0
 11
152.0396519999999896
 21
-109.5732809999999944
 31
0
  0
LINE
  5
4BD
330
1B
100
AcDbEntity
  8
B.Cu
  6
CONTINUOUS
100
AcDbLine
 10
152.0396519999999896
 20
-109.5732809999999944
 30
0
 11
152.0241649999999822
 21
-109.5745000000000005
 31
0
  0
LINE
  5
4BE
330
1B
100
AcDbEntity
  8
B.Cu
  6
CONTINUOUS
100
AcDbLine
 10
152.0241649999999822
 20
-109.5745000000000005
 30
0
 11
150.5758349999999837
 21
-109.5745000000000005
 31
0
  0
LINE
  5
4BF
330
1B
100
AcDbEntity
  8
B.Cu
  6
CONTINUOUS
100
AcDbLine
 10
150.5758349999999837
 20
-109.5745000000000005
 30
0
 11
150.51764399999999
 21
-109.5555930000000018
 31
0
  0
LINE
  5
4C0
330
1B
100
AcDbEntity
  8
B.Cu
  6
CONTINUOUS
100
AcDbLine
 10
150.51764399999999
 20
-109.5555930000000018
 30
0
 11
150.5058310000000006
 21
-109.545503999999994
 31
0
  0
LINE
  5
4C1
330
1B
100
AcDbEntity
  8
B.Cu
  6
CONTINUOUS
100
AcDbLine
 10
150.5058310000000006
 20
-109.545503999999994
 30
0
 11
150.2794959999999946
 21
-109.319168999999988
 31
0
  0
LINE
  5
4C2
330
1B
100
AcDbEntity
  8
B.Cu
  6
CONTINUOUS
100
AcDbLine
 10
150.2794959999999946
 20
-109.319168999999988
 30
0
 11
150.25171899999998
 21
-109.2646519999999981
 31
0
  0
LINE
  5
4C3
330
1B
100
AcDbEntity
  8
B.Cu
  6
CONTINUOUS
100
AcDbLine
 10
150.25171899999998
 20
-109.2646519999999981
 30
0
 11
150.2504999999999882
 21
-109.2491649999999908
 31
0
  0
LINE
  5
4C4
330
1B
100
AcDbEntity
  8
B.Cu
  6
CONTINUOUS
100
AcDbLine
 10
150.2504999999999882
 20
-109.2491649999999908
 30
0
 11
150.2504999999999882
 21
-109.1841089999999923
 31
0
  0
LINE
  5
4C5
330
1B
100
AcDbEntity
  8
B.Cu
  6
CONTINUOUS
100
AcDbLine
 10
150.2504999999999882
 20
-109.1841089999999923
 30
0
 11
150.2504999999999882
 21
-109.1841079999999948
 31
0
  0
LINE
  5
4C6
330
1B
100
AcDbEntity
  8
B.Cu
  6
CONTINUOUS
100
AcDbLine
 10
150.2504999999999882
 20
-109.1841079999999948
 30
0
 11
150.2163919999999848
 21
-109.0568139999999886
 31
0
  0
LINE
  5
4C7
330
1B
100
AcDbEntity
  8
B.Cu
  6
CONTINUOUS
100
AcDbLine
 10
150.2163919999999848
 20
-109.0568139999999886
 30
0
 11
150.2163899999999899
 21
-109.0568109999999962
 31
0
  0
LINE
  5
4C8
330
1B
100
AcDbEntity
  8
B.Cu
  6
CONTINUOUS
100
AcDbLine
 10
150.2163899999999899
 20
-109.0568109999999962
 30
0
 11
150.2163899999999899
 21
-109.0568090000000012
 31
0
  0
LINE
  5
4C9
330
1B
100
AcDbEntity
  8
B.Cu
  6
CONTINUOUS
100
AcDbLine
 10
150.2163899999999899
 20
-109.0568090000000012
 30
0
 11
150.1505029999999863
 21
-108.9426899999999989
 31
0
  0
LINE
  5
4CA
330
1B
100
AcDbEntity
  8
B.Cu
  6
CONTINUOUS
100
AcDbLine
 10
150.1505029999999863
 20
-108.9426899999999989
 30
0
 11
150.1505009999999913
 21
-108.9426879999999898
 31
0
  0
LINE
  5
4CB
330
1B
100
AcDbEntity
  8
B.Cu
  6
CONTINUOUS
100
AcDbLine
 10
150.1505009999999913
 20
-108.9426879999999898
 30
0
 11
150.1504999999999939
 21
-108.9426859999999948
 31
0
  0
LINE
  5
4CC
330
1B
100
AcDbEntity
  8
B.Cu
  6
CONTINUOUS
100
AcDbLine
 10
150.1504999999999939
 20
-108.9426859999999948
 30
0
 11
150.057313999999991
 21
-108.8494999999999919
 31
0
  0
LINE
  5
4CD
330
1B
100
AcDbEntity
  8
B.Cu
  6
CONTINUOUS
100
AcDbLine
 10
150.057313999999991
 20
-108.8494999999999919
 30
0
 11
150.0573109999999986
 21
-108.849497999999997
 31
0
  0
LINE
  5
4CE
330
1B
100
AcDbEntity
  8
B.Cu
  6
CONTINUOUS
100
AcDbLine
 10
150.0573109999999986
 20
-108.849497999999997
 30
0
 11
150.0573090000000036
 21
-108.849496000000002
 31
0
  0
LINE
  5
4CF
330
1B
100
AcDbEntity
  8
B.Cu
  6
CONTINUOUS
100
AcDbLine
 10
150.0573090000000036
 20
-108.849496000000002
 30
0
 11
149.9431889999999896
 21
-108.7836089999999984
 31
0
  0
LINE
  5
4D0
330
1B
100
AcDbEntity
  8
B.Cu
  6
CONTINUOUS
100
AcDbLine
 10
149.9431889999999896
 20
-108.7836089999999984
 30
0
 11
149.9431909999999846
 21
-108.7836089999999984
 31
0
  0
LINE
  5
4D1
330
1B
100
AcDbEntity
  8
B.Cu
  6
CONTINUOUS
100
AcDbLine
 10
149.9431909999999846
 20
-108.7836089999999984
 30
0
 11
149.8937990000000013
 21
-108.7703750000000014
 31
0
  0
LINE
  5
4D2
330
1B
100
AcDbEntity
  8
B.Cu
  6
CONTINUOUS
100
AcDbLine
 10
149.8937990000000013
 20
-108.7703750000000014
 30
0
 11
149.815891999999991
 21
-108.7494999999999976
 31
0
  0
LINE
  5
4D3
330
1B
100
AcDbEntity
  8
B.Cu
  6
CONTINUOUS
100
AcDbLine
 10
149.815891999999991
 20
-108.7494999999999976
 30
0
 11
149.6841079999999806
 21
-108.7494999999999976
 31
0
  0
LINE
  5
4D4
330
1B
100
AcDbEntity
  8
B.Cu
  6
CONTINUOUS
100
AcDbLine
 10
149.6841079999999806
 20
-108.7494999999999976
 30
0
 11
149.6062000000000012
 21
-108.7703750000000014
 31
0
  0
LINE
  5
4D5
330
1B
100
AcDbEntity
  8
B.Cu
  6
CONTINUOUS
100
AcDbLine
 10
119.6062000000000012
 20
-108.7703750000000014
 30
0
 11
119.5568090000000012
 21
-108.7836089999999984
 31
0
  0
LINE
  5
4D6
330
1B
100
AcDbEntity
  8
B.Cu
  6
CONTINUOUS
100
AcDbLine
 10
119.5568090000000012
 20
-108.7836089999999984
 30
0
 11
119.4426899999999989
 21
-108.849496000000002
 31
0
  0
LINE
  5
4D7
330
1B
100
AcDbEntity
  8
B.Cu
  6
CONTINUOUS
100
AcDbLine
 10
119.4426899999999989
 20
-108.849496000000002
 30
0
 11
119.3494959999999878
 21
-108.9426899999999989
 31
0
  0
LINE
  5
4D8
330
1B
100
AcDbEntity
  8
B.Cu
  6
CONTINUOUS
100
AcDbLine
 10
119.3494959999999878
 20
-108.9426899999999989
 30
0
 11
119.2836089999999984
 21
-109.0568090000000012
 31
0
  0
LINE
  5
4D9
330
1B
100
AcDbEntity
  8
B.Cu
  6
CONTINUOUS
100
AcDbLine
 10
119.2836089999999984
 20
-109.0568090000000012
 30
0
 11
119.283608000000001
 21
-109.0568139999999886
 31
0
  0
LINE
  5
4DA
330
1B
100
AcDbEntity
  8
B.Cu
  6
CONTINUOUS
100
AcDbLine
 10
119.283608000000001
 20
-109.0568139999999886
 30
0
 11
119.2494999999999976
 21
-109.1841079999999948
 31
0
  0
LINE
  5
4DB
330
1B
100
AcDbEntity
  8
B.Cu
  6
CONTINUOUS
100
AcDbLine
 10
119.2494999999999976
 20
-109.1841079999999948
 30
0
 11
119.2494999999999976
 21
-109.315891999999991
 31
0
  0
LINE
  5
4DC
330
1B
100
AcDbEntity
  8
B.Cu
  6
CONTINUOUS
100
AcDbLine
 10
119.2494999999999976
 20
-109.315891999999991
 30
0
 11
119.2795789999999982
 21
-109.4281509999999997
 31
0
  0
LINE
  5
4DD
330
1B
100
AcDbEntity
  8
B.Cu
  6
CONTINUOUS
100
AcDbLine
 10
119.2795789999999982
 20
-109.4281509999999997
 30
0
 11
119.2836089999999984
 21
-109.4431900000000013
 31
0
  0
LINE
  5
4DE
330
1B
100
AcDbEntity
  8
B.Cu
  6
CONTINUOUS
100
AcDbLine
 10
119.2836089999999984
 20
-109.4431900000000013
 30
0
 11
119.3494959999999878
 21
-109.5573089999999894
 31
0
  0
LINE
  5
4DF
330
1B
100
AcDbEntity
  8
B.Cu
  6
CONTINUOUS
100
AcDbLine
 10
119.3494959999999878
 20
-109.5573089999999894
 30
0
 11
119.349497999999997
 21
-109.5573109999999986
 31
0
  0
LINE
  5
4E0
330
1B
100
AcDbEntity
  8
B.Cu
  6
CONTINUOUS
100
AcDbLine
 10
119.349497999999997
 20
-109.5573109999999986
 30
0
 11
119.3494999999999919
 21
-109.557313999999991
 31
0
  0
LINE
  5
4E1
330
1B
100
AcDbEntity
  8
B.Cu
  6
CONTINUOUS
100
AcDbLine
 10
119.3494999999999919
 20
-109.557313999999991
 30
0
 11
119.4426859999999948
 21
-109.6504999999999939
 31
0
  0
LINE
  5
4E2
330
1B
100
AcDbEntity
  8
B.Cu
  6
CONTINUOUS
100
AcDbLine
 10
119.4426859999999948
 20
-109.6504999999999939
 30
0
 11
119.4426879999999898
 21
-109.6505009999999913
 31
0
  0
LINE
  5
4E3
330
1B
100
AcDbEntity
  8
B.Cu
  6
CONTINUOUS
100
AcDbLine
 10
119.4426879999999898
 20
-109.6505009999999913
 30
0
 11
119.4426899999999989
 21
-109.6505030000000005
 31
0
  0
LINE
  5
4E4
330
1B
100
AcDbEntity
  8
B.Cu
  6
CONTINUOUS
100
AcDbLine
 10
119.4426899999999989
 20
-109.6505030000000005
 30
0
 11
119.5568099999999987
 21
-109.7163899999999899
 31
0
  0
LINE
  5
4E5
330
1B
100
AcDbEntity
  8
B.Cu
  6
CONTINUOUS
100
AcDbLine
 10
119.5568099999999987
 20
-109.7163899999999899
 30
0
 11
119.5568079999999895
 21
-109.7163899999999899
 31
0
  0
LINE
  5
4E6
330
1B
100
AcDbEntity
  8
B.Cu
  6
CONTINUOUS
100
AcDbLine
 10
119.5568079999999895
 20
-109.7163899999999899
 30
0
 11
119.5568119999999936
 21
-109.7163910000000016
 31
0
  0
LINE
  5
4E7
330
1B
100
AcDbEntity
  8
B.Cu
  6
CONTINUOUS
100
AcDbLine
 10
119.5568119999999936
 20
-109.7163910000000016
 30
0
 11
119.5568139999999886
 21
-109.716391999999999
 31
0
  0
LINE
  5
4E8
330
1B
100
AcDbEntity
  8
B.Cu
  6
CONTINUOUS
100
AcDbLine
 10
119.5568139999999886
 20
-109.716391999999999
 30
0
 11
119.6841079999999948
 21
-109.7504999999999882
 31
0
  0
LINE
  5
4E9
330
1B
100
AcDbEntity
  8
B.Cu
  6
CONTINUOUS
100
AcDbLine
 10
119.6841079999999948
 20
-109.7504999999999882
 30
0
 11
119.6841099999999898
 21
-109.7504999999999882
 31
0
  0
LINE
  5
4EA
330
1B
100
AcDbEntity
  8
B.Cu
  6
CONTINUOUS
100
AcDbLine
 10
119.6841099999999898
 20
-109.7504999999999882
 30
0
 11
119.815889999999996
 21
-109.7504999999999882
 31
0
  0
LINE
  5
4EB
330
1B
100
AcDbEntity
  8
B.Cu
  6
CONTINUOUS
100
AcDbLine
 10
119.815889999999996
 20
-109.7504999999999882
 30
0
 11
119.815891999999991
 21
-109.7504999999999882
 31
0
  0
LINE
  5
4EC
330
1B
100
AcDbEntity
  8
B.Cu
  6
CONTINUOUS
100
AcDbLine
 10
119.815891999999991
 20
-109.7504999999999882
 30
0
 11
119.9431859999999972
 21
-109.716391999999999
 31
0
  0
LINE
  5
4ED
330
1B
100
AcDbEntity
  8
B.Cu
  6
CONTINUOUS
100
AcDbLine
 10
119.9431859999999972
 20
-109.716391999999999
 30
0
 11
119.9431879999999921
 21
-109.7163899999999899
 31
0
  0
LINE
  5
4EE
330
1B
100
AcDbEntity
  8
B.Cu
  6
CONTINUOUS
100
AcDbLine
 10
119.9431879999999921
 20
-109.7163899999999899
 30
0
 11
119.9431900000000013
 21
-109.7163899999999899
 31
0
  0
LINE
  5
4EF
330
1B
100
AcDbEntity
  8
B.Cu
  6
CONTINUOUS
100
AcDbLine
 10
119.9431900000000013
 20
-109.7163899999999899
 30
0
 11
120.0573089999999894
 21
-109.6505030000000005
 31
0
  0
LINE
  5
4F0
330
1B
100
AcDbEntity
  8
B.Cu
  6
CONTINUOUS
100
AcDbLine
 10
120.0573089999999894
 20
-109.6505030000000005
 30
0
 11
120.0573089999999894
 21
-109.6505019999999888
 31
0
  0
LINE
  5
4F1
330
1B
100
AcDbEntity
  8
B.Cu
  6
CONTINUOUS
100
AcDbLine
 10
120.0573089999999894
 20
-109.6505019999999888
 30
0
 11
120.057313999999991
 21
-109.6504999999999939
 31
0
  0
LINE
  5
4F2
330
1B
100
AcDbEntity
  8
B.Cu
  6
CONTINUOUS
100
AcDbLine
 10
120.057313999999991
 20
-109.6504999999999939
 30
0
 11
120.1504999999999939
 21
-109.557313999999991
 31
0
  0
LINE
  5
4F3
330
1B
100
AcDbEntity
  8
B.Cu
  6
CONTINUOUS
100
AcDbLine
 10
120.1504999999999939
 20
-109.557313999999991
 30
0
 11
120.216391999999999
 21
-109.4431859999999972
 31
0
  0
LINE
  5
4F4
330
1B
100
AcDbEntity
  8
B.Cu
  6
CONTINUOUS
100
AcDbLine
 10
120.216391999999999
 20
-109.4431859999999972
 30
0
 11
120.2504999999999882
 21
-109.315891999999991
 31
0
  0
LINE
  5
4F5
330
1B
100
AcDbEntity
  8
B.Cu
  6
CONTINUOUS
100
AcDbLine
 10
120.2504999999999882
 20
-109.315891999999991
 30
0
 11
120.2504999999999882
 21
-109.1841079999999948
 31
0
  0
LINE
  5
4F6
330
1B
100
AcDbEntity
  8
B.Cu
  6
CONTINUOUS
100
AcDbLine
 10
120.2504999999999882
 20
-109.1841079999999948
 30
0
 11
120.216391999999999
 21
-109.0568139999999886
 31
0
  0
LINE
  5
4F7
330
1B
100
AcDbEntity
  8
B.Cu
  6
CONTINUOUS
100
AcDbLine
 10
120.216391999999999
 20
-109.0568139999999886
 30
0
 11
120.2163899999999899
 21
-109.0568109999999962
 31
0
  0
LINE
  5
4F8
330
1B
100
AcDbEntity
  8
B.Cu
  6
CONTINUOUS
100
AcDbLine
 10
120.2163899999999899
 20
-109.0568109999999962
 30
0
 11
120.2163899999999899
 21
-109.0568090000000012
 31
0
  0
LINE
  5
4F9
330
1B
100
AcDbEntity
  8
B.Cu
  6
CONTINUOUS
100
AcDbLine
 10
120.2163899999999899
 20
-109.0568090000000012
 30
0
 11
120.1505030000000005
 21
-108.9426899999999989
 31
0
  0
LINE
  5
4FA
330
1B
100
AcDbEntity
  8
B.Cu
  6
CONTINUOUS
100
AcDbLine
 10
120.1505030000000005
 20
-108.9426899999999989
 30
0
 11
120.1505009999999913
 21
-108.9426879999999898
 31
0
  0
LINE
  5
4FB
330
1B
100
AcDbEntity
  8
B.Cu
  6
CONTINUOUS
100
AcDbLine
 10
120.1505009999999913
 20
-108.9426879999999898
 30
0
 11
120.1504999999999939
 21
-108.9426859999999948
 31
0
  0
LINE
  5
4FC
330
1B
100
AcDbEntity
  8
B.Cu
  6
CONTINUOUS
100
AcDbLine
 10
120.1504999999999939
 20
-108.9426859999999948
 30
0
 11
120.057313999999991
 21
-108.8494999999999919
 31
0
  0
LINE
  5
4FD
330
1B
100
AcDbEntity
  8
B.Cu
  6
CONTINUOUS
100
AcDbLine
 10
120.057313999999991
 20
-108.8494999999999919
 30
0
 11
120.0573109999999986
 21
-108.849497999999997
 31
0
  0
LINE
  5
4FE
330
1B
100
AcDbEntity
  8
B.Cu
  6
CONTINUOUS
100
AcDbLine
 10
120.0573109999999986
 20
-108.849497999999997
 30
0
 11
120.0573089999999894
 21
-108.849496000000002
 31
0
  0
LINE
  5
4FF
330
1B
100
AcDbEntity
  8
B.Cu
  6
CONTINUOUS
100
AcDbLine
 10
120.0573089999999894
 20
-108.849496000000002
 30
0
 11
119.9431889999999896
 21
-108.7836089999999984
 31
0
  0
LINE
  5
500
330
1B
100
AcDbEntity
  8
B.Cu
  6
CONTINUOUS
100
AcDbLine
 10
119.9431889999999896
 20
-108.7836089999999984
 30
0
 11
119.9431909999999988
 21
-108.7836089999999984
 31
0
  0
LINE
  5
501
330
1B
100
AcDbEntity
  8
B.Cu
  6
CONTINUOUS
100
AcDbLine
 10
119.9431909999999988
 20
-108.7836089999999984
 30
0
 11
119.8937990000000013
 21
-108.7703750000000014
 31
0
  0
LINE
  5
502
330
1B
100
AcDbEntity
  8
B.Cu
  6
CONTINUOUS
100
AcDbLine
 10
119.8937990000000013
 20
-108.7703750000000014
 30
0
 11
119.815891999999991
 21
-108.7494999999999976
 31
0
  0
LINE
  5
503
330
1B
100
AcDbEntity
  8
B.Cu
  6
CONTINUOUS
100
AcDbLine
 10
119.815891999999991
 20
-108.7494999999999976
 30
0
 11
119.6841079999999948
 21
-108.7494999999999976
 31
0
  0
LINE
  5
504
330
1B
100
AcDbEntity
  8
B.Cu
  6
CONTINUOUS
100
AcDbLine
 10
119.6841079999999948
 20
-108.7494999999999976
 30
0
 11
119.6062000000000012
 21
-108.7703750000000014
 31
0
  0
LINE
  5
505
330
1B
100
AcDbEntity
  8
B.Cu
  6
CONTINUOUS
100
AcDbLine
 10
163.6062000000000012
 20
-108.7703750000000014
 30
0
 11
163.556808999999987
 21
-108.7836089999999984
 31
0
  0
LINE
  5
506
330
1B
100
AcDbEntity
  8
B.Cu
  6
CONTINUOUS
100
AcDbLine
 10
163.556808999999987
 20
-108.7836089999999984
 30
0
 11
163.4426899999999989
 21
-108.849496000000002
 31
0
  0
LINE
  5
507
330
1B
100
AcDbEntity
  8
B.Cu
  6
CONTINUOUS
100
AcDbLine
 10
163.4426899999999989
 20
-108.849496000000002
 30
0
 11
163.3494959999999878
 21
-108.9426899999999989
 31
0
  0
LINE
  5
508
330
1B
100
AcDbEntity
  8
B.Cu
  6
CONTINUOUS
100
AcDbLine
 10
163.3494959999999878
 20
-108.9426899999999989
 30
0
 11
163.2836089999999842
 21
-109.0568090000000012
 31
0
  0
LINE
  5
509
330
1B
100
AcDbEntity
  8
B.Cu
  6
CONTINUOUS
100
AcDbLine
 10
163.2836089999999842
 20
-109.0568090000000012
 30
0
 11
163.2836079999999868
 21
-109.0568139999999886
 31
0
  0
LINE
  5
50A
330
1B
100
AcDbEntity
  8
B.Cu
  6
CONTINUOUS
100
AcDbLine
 10
163.2836079999999868
 20
-109.0568139999999886
 30
0
 11
163.2494999999999834
 21
-109.1841079999999948
 31
0
  0
LINE
  5
50B
330
1B
100
AcDbEntity
  8
B.Cu
  6
CONTINUOUS
100
AcDbLine
 10
163.2494999999999834
 20
-109.1841079999999948
 30
0
 11
163.2494999999999834
 21
-109.315891999999991
 31
0
  0
LINE
  5
50C
330
1B
100
AcDbEntity
  8
B.Cu
  6
CONTINUOUS
100
AcDbLine
 10
163.2494999999999834
 20
-109.315891999999991
 30
0
 11
163.279578999999984
 21
-109.4281509999999997
 31
0
  0
LINE
  5
50D
330
1B
100
AcDbEntity
  8
B.Cu
  6
CONTINUOUS
100
AcDbLine
 10
163.279578999999984
 20
-109.4281509999999997
 30
0
 11
163.2836089999999842
 21
-109.4431900000000013
 31
0
  0
LINE
  5
50E
330
1B
100
AcDbEntity
  8
B.Cu
  6
CONTINUOUS
100
AcDbLine
 10
163.2836089999999842
 20
-109.4431900000000013
 30
0
 11
163.3494959999999878
 21
-109.5573089999999894
 31
0
  0
LINE
  5
50F
330
1B
100
AcDbEntity
  8
B.Cu
  6
CONTINUOUS
100
AcDbLine
 10
163.3494959999999878
 20
-109.5573089999999894
 30
0
 11
163.3494979999999828
 21
-109.5573109999999986
 31
0
  0
LINE
  5
510
330
1B
100
AcDbEntity
  8
B.Cu
  6
CONTINUOUS
100
AcDbLine
 10
163.3494979999999828
 20
-109.5573109999999986
 30
0
 11
163.3495000000000061
 21
-109.557313999999991
 31
0
  0
LINE
  5
511
330
1B
100
AcDbEntity
  8
B.Cu
  6
CONTINUOUS
100
AcDbLine
 10
163.3495000000000061
 20
-109.557313999999991
 30
0
 11
163.4426859999999806
 21
-109.6504999999999939
 31
0
  0
LINE
  5
512
330
1B
100
AcDbEntity
  8
B.Cu
  6
CONTINUOUS
100
AcDbLine
 10
163.4426859999999806
 20
-109.6504999999999939
 30
0
 11
163.442688000000004
 21
-109.6505009999999913
 31
0
  0
LINE
  5
513
330
1B
100
AcDbEntity
  8
B.Cu
  6
CONTINUOUS
100
AcDbLine
 10
163.442688000000004
 20
-109.6505009999999913
 30
0
 11
163.4426899999999989
 21
-109.6505030000000005
 31
0
  0
LINE
  5
514
330
1B
100
AcDbEntity
  8
B.Cu
  6
CONTINUOUS
100
AcDbLine
 10
163.4426899999999989
 20
-109.6505030000000005
 30
0
 11
163.5568099999999845
 21
-109.7163899999999899
 31
0
  0
LINE
  5
515
330
1B
100
AcDbEntity
  8
B.Cu
  6
CONTINUOUS
100
AcDbLine
 10
163.5568099999999845
 20
-109.7163899999999899
 30
0
 11
163.5568079999999895
 21
-109.7163899999999899
 31
0
  0
LINE
  5
516
330
1B
100
AcDbEntity
  8
B.Cu
  6
CONTINUOUS
100
AcDbLine
 10
163.5568079999999895
 20
-109.7163899999999899
 30
0
 11
163.5568119999999794
 21
-109.7163910000000016
 31
0
  0
LINE
  5
517
330
1B
100
AcDbEntity
  8
B.Cu
  6
CONTINUOUS
100
AcDbLine
 10
163.5568119999999794
 20
-109.7163910000000016
 30
0
 11
163.5568140000000028
 21
-109.716391999999999
 31
0
  0
LINE
  5
518
330
1B
100
AcDbEntity
  8
B.Cu
  6
CONTINUOUS
100
AcDbLine
 10
163.5568140000000028
 20
-109.716391999999999
 30
0
 11
163.6841079999999806
 21
-109.7504999999999882
 31
0
  0
LINE
  5
519
330
1B
100
AcDbEntity
  8
B.Cu
  6
CONTINUOUS
100
AcDbLine
 10
163.6841079999999806
 20
-109.7504999999999882
 30
0
 11
163.684110000000004
 21
-109.7504999999999882
 31
0
  0
LINE
  5
51A
330
1B
100
AcDbEntity
  8
B.Cu
  6
CONTINUOUS
100
AcDbLine
 10
163.684110000000004
 20
-109.7504999999999882
 30
0
 11
163.815889999999996
 21
-109.7504999999999882
 31
0
  0
LINE
  5
51B
330
1B
100
AcDbEntity
  8
B.Cu
  6
CONTINUOUS
100
AcDbLine
 10
163.815889999999996
 20
-109.7504999999999882
 30
0
 11
163.815891999999991
 21
-109.7504999999999882
 31
0
  0
LINE
  5
51C
330
1B
100
AcDbEntity
  8
B.Cu
  6
CONTINUOUS
100
AcDbLine
 10
163.815891999999991
 20
-109.7504999999999882
 30
0
 11
163.9431859999999972
 21
-109.716391999999999
 31
0
  0
LINE
  5
51D
330
1B
100
AcDbEntity
  8
B.Cu
  6
CONTINUOUS
100
AcDbLine
 10
163.9431859999999972
 20
-109.716391999999999
 30
0
 11
163.9431879999999921
 21
-109.7163899999999899
 31
0
  0
LINE
  5
51E
330
1B
100
AcDbEntity
  8
B.Cu
  6
CONTINUOUS
100
AcDbLine
 10
163.9431879999999921
 20
-109.7163899999999899
 30
0
 11
163.9431899999999871
 21
-109.7163899999999899
 31
0
  0
LINE
  5
51F
330
1B
100
AcDbEntity
  8
B.Cu
  6
CONTINUOUS
100
AcDbLine
 10
163.9431899999999871
 20
-109.7163899999999899
 30
0
 11
164.0573090000000036
 21
-109.6505030000000005
 31
0
  0
LINE
  5
520
330
1B
100
AcDbEntity
  8
B.Cu
  6
CONTINUOUS
100
AcDbLine
 10
164.0573090000000036
 20
-109.6505030000000005
 30
0
 11
164.0573090000000036
 21
-109.6505019999999888
 31
0
  0
LINE
  5
521
330
1B
100
AcDbEntity
  8
B.Cu
  6
CONTINUOUS
100
AcDbLine
 10
164.0573090000000036
 20
-109.6505019999999888
 30
0
 11
164.057313999999991
 21
-109.6504999999999939
 31
0
  0
LINE
  5
522
330
1B
100
AcDbEntity
  8
B.Cu
  6
CONTINUOUS
100
AcDbLine
 10
164.057313999999991
 20
-109.6504999999999939
 30
0
 11
164.1504999999999939
 21
-109.557313999999991
 31
0
  0
LINE
  5
523
330
1B
100
AcDbEntity
  8
B.Cu
  6
CONTINUOUS
100
AcDbLine
 10
164.1504999999999939
 20
-109.557313999999991
 30
0
 11
164.2163919999999848
 21
-109.4431859999999972
 31
0
  0
LINE
  5
524
330
1B
100
AcDbEntity
  8
B.Cu
  6
CONTINUOUS
100
AcDbLine
 10
164.2163919999999848
 20
-109.4431859999999972
 30
0
 11
164.2504999999999882
 21
-109.315891999999991
 31
0
  0
LINE
  5
525
330
1B
100
AcDbEntity
  8
B.Cu
  6
CONTINUOUS
100
AcDbLine
 10
164.2504999999999882
 20
-109.315891999999991
 30
0
 11
164.2504999999999882
 21
-109.1841079999999948
 31
0
  0
LINE
  5
526
330
1B
100
AcDbEntity
  8
B.Cu
  6
CONTINUOUS
100
AcDbLine
 10
164.2504999999999882
 20
-109.1841079999999948
 30
0
 11
164.2163919999999848
 21
-109.0568139999999886
 31
0
  0
LINE
  5
527
330
1B
100
AcDbEntity
  8
B.Cu
  6
CONTINUOUS
100
AcDbLine
 10
164.2163919999999848
 20
-109.0568139999999886
 30
0
 11
164.2163899999999899
 21
-109.0568109999999962
 31
0
  0
LINE
  5
528
330
1B
100
AcDbEntity
  8
B.Cu
  6
CONTINUOUS
100
AcDbLine
 10
164.2163899999999899
 20
-109.0568109999999962
 30
0
 11
164.2163899999999899
 21
-109.0568090000000012
 31
0
  0
LINE
  5
529
330
1B
100
AcDbEntity
  8
B.Cu
  6
CONTINUOUS
100
AcDbLine
 10
164.2163899999999899
 20
-109.0568090000000012
 30
0
 11
164.1505029999999863
 21
-108.9426899999999989
 31
0
  0
LINE
  5
52A
330
1B
100
AcDbEntity
  8
B.Cu
  6
CONTINUOUS
100
AcDbLine
 10
164.1505029999999863
 20
-108.9426899999999989
 30
0
 11
164.1505009999999913
 21
-108.9426879999999898
 31
0
  0
LINE
  5
52B
330
1B
100
AcDbEntity
  8
B.Cu
  6
CONTINUOUS
100
AcDbLine
 10
164.1505009999999913
 20
-108.9426879999999898
 30
0
 11
164.1504999999999939
 21
-108.9426859999999948
 31
0
  0
LINE
  5
52C
330
1B
100
AcDbEntity
  8
B.Cu
  6
CONTINUOUS
100
AcDbLine
 10
164.1504999999999939
 20
-108.9426859999999948
 30
0
 11
164.057313999999991
 21
-108.8494999999999919
 31
0
  0
LINE
  5
52D
330
1B
100
AcDbEntity
  8
B.Cu
  6
CONTINUOUS
100
AcDbLine
 10
164.057313999999991
 20
-108.8494999999999919
 30
0
 11
164.0573109999999986
 21
-108.849497999999997
 31
0
  0
LINE
  5
52E
330
1B
100
AcDbEntity
  8
B.Cu
  6
CONTINUOUS
100
AcDbLine
 10
164.0573109999999986
 20
-108.849497999999997
 30
0
 11
164.0573090000000036
 21
-108.849496000000002
 31
0
  0
LINE
  5
52F
330
1B
100
AcDbEntity
  8
B.Cu
  6
CONTINUOUS
100
AcDbLine
 10
164.0573090000000036
 20
-108.849496000000002
 30
0
 11
163.9431889999999896
 21
-108.7836089999999984
 31
0
  0
LINE
  5
530
330
1B
100
AcDbEntity
  8
B.Cu
  6
CONTINUOUS
100
AcDbLine
 10
163.9431889999999896
 20
-108.7836089999999984
 30
0
 11
163.9431909999999846
 21
-108.7836089999999984
 31
0
  0
LINE
  5
531
330
1B
100
AcDbEntity
  8
B.Cu
  6
CONTINUOUS
100
AcDbLine
 10
163.9431909999999846
 20
-108.7836089999999984
 30
0
 11
163.8937990000000013
 21
-108.7703750000000014
 31
0
  0
LINE
  5
532
330
1B
100
AcDbEntity
  8
B.Cu
  6
CONTINUOUS
100
AcDbLine
 10
163.8937990000000013
 20
-108.7703750000000014
 30
0
 11
163.815891999999991
 21
-108.7494999999999976
 31
0
  0
LINE
  5
533
330
1B
100
AcDbEntity
  8
B.Cu
  6
CONTINUOUS
100
AcDbLine
 10
163.815891999999991
 20
-108.7494999999999976
 30
0
 11
163.6841079999999806
 21
-108.7494999999999976
 31
0
  0
LINE
  5
534
330
1B
100
AcDbEntity
  8
B.Cu
  6
CONTINUOUS
100
AcDbLine
 10
163.6841079999999806
 20
-108.7494999999999976
 30
0
 11
163.6062000000000012
 21
-108.7703750000000014
 31
0
  0
LINE
  5
535
330
1B
100
AcDbEntity
  8
B.Cu
  6
CONTINUOUS
100
AcDbLine
 10
121.2494999999999976
 20
-109.315891999999991
 30
0
 11
121.2795789999999982
 21
-109.4281509999999997
 31
0
  0
LINE
  5
536
330
1B
100
AcDbEntity
  8
B.Cu
  6
CONTINUOUS
100
AcDbLine
 10
121.2795789999999982
 20
-109.4281509999999997
 30
0
 11
121.2836089999999984
 21
-109.4431900000000013
 31
0
  0
LINE
  5
537
330
1B
100
AcDbEntity
  8
B.Cu
  6
CONTINUOUS
100
AcDbLine
 10
121.2836089999999984
 20
-109.4431900000000013
 30
0
 11
121.3494959999999878
 21
-109.5573089999999894
 31
0
  0
LINE
  5
538
330
1B
100
AcDbEntity
  8
B.Cu
  6
CONTINUOUS
100
AcDbLine
 10
121.3494959999999878
 20
-109.5573089999999894
 30
0
 11
121.349497999999997
 21
-109.5573109999999986
 31
0
  0
LINE
  5
539
330
1B
100
AcDbEntity
  8
B.Cu
  6
CONTINUOUS
100
AcDbLine
 10
121.349497999999997
 20
-109.5573109999999986
 30
0
 11
121.3494999999999919
 21
-109.557313999999991
 31
0
  0
LINE
  5
53A
330
1B
100
AcDbEntity
  8
B.Cu
  6
CONTINUOUS
100
AcDbLine
 10
121.3494999999999919
 20
-109.557313999999991
 30
0
 11
121.4426859999999948
 21
-109.6504999999999939
 31
0
  0
LINE
  5
53B
330
1B
100
AcDbEntity
  8
B.Cu
  6
CONTINUOUS
100
AcDbLine
 10
121.4426859999999948
 20
-109.6504999999999939
 30
0
 11
121.4426879999999898
 21
-109.6505009999999913
 31
0
  0
LINE
  5
53C
330
1B
100
AcDbEntity
  8
B.Cu
  6
CONTINUOUS
100
AcDbLine
 10
121.4426879999999898
 20
-109.6505009999999913
 30
0
 11
121.4426899999999989
 21
-109.6505030000000005
 31
0
  0
LINE
  5
53D
330
1B
100
AcDbEntity
  8
B.Cu
  6
CONTINUOUS
100
AcDbLine
 10
121.4426899999999989
 20
-109.6505030000000005
 30
0
 11
121.5568099999999987
 21
-109.7163899999999899
 31
0
  0
LINE
  5
53E
330
1B
100
AcDbEntity
  8
B.Cu
  6
CONTINUOUS
100
AcDbLine
 10
121.5568099999999987
 20
-109.7163899999999899
 30
0
 11
121.5568079999999895
 21
-109.7163899999999899
 31
0
  0
LINE
  5
53F
330
1B
100
AcDbEntity
  8
B.Cu
  6
CONTINUOUS
100
AcDbLine
 10
121.5568079999999895
 20
-109.7163899999999899
 30
0
 11
121.5568119999999936
 21
-109.7163910000000016
 31
0
  0
LINE
  5
540
330
1B
100
AcDbEntity
  8
B.Cu
  6
CONTINUOUS
100
AcDbLine
 10
121.5568119999999936
 20
-109.7163910000000016
 30
0
 11
121.5568139999999886
 21
-109.716391999999999
 31
0
  0
LINE
  5
541
330
1B
100
AcDbEntity
  8
B.Cu
  6
CONTINUOUS
100
AcDbLine
 10
121.5568139999999886
 20
-109.716391999999999
 30
0
 11
121.6841079999999948
 21
-109.7504999999999882
 31
0
  0
LINE
  5
542
330
1B
100
AcDbEntity
  8
B.Cu
  6
CONTINUOUS
100
AcDbLine
 10
121.6841079999999948
 20
-109.7504999999999882
 30
0
 11
121.6841099999999898
 21
-109.7504999999999882
 31
0
  0
LINE
  5
543
330
1B
100
AcDbEntity
  8
B.Cu
  6
CONTINUOUS
100
AcDbLine
 10
121.6841099999999898
 20
-109.7504999999999882
 30
0
 11
121.815889999999996
 21
-109.7504999999999882
 31
0
  0
LINE
  5
544
330
1B
100
AcDbEntity
  8
B.Cu
  6
CONTINUOUS
100
AcDbLine
 10
121.815889999999996
 20
-109.7504999999999882
 30
0
 11
121.815891999999991
 21
-109.7504999999999882
 31
0
  0
LINE
  5
545
330
1B
100
AcDbEntity
  8
B.Cu
  6
CONTINUOUS
100
AcDbLine
 10
121.815891999999991
 20
-109.7504999999999882
 30
0
 11
121.9431859999999972
 21
-109.716391999999999
 31
0
  0
LINE
  5
546
330
1B
100
AcDbEntity
  8
B.Cu
  6
CONTINUOUS
100
AcDbLine
 10
121.9431859999999972
 20
-109.716391999999999
 30
0
 11
121.9431879999999921
 21
-109.7163899999999899
 31
0
  0
LINE
  5
547
330
1B
100
AcDbEntity
  8
B.Cu
  6
CONTINUOUS
100
AcDbLine
 10
121.9431879999999921
 20
-109.7163899999999899
 30
0
 11
121.9431900000000013
 21
-109.7163899999999899
 31
0
  0
LINE
  5
548
330
1B
100
AcDbEntity
  8
B.Cu
  6
CONTINUOUS
100
AcDbLine
 10
121.9431900000000013
 20
-109.7163899999999899
 30
0
 11
122.0573089999999894
 21
-109.6505030000000005
 31
0
  0
LINE
  5
549
330
1B
100
AcDbEntity
  8
B.Cu
  6
CONTINUOUS
100
AcDbLine
 10
122.0573089999999894
 20
-109.6505030000000005
 30
0
 11
122.0573089999999894
 21
-109.6505019999999888
 31
0
  0
LINE
  5
54A
330
1B
100
AcDbEntity
  8
B.Cu
  6
CONTINUOUS
100
AcDbLine
 10
122.0573089999999894
 20
-109.6505019999999888
 30
0
 11
122.057313999999991
 21
-109.6504999999999939
 31
0
  0
LINE
  5
54B
330
1B
100
AcDbEntity
  8
B.Cu
  6
CONTINUOUS
100
AcDbLine
 10
122.057313999999991
 20
-109.6504999999999939
 30
0
 11
122.1504999999999939
 21
-109.557313999999991
 31
0
  0
LINE
  5
54C
330
1B
100
AcDbEntity
  8
B.Cu
  6
CONTINUOUS
100
AcDbLine
 10
122.1504999999999939
 20
-109.557313999999991
 30
0
 11
122.216391999999999
 21
-109.4431859999999972
 31
0
  0
LINE
  5
54D
330
1B
100
AcDbEntity
  8
B.Cu
  6
CONTINUOUS
100
AcDbLine
 10
122.216391999999999
 20
-109.4431859999999972
 30
0
 11
122.2504999999999882
 21
-109.315891999999991
 31
0
  0
LINE
  5
54E
330
1B
100
AcDbEntity
  8
B.Cu
  6
CONTINUOUS
100
AcDbLine
 10
122.2504999999999882
 20
-109.315891999999991
 30
0
 11
122.2504999999999882
 21
-109.1841079999999948
 31
0
  0
LINE
  5
54F
330
1B
100
AcDbEntity
  8
B.Cu
  6
CONTINUOUS
100
AcDbLine
 10
122.2504999999999882
 20
-109.1841079999999948
 30
0
 11
122.216391999999999
 21
-109.0568139999999886
 31
0
  0
LINE
  5
550
330
1B
100
AcDbEntity
  8
B.Cu
  6
CONTINUOUS
100
AcDbLine
 10
122.216391999999999
 20
-109.0568139999999886
 30
0
 11
122.2163899999999899
 21
-109.0568109999999962
 31
0
  0
LINE
  5
551
330
1B
100
AcDbEntity
  8
B.Cu
  6
CONTINUOUS
100
AcDbLine
 10
122.2163899999999899
 20
-109.0568109999999962
 30
0
 11
122.2163899999999899
 21
-109.0568090000000012
 31
0
  0
LINE
  5
552
330
1B
100
AcDbEntity
  8
B.Cu
  6
CONTINUOUS
100
AcDbLine
 10
122.2163899999999899
 20
-109.0568090000000012
 30
0
 11
122.1505030000000005
 21
-108.9426899999999989
 31
0
  0
LINE
  5
553
330
1B
100
AcDbEntity
  8
B.Cu
  6
CONTINUOUS
100
AcDbLine
 10
122.1505030000000005
 20
-108.9426899999999989
 30
0
 11
122.1505009999999913
 21
-108.9426879999999898
 31
0
  0
LINE
  5
554
330
1B
100
AcDbEntity
  8
B.Cu
  6
CONTINUOUS
100
AcDbLine
 10
122.1505009999999913
 20
-108.9426879999999898
 30
0
 11
122.1504999999999939
 21
-108.9426859999999948
 31
0
  0
LINE
  5
555
330
1B
100
AcDbEntity
  8
B.Cu
  6
CONTINUOUS
100
AcDbLine
 10
122.1504999999999939
 20
-108.9426859999999948
 30
0
 11
122.057313999999991
 21
-108.8494999999999919
 31
0
  0
LINE
  5
556
330
1B
100
AcDbEntity
  8
B.Cu
  6
CONTINUOUS
100
AcDbLine
 10
122.057313999999991
 20
-108.8494999999999919
 30
0
 11
122.0573109999999986
 21
-108.849497999999997
 31
0
  0
LINE
  5
557
330
1B
100
AcDbEntity
  8
B.Cu
  6
CONTINUOUS
100
AcDbLine
 10
122.0573109999999986
 20
-108.849497999999997
 30
0
 11
122.0573089999999894
 21
-108.849496000000002
 31
0
  0
LINE
  5
558
330
1B
100
AcDbEntity
  8
B.Cu
  6
CONTINUOUS
100
AcDbLine
 10
122.0573089999999894
 20
-108.849496000000002
 30
0
 11
121.9431889999999896
 21
-108.7836089999999984
 31
0
  0
LINE
  5
559
330
1B
100
AcDbEntity
  8
B.Cu
  6
CONTINUOUS
100
AcDbLine
 10
121.9431889999999896
 20
-108.7836089999999984
 30
0
 11
121.9431909999999988
 21
-108.7836089999999984
 31
0
  0
LINE
  5
55A
330
1B
100
AcDbEntity
  8
B.Cu
  6
CONTINUOUS
100
AcDbLine
 10
121.9431909999999988
 20
-108.7836089999999984
 30
0
 11
121.8937990000000013
 21
-108.7703750000000014
 31
0
  0
LINE
  5
55B
330
1B
100
AcDbEntity
  8
B.Cu
  6
CONTINUOUS
100
AcDbLine
 10
121.8937990000000013
 20
-108.7703750000000014
 30
0
 11
121.815891999999991
 21
-108.7494999999999976
 31
0
  0
LINE
  5
55C
330
1B
100
AcDbEntity
  8
B.Cu
  6
CONTINUOUS
100
AcDbLine
 10
121.815891999999991
 20
-108.7494999999999976
 30
0
 11
121.6841079999999948
 21
-108.7494999999999976
 31
0
  0
LINE
  5
55D
330
1B
100
AcDbEntity
  8
B.Cu
  6
CONTINUOUS
100
AcDbLine
 10
121.6841079999999948
 20
-108.7494999999999976
 30
0
 11
121.6062000000000012
 21
-108.7703750000000014
 31
0
  0
LINE
  5
55E
330
1B
100
AcDbEntity
  8
B.Cu
  6
CONTINUOUS
100
AcDbLine
 10
121.6062000000000012
 20
-108.7703750000000014
 30
0
 11
121.5568090000000012
 21
-108.7836089999999984
 31
0
  0
LINE
  5
55F
330
1B
100
AcDbEntity
  8
B.Cu
  6
CONTINUOUS
100
AcDbLine
 10
121.5568090000000012
 20
-108.7836089999999984
 30
0
 11
121.4426899999999989
 21
-108.849496000000002
 31
0
  0
LINE
  5
560
330
1B
100
AcDbEntity
  8
B.Cu
  6
CONTINUOUS
100
AcDbLine
 10
121.4426899999999989
 20
-108.849496000000002
 30
0
 11
121.3494959999999878
 21
-108.9426899999999989
 31
0
  0
LINE
  5
561
330
1B
100
AcDbEntity
  8
B.Cu
  6
CONTINUOUS
100
AcDbLine
 10
121.3494959999999878
 20
-108.9426899999999989
 30
0
 11
121.2836089999999984
 21
-109.0568090000000012
 31
0
  0
LINE
  5
562
330
1B
100
AcDbEntity
  8
B.Cu
  6
CONTINUOUS
100
AcDbLine
 10
121.2836089999999984
 20
-109.0568090000000012
 30
0
 11
121.283608000000001
 21
-109.0568139999999886
 31
0
  0
LINE
  5
563
330
1B
100
AcDbEntity
  8
B.Cu
  6
CONTINUOUS
100
AcDbLine
 10
121.283608000000001
 20
-109.0568139999999886
 30
0
 11
121.2494999999999976
 21
-109.1841079999999948
 31
0
  0
LINE
  5
564
330
1B
100
AcDbEntity
  8
B.Cu
  6
CONTINUOUS
100
AcDbLine
 10
121.2494999999999976
 20
-109.1841079999999948
 30
0
 11
121.2494999999999976
 21
-109.315891999999991
 31
0
  0
LINE
  5
565
330
1B
100
AcDbEntity
  8
B.Cu
  6
CONTINUOUS
100
AcDbLine
 10
112.5019139999999993
 20
-107.2602159999999998
 30
0
 11
112.6556659999999965
 21
-107.3781939999999935
 31
0
  0
LINE
  5
566
330
1B
100
AcDbEntity
  8
B.Cu
  6
CONTINUOUS
100
AcDbLine
 10
112.6556659999999965
 20
-107.3781939999999935
 30
0
 11
112.8543399999999934
 21
-107.4928979999999967
 31
0
  0
LINE
  5
567
330
1B
100
AcDbEntity
  8
B.Cu
  6
CONTINUOUS
100
AcDbLine
 10
112.8543399999999934
 20
-107.4928979999999967
 30
0
 11
113.0662669999999963
 21
-107.580680000000001
 31
0
  0
LINE
  5
568
330
1B
100
AcDbEntity
  8
B.Cu
  6
CONTINUOUS
100
AcDbLine
 10
113.0662669999999963
 20
-107.580680000000001
 30
0
 11
113.0662799999999919
 21
-107.5806839999999909
 31
0
  0
LINE
  5
569
330
1B
100
AcDbEntity
  8
B.Cu
  6
CONTINUOUS
100
AcDbLine
 10
113.0662799999999919
 20
-107.5806839999999909
 30
0
 11
113.2878619999999898
 21
-107.6400569999999988
 31
0
  0
LINE
  5
56A
330
1B
100
AcDbEntity
  8
B.Cu
  6
CONTINUOUS
100
AcDbLine
 10
113.2878619999999898
 20
-107.6400569999999988
 30
0
 11
113.5152959999999922
 21
-107.66999899999999
 31
0
  0
LINE
  5
56B
330
1B
100
AcDbEntity
  8
B.Cu
  6
CONTINUOUS
100
AcDbLine
 10
113.5152959999999922
 20
-107.66999899999999
 30
0
 11
113.5152989999999988
 21
-107.6700000000000017
 31
0
  0
LINE
  5
56C
330
1B
100
AcDbEntity
  8
B.Cu
  6
CONTINUOUS
100
AcDbLine
 10
113.5152989999999988
 20
-107.6700000000000017
 30
0
 11
113.7446989999999971
 21
-107.6700000000000017
 31
0
  0
LINE
  5
56D
330
1B
100
AcDbEntity
  8
B.Cu
  6
CONTINUOUS
100
AcDbLine
 10
113.7446989999999971
 20
-107.6700000000000017
 30
0
 11
113.7447009999999921
 21
-107.66999899999999
 31
0
  0
LINE
  5
56E
330
1B
100
AcDbEntity
  8
B.Cu
  6
CONTINUOUS
100
AcDbLine
 10
113.7447009999999921
 20
-107.66999899999999
 30
0
 11
113.9721319999999878
 21
-107.6400569999999988
 31
0
  0
LINE
  5
56F
330
1B
100
AcDbEntity
  8
B.Cu
  6
CONTINUOUS
100
AcDbLine
 10
113.9721319999999878
 20
-107.6400569999999988
 30
0
 11
113.9721369999999894
 21
-107.6400569999999988
 31
0
  0
LINE
  5
570
330
1B
100
AcDbEntity
  8
B.Cu
  6
CONTINUOUS
100
AcDbLine
 10
113.9721369999999894
 20
-107.6400569999999988
 30
0
 11
114.1937169999999924
 21
-107.5806839999999909
 31
0
  0
LINE
  5
571
330
1B
100
AcDbEntity
  8
B.Cu
  6
CONTINUOUS
100
AcDbLine
 10
114.1937169999999924
 20
-107.5806839999999909
 30
0
 11
114.193729999999988
 21
-107.580680000000001
 31
0
  0
LINE
  5
572
330
1B
100
AcDbEntity
  8
B.Cu
  6
CONTINUOUS
100
AcDbLine
 10
114.193729999999988
 20
-107.580680000000001
 30
0
 11
114.4056569999999908
 21
-107.4928979999999967
 31
0
  0
LINE
  5
573
330
1B
100
AcDbEntity
  8
B.Cu
  6
CONTINUOUS
100
AcDbLine
 10
114.4056569999999908
 20
-107.4928979999999967
 30
0
 11
114.6043409999999909
 21
-107.3781879999999944
 31
0
  0
LINE
  5
574
330
1B
100
AcDbEntity
  8
B.Cu
  6
CONTINUOUS
100
AcDbLine
 10
114.6043409999999909
 20
-107.3781879999999944
 30
0
 11
114.7580820000000017
 21
-107.2602159999999998
 31
0
  0
LINE
  5
575
330
1B
100
AcDbEntity
  8
B.Cu
  6
CONTINUOUS
100
AcDbLine
 10
114.7580820000000017
 20
-107.2602159999999998
 30
0
 11
114.5777039999999971
 21
-107.0798379999999952
 31
0
  0
LINE
  5
576
330
1B
100
AcDbEntity
  8
B.Cu
  6
CONTINUOUS
100
AcDbLine
 10
114.5777039999999971
 20
-107.0798379999999952
 30
0
 11
114.4137470000000008
 21
-107.1989599999999996
 31
0
  0
LINE
  5
577
330
1B
100
AcDbEntity
  8
B.Cu
  6
CONTINUOUS
100
AcDbLine
 10
114.4137470000000008
 20
-107.1989599999999996
 30
0
 11
114.2040239999999898
 21
-107.3058189999999996
 31
0
  0
LINE
  5
578
330
1B
100
AcDbEntity
  8
B.Cu
  6
CONTINUOUS
100
AcDbLine
 10
114.2040239999999898
 20
-107.3058189999999996
 30
0
 11
113.9801669999999945
 21
-107.3785549999999915
 31
0
  0
LINE
  5
579
330
1B
100
AcDbEntity
  8
B.Cu
  6
CONTINUOUS
100
AcDbLine
 10
113.9801669999999945
 20
-107.3785549999999915
 30
0
 11
113.7476879999999966
 21
-107.4153759999999949
 31
0
  0
LINE
  5
57A
330
1B
100
AcDbEntity
  8
B.Cu
  6
CONTINUOUS
100
AcDbLine
 10
113.7476879999999966
 20
-107.4153759999999949
 30
0
 11
113.5123099999999994
 21
-107.4153759999999949
 31
0
  0
LINE
  5
57B
330
1B
100
AcDbEntity
  8
B.Cu
  6
CONTINUOUS
100
AcDbLine
 10
113.5123099999999994
 20
-107.4153759999999949
 30
0
 11
113.2798310000000015
 21
-107.3785549999999915
 31
0
  0
LINE
  5
57C
330
1B
100
AcDbEntity
  8
B.Cu
  6
CONTINUOUS
100
AcDbLine
 10
113.2798310000000015
 20
-107.3785549999999915
 30
0
 11
113.055973999999992
 21
-107.3058189999999996
 31
0
  0
LINE
  5
57D
330
1B
100
AcDbEntity
  8
B.Cu
  6
CONTINUOUS
100
AcDbLine
 10
113.055973999999992
 20
-107.3058189999999996
 30
0
 11
112.8462509999999952
 21
-107.1989599999999996
 31
0
  0
LINE
  5
57E
330
1B
100
AcDbEntity
  8
B.Cu
  6
CONTINUOUS
100
AcDbLine
 10
112.8462509999999952
 20
-107.1989599999999996
 30
0
 11
112.6822919999999897
 21
-107.0798369999999977
 31
0
  0
LINE
  5
57F
330
1B
100
AcDbEntity
  8
B.Cu
  6
CONTINUOUS
100
AcDbLine
 10
112.6822919999999897
 20
-107.0798369999999977
 30
0
 11
112.5019139999999993
 21
-107.2602159999999998
 31
0
  0
LINE
  5
580
330
1B
100
AcDbEntity
  8
B.Cu
  6
CONTINUOUS
100
AcDbLine
 10
125.6419139999999999
 20
-107.2602159999999998
 30
0
 11
125.7956659999999971
 21
-107.3781939999999935
 31
0
  0
LINE
  5
581
330
1B
100
AcDbEntity
  8
B.Cu
  6
CONTINUOUS
100
AcDbLine
 10
125.7956659999999971
 20
-107.3781939999999935
 30
0
 11
125.994339999999994
 21
-107.4928979999999967
 31
0
  0
LINE
  5
582
330
1B
100
AcDbEntity
  8
B.Cu
  6
CONTINUOUS
100
AcDbLine
 10
125.994339999999994
 20
-107.4928979999999967
 30
0
 11
126.2062669999999969
 21
-107.580680000000001
 31
0
  0
LINE
  5
583
330
1B
100
AcDbEntity
  8
B.Cu
  6
CONTINUOUS
100
AcDbLine
 10
126.2062669999999969
 20
-107.580680000000001
 30
0
 11
126.2062799999999925
 21
-107.5806839999999909
 31
0
  0
LINE
  5
584
330
1B
100
AcDbEntity
  8
B.Cu
  6
CONTINUOUS
100
AcDbLine
 10
126.2062799999999925
 20
-107.5806839999999909
 30
0
 11
126.4278619999999904
 21
-107.6400569999999988
 31
0
  0
LINE
  5
585
330
1B
100
AcDbEntity
  8
B.Cu
  6
CONTINUOUS
100
AcDbLine
 10
126.4278619999999904
 20
-107.6400569999999988
 30
0
 11
126.6552959999999928
 21
-107.66999899999999
 31
0
  0
LINE
  5
586
330
1B
100
AcDbEntity
  8
B.Cu
  6
CONTINUOUS
100
AcDbLine
 10
126.6552959999999928
 20
-107.66999899999999
 30
0
 11
126.6552989999999994
 21
-107.6700000000000017
 31
0
  0
LINE
  5
587
330
1B
100
AcDbEntity
  8
B.Cu
  6
CONTINUOUS
100
AcDbLine
 10
126.6552989999999994
 20
-107.6700000000000017
 30
0
 11
126.8846989999999977
 21
-107.6700000000000017
 31
0
  0
LINE
  5
588
330
1B
100
AcDbEntity
  8
B.Cu
  6
CONTINUOUS
100
AcDbLine
 10
126.8846989999999977
 20
-107.6700000000000017
 30
0
 11
126.8847009999999926
 21
-107.66999899999999
 31
0
  0
LINE
  5
589
330
1B
100
AcDbEntity
  8
B.Cu
  6
CONTINUOUS
100
AcDbLine
 10
126.8847009999999926
 20
-107.66999899999999
 30
0
 11
127.1121319999999884
 21
-107.6400569999999988
 31
0
  0
LINE
  5
58A
330
1B
100
AcDbEntity
  8
B.Cu
  6
CONTINUOUS
100
AcDbLine
 10
127.1121319999999884
 20
-107.6400569999999988
 30
0
 11
127.1121369999999899
 21
-107.6400569999999988
 31
0
  0
LINE
  5
58B
330
1B
100
AcDbEntity
  8
B.Cu
  6
CONTINUOUS
100
AcDbLine
 10
127.1121369999999899
 20
-107.6400569999999988
 30
0
 11
127.3337169999999929
 21
-107.5806839999999909
 31
0
  0
LINE
  5
58C
330
1B
100
AcDbEntity
  8
B.Cu
  6
CONTINUOUS
100
AcDbLine
 10
127.3337169999999929
 20
-107.5806839999999909
 30
0
 11
127.3337299999999885
 21
-107.580680000000001
 31
0
  0
LINE
  5
58D
330
1B
100
AcDbEntity
  8
B.Cu
  6
CONTINUOUS
100
AcDbLine
 10
127.3337299999999885
 20
-107.580680000000001
 30
0
 11
127.5456569999999914
 21
-107.4928979999999967
 31
0
  0
LINE
  5
58E
330
1B
100
AcDbEntity
  8
B.Cu
  6
CONTINUOUS
100
AcDbLine
 10
127.5456569999999914
 20
-107.4928979999999967
 30
0
 11
127.7443409999999915
 21
-107.3781879999999944
 31
0
  0
LINE
  5
58F
330
1B
100
AcDbEntity
  8
B.Cu
  6
CONTINUOUS
100
AcDbLine
 10
127.7443409999999915
 20
-107.3781879999999944
 30
0
 11
127.8980819999999881
 21
-107.2602159999999998
 31
0
  0
LINE
  5
590
330
1B
100
AcDbEntity
  8
B.Cu
  6
CONTINUOUS
100
AcDbLine
 10
127.8980819999999881
 20
-107.2602159999999998
 30
0
 11
127.7177039999999977
 21
-107.0798379999999952
 31
0
  0
LINE
  5
591
330
1B
100
AcDbEntity
  8
B.Cu
  6
CONTINUOUS
100
AcDbLine
 10
127.7177039999999977
 20
-107.0798379999999952
 30
0
 11
127.5537470000000013
 21
-107.1989599999999996
 31
0
  0
LINE
  5
592
330
1B
100
AcDbEntity
  8
B.Cu
  6
CONTINUOUS
100
AcDbLine
 10
127.5537470000000013
 20
-107.1989599999999996
 30
0
 11
127.3440239999999903
 21
-107.3058189999999996
 31
0
  0
LINE
  5
593
330
1B
100
AcDbEntity
  8
B.Cu
  6
CONTINUOUS
100
AcDbLine
 10
127.3440239999999903
 20
-107.3058189999999996
 30
0
 11
127.120166999999995
 21
-107.3785549999999915
 31
0
  0
LINE
  5
594
330
1B
100
AcDbEntity
  8
B.Cu
  6
CONTINUOUS
100
AcDbLine
 10
127.120166999999995
 20
-107.3785549999999915
 30
0
 11
126.8876879999999971
 21
-107.4153759999999949
 31
0
  0
LINE
  5
595
330
1B
100
AcDbEntity
  8
B.Cu
  6
CONTINUOUS
100
AcDbLine
 10
126.8876879999999971
 20
-107.4153759999999949
 30
0
 11
126.6523099999999999
 21
-107.4153759999999949
 31
0
  0
LINE
  5
596
330
1B
100
AcDbEntity
  8
B.Cu
  6
CONTINUOUS
100
AcDbLine
 10
126.6523099999999999
 20
-107.4153759999999949
 30
0
 11
126.4198309999999879
 21
-107.3785549999999915
 31
0
  0
LINE
  5
597
330
1B
100
AcDbEntity
  8
B.Cu
  6
CONTINUOUS
100
AcDbLine
 10
126.4198309999999879
 20
-107.3785549999999915
 30
0
 11
126.1959739999999925
 21
-107.3058189999999996
 31
0
  0
LINE
  5
598
330
1B
100
AcDbEntity
  8
B.Cu
  6
CONTINUOUS
100
AcDbLine
 10
126.1959739999999925
 20
-107.3058189999999996
 30
0
 11
125.9862509999999958
 21
-107.1989599999999996
 31
0
  0
LINE
  5
599
330
1B
100
AcDbEntity
  8
B.Cu
  6
CONTINUOUS
100
AcDbLine
 10
125.9862509999999958
 20
-107.1989599999999996
 30
0
 11
125.8222919999999903
 21
-107.0798369999999977
 31
0
  0
LINE
  5
59A
330
1B
100
AcDbEntity
  8
B.Cu
  6
CONTINUOUS
100
AcDbLine
 10
125.8222919999999903
 20
-107.0798369999999977
 30
0
 11
125.6419139999999999
 21
-107.2602159999999998
 31
0
  0
LINE
  5
59B
330
1B
100
AcDbEntity
  8
B.Cu
  6
CONTINUOUS
100
AcDbLine
 10
141.1019149999999911
 20
-107.2602159999999998
 30
0
 11
141.2556669999999883
 21
-107.3781939999999935
 31
0
  0
LINE
  5
59C
330
1B
100
AcDbEntity
  8
B.Cu
  6
CONTINUOUS
100
AcDbLine
 10
141.2556669999999883
 20
-107.3781939999999935
 30
0
 11
141.4543409999999994
 21
-107.4928979999999967
 31
0
  0
LINE
  5
59D
330
1B
100
AcDbEntity
  8
B.Cu
  6
CONTINUOUS
100
AcDbLine
 10
141.4543409999999994
 20
-107.4928979999999967
 30
0
 11
141.6662680000000023
 21
-107.580680000000001
 31
0
  0
LINE
  5
59E
330
1B
100
AcDbEntity
  8
B.Cu
  6
CONTINUOUS
100
AcDbLine
 10
141.6662680000000023
 20
-107.580680000000001
 30
0
 11
141.6662809999999979
 21
-107.5806839999999909
 31
0
  0
LINE
  5
59F
330
1B
100
AcDbEntity
  8
B.Cu
  6
CONTINUOUS
100
AcDbLine
 10
141.6662809999999979
 20
-107.5806839999999909
 30
0
 11
141.8878629999999816
 21
-107.6400569999999988
 31
0
  0
LINE
  5
5A0
330
1B
100
AcDbEntity
  8
B.Cu
  6
CONTINUOUS
100
AcDbLine
 10
141.8878629999999816
 20
-107.6400569999999988
 30
0
 11
142.1152969999999982
 21
-107.66999899999999
 31
0
  0
LINE
  5
5A1
330
1B
100
AcDbEntity
  8
B.Cu
  6
CONTINUOUS
100
AcDbLine
 10
142.1152969999999982
 20
-107.66999899999999
 30
0
 11
142.1152999999999906
 21
-107.6700000000000017
 31
0
  0
LINE
  5
5A2
330
1B
100
AcDbEntity
  8
B.Cu
  6
CONTINUOUS
100
AcDbLine
 10
142.1152999999999906
 20
-107.6700000000000017
 30
0
 11
142.3446999999999889
 21
-107.6700000000000017
 31
0
  0
LINE
  5
5A3
330
1B
100
AcDbEntity
  8
B.Cu
  6
CONTINUOUS
100
AcDbLine
 10
142.3446999999999889
 20
-107.6700000000000017
 30
0
 11
142.3447019999999839
 21
-107.66999899999999
 31
0
  0
LINE
  5
5A4
330
1B
100
AcDbEntity
  8
B.Cu
  6
CONTINUOUS
100
AcDbLine
 10
142.3447019999999839
 20
-107.66999899999999
 30
0
 11
142.5721329999999796
 21
-107.6400569999999988
 31
0
  0
LINE
  5
5A5
330
1B
100
AcDbEntity
  8
B.Cu
  6
CONTINUOUS
100
AcDbLine
 10
142.5721329999999796
 20
-107.6400569999999988
 30
0
 11
142.5721379999999954
 21
-107.6400569999999988
 31
0
  0
LINE
  5
5A6
330
1B
100
AcDbEntity
  8
B.Cu
  6
CONTINUOUS
100
AcDbLine
 10
142.5721379999999954
 20
-107.6400569999999988
 30
0
 11
142.7937179999999842
 21
-107.5806839999999909
 31
0
  0
LINE
  5
5A7
330
1B
100
AcDbEntity
  8
B.Cu
  6
CONTINUOUS
100
AcDbLine
 10
142.7937179999999842
 20
-107.5806839999999909
 30
0
 11
142.7937309999999798
 21
-107.580680000000001
 31
0
  0
LINE
  5
5A8
330
1B
100
AcDbEntity
  8
B.Cu
  6
CONTINUOUS
100
AcDbLine
 10
142.7937309999999798
 20
-107.580680000000001
 30
0
 11
143.0056579999999826
 21
-107.4928979999999967
 31
0
  0
LINE
  5
5A9
330
1B
100
AcDbEntity
  8
B.Cu
  6
CONTINUOUS
100
AcDbLine
 10
143.0056579999999826
 20
-107.4928979999999967
 30
0
 11
143.2043419999999969
 21
-107.3781879999999944
 31
0
  0
LINE
  5
5AA
330
1B
100
AcDbEntity
  8
B.Cu
  6
CONTINUOUS
100
AcDbLine
 10
143.2043419999999969
 20
-107.3781879999999944
 30
0
 11
143.3580829999999935
 21
-107.2602159999999998
 31
0
  0
LINE
  5
5AB
330
1B
100
AcDbEntity
  8
B.Cu
  6
CONTINUOUS
100
AcDbLine
 10
143.3580829999999935
 20
-107.2602159999999998
 30
0
 11
143.1777050000000031
 21
-107.0798379999999952
 31
0
  0
LINE
  5
5AC
330
1B
100
AcDbEntity
  8
B.Cu
  6
CONTINUOUS
100
AcDbLine
 10
143.1777050000000031
 20
-107.0798379999999952
 30
0
 11
143.0137479999999925
 21
-107.1989599999999996
 31
0
  0
LINE
  5
5AD
330
1B
100
AcDbEntity
  8
B.Cu
  6
CONTINUOUS
100
AcDbLine
 10
143.0137479999999925
 20
-107.1989599999999996
 30
0
 11
142.8040249999999958
 21
-107.3058189999999996
 31
0
  0
LINE
  5
5AE
330
1B
100
AcDbEntity
  8
B.Cu
  6
CONTINUOUS
100
AcDbLine
 10
142.8040249999999958
 20
-107.3058189999999996
 30
0
 11
142.5801679999999863
 21
-107.3785549999999915
 31
0
  0
LINE
  5
5AF
330
1B
100
AcDbEntity
  8
B.Cu
  6
CONTINUOUS
100
AcDbLine
 10
142.5801679999999863
 20
-107.3785549999999915
 30
0
 11
142.3476890000000026
 21
-107.4153759999999949
 31
0
  0
LINE
  5
5B0
330
1B
100
AcDbEntity
  8
B.Cu
  6
CONTINUOUS
100
AcDbLine
 10
142.3476890000000026
 20
-107.4153759999999949
 30
0
 11
142.1123110000000054
 21
-107.4153759999999949
 31
0
  0
LINE
  5
5B1
330
1B
100
AcDbEntity
  8
B.Cu
  6
CONTINUOUS
100
AcDbLine
 10
142.1123110000000054
 20
-107.4153759999999949
 30
0
 11
141.8798319999999933
 21
-107.3785549999999915
 31
0
  0
LINE
  5
5B2
330
1B
100
AcDbEntity
  8
B.Cu
  6
CONTINUOUS
100
AcDbLine
 10
141.8798319999999933
 20
-107.3785549999999915
 30
0
 11
141.6559749999999838
 21
-107.3058189999999996
 31
0
  0
LINE
  5
5B3
330
1B
100
AcDbEntity
  8
B.Cu
  6
CONTINUOUS
100
AcDbLine
 10
141.6559749999999838
 20
-107.3058189999999996
 30
0
 11
141.446251999999987
 21
-107.1989599999999996
 31
0
  0
LINE
  5
5B4
330
1B
100
AcDbEntity
  8
B.Cu
  6
CONTINUOUS
100
AcDbLine
 10
141.446251999999987
 20
-107.1989599999999996
 30
0
 11
141.2822929999999815
 21
-107.0798369999999977
 31
0
  0
LINE
  5
5B5
330
1B
100
AcDbEntity
  8
B.Cu
  6
CONTINUOUS
100
AcDbLine
 10
141.2822929999999815
 20
-107.0798369999999977
 30
0
 11
141.1019149999999911
 21
-107.2602159999999998
 31
0
  0
LINE
  5
5B6
330
1B
100
AcDbEntity
  8
B.Cu
  6
CONTINUOUS
100
AcDbLine
 10
154.2419150000000059
 20
-107.2602159999999998
 30
0
 11
154.3956670000000031
 21
-107.3781939999999935
 31
0
  0
LINE
  5
5B7
330
1B
100
AcDbEntity
  8
B.Cu
  6
CONTINUOUS
100
AcDbLine
 10
154.3956670000000031
 20
-107.3781939999999935
 30
0
 11
154.5943409999999858
 21
-107.4928979999999967
 31
0
  0
LINE
  5
5B8
330
1B
100
AcDbEntity
  8
B.Cu
  6
CONTINUOUS
100
AcDbLine
 10
154.5943409999999858
 20
-107.4928979999999967
 30
0
 11
154.8062679999999887
 21
-107.580680000000001
 31
0
  0
LINE
  5
5B9
330
1B
100
AcDbEntity
  8
B.Cu
  6
CONTINUOUS
100
AcDbLine
 10
154.8062679999999887
 20
-107.580680000000001
 30
0
 11
154.8062809999999843
 21
-107.5806839999999909
 31
0
  0
LINE
  5
5BA
330
1B
100
AcDbEntity
  8
B.Cu
  6
CONTINUOUS
100
AcDbLine
 10
154.8062809999999843
 20
-107.5806839999999909
 30
0
 11
155.0278629999999964
 21
-107.6400569999999988
 31
0
  0
LINE
  5
5BB
330
1B
100
AcDbEntity
  8
B.Cu
  6
CONTINUOUS
100
AcDbLine
 10
155.0278629999999964
 20
-107.6400569999999988
 30
0
 11
155.2552969999999846
 21
-107.66999899999999
 31
0
  0
LINE
  5
5BC
330
1B
100
AcDbEntity
  8
B.Cu
  6
CONTINUOUS
100
AcDbLine
 10
155.2552969999999846
 20
-107.66999899999999
 30
0
 11
155.2553000000000054
 21
-107.6700000000000017
 31
0
  0
LINE
  5
5BD
330
1B
100
AcDbEntity
  8
B.Cu
  6
CONTINUOUS
100
AcDbLine
 10
155.2553000000000054
 20
-107.6700000000000017
 30
0
 11
155.4847000000000037
 21
-107.6700000000000017
 31
0
  0
LINE
  5
5BE
330
1B
100
AcDbEntity
  8
B.Cu
  6
CONTINUOUS
100
AcDbLine
 10
155.4847000000000037
 20
-107.6700000000000017
 30
0
 11
155.4847019999999986
 21
-107.66999899999999
 31
0
  0
LINE
  5
5BF
330
1B
100
AcDbEntity
  8
B.Cu
  6
CONTINUOUS
100
AcDbLine
 10
155.4847019999999986
 20
-107.66999899999999
 30
0
 11
155.7121329999999944
 21
-107.6400569999999988
 31
0
  0
LINE
  5
5C0
330
1B
100
AcDbEntity
  8
B.Cu
  6
CONTINUOUS
100
AcDbLine
 10
155.7121329999999944
 20
-107.6400569999999988
 30
0
 11
155.7121379999999817
 21
-107.6400569999999988
 31
0
  0
LINE
  5
5C1
330
1B
100
AcDbEntity
  8
B.Cu
  6
CONTINUOUS
100
AcDbLine
 10
155.7121379999999817
 20
-107.6400569999999988
 30
0
 11
155.9337179999999989
 21
-107.5806839999999909
 31
0
  0
LINE
  5
5C2
330
1B
100
AcDbEntity
  8
B.Cu
  6
CONTINUOUS
100
AcDbLine
 10
155.9337179999999989
 20
-107.5806839999999909
 30
0
 11
155.9337309999999945
 21
-107.580680000000001
 31
0
  0
LINE
  5
5C3
330
1B
100
AcDbEntity
  8
B.Cu
  6
CONTINUOUS
100
AcDbLine
 10
155.9337309999999945
 20
-107.580680000000001
 30
0
 11
156.1456579999999974
 21
-107.4928979999999967
 31
0
  0
LINE
  5
5C4
330
1B
100
AcDbEntity
  8
B.Cu
  6
CONTINUOUS
100
AcDbLine
 10
156.1456579999999974
 20
-107.4928979999999967
 30
0
 11
156.3443419999999833
 21
-107.3781879999999944
 31
0
  0
LINE
  5
5C5
330
1B
100
AcDbEntity
  8
B.Cu
  6
CONTINUOUS
100
AcDbLine
 10
156.3443419999999833
 20
-107.3781879999999944
 30
0
 11
156.4980829999999798
 21
-107.2602159999999998
 31
0
  0
LINE
  5
5C6
330
1B
100
AcDbEntity
  8
B.Cu
  6
CONTINUOUS
100
AcDbLine
 10
156.4980829999999798
 20
-107.2602159999999998
 30
0
 11
156.3177049999999895
 21
-107.0798379999999952
 31
0
  0
LINE
  5
5C7
330
1B
100
AcDbEntity
  8
B.Cu
  6
CONTINUOUS
100
AcDbLine
 10
156.3177049999999895
 20
-107.0798379999999952
 30
0
 11
156.1537479999999789
 21
-107.1989599999999996
 31
0
  0
LINE
  5
5C8
330
1B
100
AcDbEntity
  8
B.Cu
  6
CONTINUOUS
100
AcDbLine
 10
156.1537479999999789
 20
-107.1989599999999996
 30
0
 11
155.9440249999999821
 21
-107.3058189999999996
 31
0
  0
LINE
  5
5C9
330
1B
100
AcDbEntity
  8
B.Cu
  6
CONTINUOUS
100
AcDbLine
 10
155.9440249999999821
 20
-107.3058189999999996
 30
0
 11
155.720168000000001
 21
-107.3785549999999915
 31
0
  0
LINE
  5
5CA
330
1B
100
AcDbEntity
  8
B.Cu
  6
CONTINUOUS
100
AcDbLine
 10
155.720168000000001
 20
-107.3785549999999915
 30
0
 11
155.4876889999999889
 21
-107.4153759999999949
 31
0
  0
LINE
  5
5CB
330
1B
100
AcDbEntity
  8
B.Cu
  6
CONTINUOUS
100
AcDbLine
 10
155.4876889999999889
 20
-107.4153759999999949
 30
0
 11
155.2523109999999917
 21
-107.4153759999999949
 31
0
  0
LINE
  5
5CC
330
1B
100
AcDbEntity
  8
B.Cu
  6
CONTINUOUS
100
AcDbLine
 10
155.2523109999999917
 20
-107.4153759999999949
 30
0
 11
155.0198319999999796
 21
-107.3785549999999915
 31
0
  0
LINE
  5
5CD
330
1B
100
AcDbEntity
  8
B.Cu
  6
CONTINUOUS
100
AcDbLine
 10
155.0198319999999796
 20
-107.3785549999999915
 30
0
 11
154.7959749999999985
 21
-107.3058189999999996
 31
0
  0
LINE
  5
5CE
330
1B
100
AcDbEntity
  8
B.Cu
  6
CONTINUOUS
100
AcDbLine
 10
154.7959749999999985
 20
-107.3058189999999996
 30
0
 11
154.5862520000000018
 21
-107.1989599999999996
 31
0
  0
LINE
  5
5CF
330
1B
100
AcDbEntity
  8
B.Cu
  6
CONTINUOUS
100
AcDbLine
 10
154.5862520000000018
 20
-107.1989599999999996
 30
0
 11
154.4222929999999963
 21
-107.0798369999999977
 31
0
  0
LINE
  5
5D0
330
1B
100
AcDbEntity
  8
B.Cu
  6
CONTINUOUS
100
AcDbLine
 10
154.4222929999999963
 20
-107.0798369999999977
 30
0
 11
154.2419150000000059
 21
-107.2602159999999998
 31
0
  0
LINE
  5
5D1
330
1B
100
AcDbEntity
  8
B.Cu
  6
CONTINUOUS
100
AcDbLine
 10
169.3019149999999797
 20
-107.2602159999999998
 30
0
 11
169.4556670000000054
 21
-107.3781939999999935
 31
0
  0
LINE
  5
5D2
330
1B
100
AcDbEntity
  8
B.Cu
  6
CONTINUOUS
100
AcDbLine
 10
169.4556670000000054
 20
-107.3781939999999935
 30
0
 11
169.6543409999999881
 21
-107.4928979999999967
 31
0
  0
LINE
  5
5D3
330
1B
100
AcDbEntity
  8
B.Cu
  6
CONTINUOUS
100
AcDbLine
 10
169.6543409999999881
 20
-107.4928979999999967
 30
0
 11
169.8662679999999909
 21
-107.580680000000001
 31
0
  0
LINE
  5
5D4
330
1B
100
AcDbEntity
  8
B.Cu
  6
CONTINUOUS
100
AcDbLine
 10
169.8662679999999909
 20
-107.580680000000001
 30
0
 11
169.8662809999999865
 21
-107.5806839999999909
 31
0
  0
LINE
  5
5D5
330
1B
100
AcDbEntity
  8
B.Cu
  6
CONTINUOUS
100
AcDbLine
 10
169.8662809999999865
 20
-107.5806839999999909
 30
0
 11
170.0878629999999987
 21
-107.6400569999999988
 31
0
  0
LINE
  5
5D6
330
1B
100
AcDbEntity
  8
B.Cu
  6
CONTINUOUS
100
AcDbLine
 10
170.0878629999999987
 20
-107.6400569999999988
 30
0
 11
170.3152969999999868
 21
-107.66999899999999
 31
0
  0
LINE
  5
5D7
330
1B
100
AcDbEntity
  8
B.Cu
  6
CONTINUOUS
100
AcDbLine
 10
170.3152969999999868
 20
-107.66999899999999
 30
0
 11
170.3152999999999793
 21
-107.6700000000000017
 31
0
  0
LINE
  5
5D8
330
1B
100
AcDbEntity
  8
B.Cu
  6
CONTINUOUS
100
AcDbLine
 10
170.3152999999999793
 20
-107.6700000000000017
 30
0
 11
170.544700000000006
 21
-107.6700000000000017
 31
0
  0
LINE
  5
5D9
330
1B
100
AcDbEntity
  8
B.Cu
  6
CONTINUOUS
100
AcDbLine
 10
170.544700000000006
 20
-107.6700000000000017
 30
0
 11
170.5447020000000009
 21
-107.66999899999999
 31
0
  0
LINE
  5
5DA
330
1B
100
AcDbEntity
  8
B.Cu
  6
CONTINUOUS
100
AcDbLine
 10
170.5447020000000009
 20
-107.66999899999999
 30
0
 11
170.7721329999999966
 21
-107.6400569999999988
 31
0
  0
LINE
  5
5DB
330
1B
100
AcDbEntity
  8
B.Cu
  6
CONTINUOUS
100
AcDbLine
 10
170.7721329999999966
 20
-107.6400569999999988
 30
0
 11
170.772137999999984
 21
-107.6400569999999988
 31
0
  0
LINE
  5
5DC
330
1B
100
AcDbEntity
  8
B.Cu
  6
CONTINUOUS
100
AcDbLine
 10
170.772137999999984
 20
-107.6400569999999988
 30
0
 11
170.9937180000000012
 21
-107.5806839999999909
 31
0
  0
LINE
  5
5DD
330
1B
100
AcDbEntity
  8
B.Cu
  6
CONTINUOUS
100
AcDbLine
 10
170.9937180000000012
 20
-107.5806839999999909
 30
0
 11
170.9937309999999968
 21
-107.580680000000001
 31
0
  0
LINE
  5
5DE
330
1B
100
AcDbEntity
  8
B.Cu
  6
CONTINUOUS
100
AcDbLine
 10
170.9937309999999968
 20
-107.580680000000001
 30
0
 11
171.2056579999999997
 21
-107.4928979999999967
 31
0
  0
LINE
  5
5DF
330
1B
100
AcDbEntity
  8
B.Cu
  6
CONTINUOUS
100
AcDbLine
 10
171.2056579999999997
 20
-107.4928979999999967
 30
0
 11
171.4043419999999855
 21
-107.3781879999999944
 31
0
  0
LINE
  5
5E0
330
1B
100
AcDbEntity
  8
B.Cu
  6
CONTINUOUS
100
AcDbLine
 10
171.4043419999999855
 20
-107.3781879999999944
 30
0
 11
171.5580829999999821
 21
-107.2602159999999998
 31
0
  0
LINE
  5
5E1
330
1B
100
AcDbEntity
  8
B.Cu
  6
CONTINUOUS
100
AcDbLine
 10
171.5580829999999821
 20
-107.2602159999999998
 30
0
 11
171.3777049999999917
 21
-107.0798379999999952
 31
0
  0
LINE
  5
5E2
330
1B
100
AcDbEntity
  8
B.Cu
  6
CONTINUOUS
100
AcDbLine
 10
171.3777049999999917
 20
-107.0798379999999952
 30
0
 11
171.2137479999999812
 21
-107.1989599999999996
 31
0
  0
LINE
  5
5E3
330
1B
100
AcDbEntity
  8
B.Cu
  6
CONTINUOUS
100
AcDbLine
 10
171.2137479999999812
 20
-107.1989599999999996
 30
0
 11
171.0040249999999844
 21
-107.3058189999999996
 31
0
  0
LINE
  5
5E4
330
1B
100
AcDbEntity
  8
B.Cu
  6
CONTINUOUS
100
AcDbLine
 10
171.0040249999999844
 20
-107.3058189999999996
 30
0
 11
170.7801680000000033
 21
-107.3785549999999915
 31
0
  0
LINE
  5
5E5
330
1B
100
AcDbEntity
  8
B.Cu
  6
CONTINUOUS
100
AcDbLine
 10
170.7801680000000033
 20
-107.3785549999999915
 30
0
 11
170.5476889999999912
 21
-107.4153759999999949
 31
0
  0
LINE
  5
5E6
330
1B
100
AcDbEntity
  8
B.Cu
  6
CONTINUOUS
100
AcDbLine
 10
170.5476889999999912
 20
-107.4153759999999949
 30
0
 11
170.312310999999994
 21
-107.4153759999999949
 31
0
  0
LINE
  5
5E7
330
1B
100
AcDbEntity
  8
B.Cu
  6
CONTINUOUS
100
AcDbLine
 10
170.312310999999994
 20
-107.4153759999999949
 30
0
 11
170.0798319999999819
 21
-107.3785549999999915
 31
0
  0
LINE
  5
5E8
330
1B
100
AcDbEntity
  8
B.Cu
  6
CONTINUOUS
100
AcDbLine
 10
170.0798319999999819
 20
-107.3785549999999915
 30
0
 11
169.8559750000000008
 21
-107.3058189999999996
 31
0
  0
LINE
  5
5E9
330
1B
100
AcDbEntity
  8
B.Cu
  6
CONTINUOUS
100
AcDbLine
 10
169.8559750000000008
 20
-107.3058189999999996
 30
0
 11
169.646252000000004
 21
-107.1989599999999996
 31
0
  0
LINE
  5
5EA
330
1B
100
AcDbEntity
  8
B.Cu
  6
CONTINUOUS
100
AcDbLine
 10
169.646252000000004
 20
-107.1989599999999996
 30
0
 11
169.4822929999999985
 21
-107.0798369999999977
 31
0
  0
LINE
  5
5EB
330
1B
100
AcDbEntity
  8
B.Cu
  6
CONTINUOUS
100
AcDbLine
 10
169.4822929999999985
 20
-107.0798369999999977
 30
0
 11
169.3019149999999797
 21
-107.2602159999999998
 31
0
  0
LINE
  5
5EC
330
1B
100
AcDbEntity
  8
B.Cu
  6
CONTINUOUS
100
AcDbLine
 10
182.4419149999999945
 20
-107.2602159999999998
 30
0
 11
182.5956669999999917
 21
-107.3781939999999935
 31
0
  0
LINE
  5
5ED
330
1B
100
AcDbEntity
  8
B.Cu
  6
CONTINUOUS
100
AcDbLine
 10
182.5956669999999917
 20
-107.3781939999999935
 30
0
 11
182.7943410000000029
 21
-107.4928979999999967
 31
0
  0
LINE
  5
5EE
330
1B
100
AcDbEntity
  8
B.Cu
  6
CONTINUOUS
100
AcDbLine
 10
182.7943410000000029
 20
-107.4928979999999967
 30
0
 11
183.0062680000000057
 21
-107.580680000000001
 31
0
  0
LINE
  5
5EF
330
1B
100
AcDbEntity
  8
B.Cu
  6
CONTINUOUS
100
AcDbLine
 10
183.0062680000000057
 20
-107.580680000000001
 30
0
 11
183.0062810000000013
 21
-107.5806839999999909
 31
0
  0
LINE
  5
5F0
330
1B
100
AcDbEntity
  8
B.Cu
  6
CONTINUOUS
100
AcDbLine
 10
183.0062810000000013
 20
-107.5806839999999909
 30
0
 11
183.227862999999985
 21
-107.6400569999999988
 31
0
  0
LINE
  5
5F1
330
1B
100
AcDbEntity
  8
B.Cu
  6
CONTINUOUS
100
AcDbLine
 10
183.227862999999985
 20
-107.6400569999999988
 30
0
 11
183.4552970000000016
 21
-107.66999899999999
 31
0
  0
LINE
  5
5F2
330
1B
100
AcDbEntity
  8
B.Cu
  6
CONTINUOUS
100
AcDbLine
 10
183.4552970000000016
 20
-107.66999899999999
 30
0
 11
183.455299999999994
 21
-107.6700000000000017
 31
0
  0
LINE
  5
5F3
330
1B
100
AcDbEntity
  8
B.Cu
  6
CONTINUOUS
100
AcDbLine
 10
183.455299999999994
 20
-107.6700000000000017
 30
0
 11
183.6846999999999923
 21
-107.6700000000000017
 31
0
  0
LINE
  5
5F4
330
1B
100
AcDbEntity
  8
B.Cu
  6
CONTINUOUS
100
AcDbLine
 10
183.6846999999999923
 20
-107.6700000000000017
 30
0
 11
183.6847019999999873
 21
-107.66999899999999
 31
0
  0
LINE
  5
5F5
330
1B
100
AcDbEntity
  8
B.Cu
  6
CONTINUOUS
100
AcDbLine
 10
183.6847019999999873
 20
-107.66999899999999
 30
0
 11
183.912132999999983
 21
-107.6400569999999988
 31
0
  0
LINE
  5
5F6
330
1B
100
AcDbEntity
  8
B.Cu
  6
CONTINUOUS
100
AcDbLine
 10
183.912132999999983
 20
-107.6400569999999988
 30
0
 11
183.9121379999999988
 21
-107.6400569999999988
 31
0
  0
LINE
  5
5F7
330
1B
100
AcDbEntity
  8
B.Cu
  6
CONTINUOUS
100
AcDbLine
 10
183.9121379999999988
 20
-107.6400569999999988
 30
0
 11
184.1337179999999876
 21
-107.5806839999999909
 31
0
  0
LINE
  5
5F8
330
1B
100
AcDbEntity
  8
B.Cu
  6
CONTINUOUS
100
AcDbLine
 10
184.1337179999999876
 20
-107.5806839999999909
 30
0
 11
184.1337309999999832
 21
-107.580680000000001
 31
0
  0
LINE
  5
5F9
330
1B
100
AcDbEntity
  8
B.Cu
  6
CONTINUOUS
100
AcDbLine
 10
184.1337309999999832
 20
-107.580680000000001
 30
0
 11
184.345657999999986
 21
-107.4928979999999967
 31
0
  0
LINE
  5
5FA
330
1B
100
AcDbEntity
  8
B.Cu
  6
CONTINUOUS
100
AcDbLine
 10
184.345657999999986
 20
-107.4928979999999967
 30
0
 11
184.5443420000000003
 21
-107.3781879999999944
 31
0
  0
LINE
  5
5FB
330
1B
100
AcDbEntity
  8
B.Cu
  6
CONTINUOUS
100
AcDbLine
 10
184.5443420000000003
 20
-107.3781879999999944
 30
0
 11
184.6980829999999969
 21
-107.2602159999999998
 31
0
  0
LINE
  5
5FC
330
1B
100
AcDbEntity
  8
B.Cu
  6
CONTINUOUS
100
AcDbLine
 10
184.6980829999999969
 20
-107.2602159999999998
 30
0
 11
184.5177049999999781
 21
-107.0798379999999952
 31
0
  0
LINE
  5
5FD
330
1B
100
AcDbEntity
  8
B.Cu
  6
CONTINUOUS
100
AcDbLine
 10
184.5177049999999781
 20
-107.0798379999999952
 30
0
 11
184.353747999999996
 21
-107.1989599999999996
 31
0
  0
LINE
  5
5FE
330
1B
100
AcDbEntity
  8
B.Cu
  6
CONTINUOUS
100
AcDbLine
 10
184.353747999999996
 20
-107.1989599999999996
 30
0
 11
184.1440249999999992
 21
-107.3058189999999996
 31
0
  0
LINE
  5
5FF
330
1B
100
AcDbEntity
  8
B.Cu
  6
CONTINUOUS
100
AcDbLine
 10
184.1440249999999992
 20
-107.3058189999999996
 30
0
 11
183.9201679999999897
 21
-107.3785549999999915
 31
0
  0
LINE
  5
600
330
1B
100
AcDbEntity
  8
B.Cu
  6
CONTINUOUS
100
AcDbLine
 10
183.9201679999999897
 20
-107.3785549999999915
 30
0
 11
183.6876889999999776
 21
-107.4153759999999949
 31
0
  0
LINE
  5
601
330
1B
100
AcDbEntity
  8
B.Cu
  6
CONTINUOUS
100
AcDbLine
 10
183.6876889999999776
 20
-107.4153759999999949
 30
0
 11
183.4523109999999804
 21
-107.4153759999999949
 31
0
  0
LINE
  5
602
330
1B
100
AcDbEntity
  8
B.Cu
  6
CONTINUOUS
100
AcDbLine
 10
183.4523109999999804
 20
-107.4153759999999949
 30
0
 11
183.2198319999999967
 21
-107.3785549999999915
 31
0
  0
LINE
  5
603
330
1B
100
AcDbEntity
  8
B.Cu
  6
CONTINUOUS
100
AcDbLine
 10
183.2198319999999967
 20
-107.3785549999999915
 30
0
 11
182.9959749999999872
 21
-107.3058189999999996
 31
0
  0
LINE
  5
604
330
1B
100
AcDbEntity
  8
B.Cu
  6
CONTINUOUS
100
AcDbLine
 10
182.9959749999999872
 20
-107.3058189999999996
 30
0
 11
182.7862519999999904
 21
-107.1989599999999996
 31
0
  0
LINE
  5
605
330
1B
100
AcDbEntity
  8
B.Cu
  6
CONTINUOUS
100
AcDbLine
 10
182.7862519999999904
 20
-107.1989599999999996
 30
0
 11
182.6222929999999849
 21
-107.0798369999999977
 31
0
  0
LINE
  5
606
330
1B
100
AcDbEntity
  8
B.Cu
  6
CONTINUOUS
100
AcDbLine
 10
182.6222929999999849
 20
-107.0798369999999977
 30
0
 11
182.4419149999999945
 21
-107.2602159999999998
 31
0
  0
LINE
  5
607
330
1B
100
AcDbEntity
  8
B.Cu
  6
CONTINUOUS
100
AcDbLine
 10
112.1718070000000012
 20
-104.9456619999999987
 30
0
 11
112.0570999999999913
 21
-105.1443409999999972
 31
0
  0
LINE
  5
608
330
1B
100
AcDbEntity
  8
B.Cu
  6
CONTINUOUS
100
AcDbLine
 10
112.0570999999999913
 20
-105.1443409999999972
 30
0
 11
111.9693180000000012
 21
-105.356268
 31
0
  0
LINE
  5
609
330
1B
100
AcDbEntity
  8
B.Cu
  6
CONTINUOUS
100
AcDbLine
 10
111.9693180000000012
 20
-105.356268
 30
0
 11
111.9693139999999971
 21
-105.3562809999999956
 31
0
  0
LINE
  5
60A
330
1B
100
AcDbEntity
  8
B.Cu
  6
CONTINUOUS
100
AcDbLine
 10
111.9693139999999971
 20
-105.3562809999999956
 30
0
 11
111.9099409999999892
 21
-105.5778609999999986
 31
0
  0
LINE
  5
60B
330
1B
100
AcDbEntity
  8
B.Cu
  6
CONTINUOUS
100
AcDbLine
 10
111.9099409999999892
 20
-105.5778609999999986
 30
0
 11
111.9099409999999892
 21
-105.5778660000000002
 31
0
  0
LINE
  5
60C
330
1B
100
AcDbEntity
  8
B.Cu
  6
CONTINUOUS
100
AcDbLine
 10
111.9099409999999892
 20
-105.5778660000000002
 30
0
 11
111.8842229999999915
 21
-105.7732049999999902
 31
0
  0
LINE
  5
60D
330
1B
100
AcDbEntity
  8
B.Cu
  6
CONTINUOUS
100
AcDbLine
 10
111.8842229999999915
 20
-105.7732049999999902
 30
0
 11
112.0179639999999921
 21
-106.0048499999999905
 31
0
  0
LINE
  5
60E
330
1B
100
AcDbEntity
  8
B.Cu
  6
CONTINUOUS
100
AcDbLine
 10
112.0179639999999921
 20
-106.0048499999999905
 30
0
 11
112.1305929999999904
 21
-106.2767609999999934
 31
0
  0
LINE
  5
60F
330
1B
100
AcDbEntity
  8
B.Cu
  6
CONTINUOUS
100
AcDbLine
 10
112.1305929999999904
 20
-106.2767609999999934
 30
0
 11
112.2067669999999993
 21
-106.5610470000000021
 31
0
  0
LINE
  5
610
330
1B
100
AcDbEntity
  8
B.Cu
  6
CONTINUOUS
100
AcDbLine
 10
112.2067669999999993
 20
-106.5610470000000021
 30
0
 11
112.2451829999999973
 21
-106.8528429999999929
 31
0
  0
LINE
  5
611
330
1B
100
AcDbEntity
  8
B.Cu
  6
CONTINUOUS
100
AcDbLine
 10
112.2451829999999973
 20
-106.8528429999999929
 30
0
 11
112.2451829999999973
 21
-106.9899599999999964
 31
0
  0
LINE
  5
612
330
1B
100
AcDbEntity
  8
B.Cu
  6
CONTINUOUS
100
AcDbLine
 10
112.2451829999999973
 20
-106.9899599999999964
 30
0
 11
112.2897819999999882
 21
-107.0480829999999912
 31
0
  0
LINE
  5
613
330
1B
100
AcDbEntity
  8
B.Cu
  6
CONTINUOUS
100
AcDbLine
 10
112.2897819999999882
 20
-107.0480829999999912
 30
0
 11
112.4701599999999928
 21
-106.8677039999999892
 31
0
  0
LINE
  5
614
330
1B
100
AcDbEntity
  8
B.Cu
  6
CONTINUOUS
100
AcDbLine
 10
112.4701599999999928
 20
-106.8677039999999892
 30
0
 11
112.3510390000000001
 21
-106.7037479999999903
 31
0
  0
LINE
  5
615
330
1B
100
AcDbEntity
  8
B.Cu
  6
CONTINUOUS
100
AcDbLine
 10
112.3510390000000001
 20
-106.7037479999999903
 30
0
 11
112.2441800000000001
 21
-106.4940249999999935
 31
0
  0
LINE
  5
616
330
1B
100
AcDbEntity
  8
B.Cu
  6
CONTINUOUS
100
AcDbLine
 10
112.2441800000000001
 20
-106.4940249999999935
 30
0
 11
112.1714439999999939
 21
-106.2701679999999982
 31
0
  0
LINE
  5
617
330
1B
100
AcDbEntity
  8
B.Cu
  6
CONTINUOUS
100
AcDbLine
 10
112.1714439999999939
 20
-106.2701679999999982
 30
0
 11
112.1346229999999906
 21
-106.0376890000000003
 31
0
  0
LINE
  5
618
330
1B
100
AcDbEntity
  8
B.Cu
  6
CONTINUOUS
100
AcDbLine
 10
112.1346229999999906
 20
-106.0376890000000003
 30
0
 11
112.1346229999999906
 21
-105.8023109999999889
 31
0
  0
LINE
  5
619
330
1B
100
AcDbEntity
  8
B.Cu
  6
CONTINUOUS
100
AcDbLine
 10
112.1346229999999906
 20
-105.8023109999999889
 30
0
 11
112.1714439999999939
 21
-105.569831999999991
 31
0
  0
LINE
  5
61A
330
1B
100
AcDbEntity
  8
B.Cu
  6
CONTINUOUS
100
AcDbLine
 10
112.1714439999999939
 20
-105.569831999999991
 30
0
 11
112.2441800000000001
 21
-105.3459749999999957
 31
0
  0
LINE
  5
61B
330
1B
100
AcDbEntity
  8
B.Cu
  6
CONTINUOUS
100
AcDbLine
 10
112.2441800000000001
 20
-105.3459749999999957
 30
0
 11
112.3510390000000001
 21
-105.1362519999999989
 31
0
  0
LINE
  5
61C
330
1B
100
AcDbEntity
  8
B.Cu
  6
CONTINUOUS
100
AcDbLine
 10
112.3510390000000001
 20
-105.1362519999999989
 30
0
 11
112.4701599999999928
 21
-104.9722939999999909
 31
0
  0
LINE
  5
61D
330
1B
100
AcDbEntity
  8
B.Cu
  6
CONTINUOUS
100
AcDbLine
 10
112.4701599999999928
 20
-104.9722939999999909
 30
0
 11
112.2897809999999907
 21
-104.7919149999999888
 31
0
  0
LINE
  5
61E
330
1B
100
AcDbEntity
  8
B.Cu
  6
CONTINUOUS
100
AcDbLine
 10
112.2897809999999907
 20
-104.7919149999999888
 30
0
 11
112.1718070000000012
 21
-104.9456619999999987
 31
0
  0
LINE
  5
61F
330
1B
100
AcDbEntity
  8
B.Cu
  6
CONTINUOUS
100
AcDbLine
 10
115.350055999999995
 20
-105.5778660000000002
 30
0
 11
115.350055999999995
 21
-105.5778609999999986
 31
0
  0
LINE
  5
620
330
1B
100
AcDbEntity
  8
B.Cu
  6
CONTINUOUS
100
AcDbLine
 10
115.350055999999995
 20
-105.5778609999999986
 30
0
 11
115.2906830000000014
 21
-105.3562809999999956
 31
0
  0
LINE
  5
621
330
1B
100
AcDbEntity
  8
B.Cu
  6
CONTINUOUS
100
AcDbLine
 10
115.2906830000000014
 20
-105.3562809999999956
 30
0
 11
115.2906789999999972
 21
-105.356268
 31
0
  0
LINE
  5
622
330
1B
100
AcDbEntity
  8
B.Cu
  6
CONTINUOUS
100
AcDbLine
 10
115.2906789999999972
 20
-105.356268
 30
0
 11
115.202896999999993
 21
-105.1443409999999972
 31
0
  0
LINE
  5
623
330
1B
100
AcDbEntity
  8
B.Cu
  6
CONTINUOUS
100
AcDbLine
 10
115.202896999999993
 20
-105.1443409999999972
 30
0
 11
115.0881929999999898
 21
-104.9456670000000003
 31
0
  0
LINE
  5
624
330
1B
100
AcDbEntity
  8
B.Cu
  6
CONTINUOUS
100
AcDbLine
 10
115.0881929999999898
 20
-104.9456670000000003
 30
0
 11
114.9702139999999986
 21
-104.7919149999999888
 31
0
  0
LINE
  5
625
330
1B
100
AcDbEntity
  8
B.Cu
  6
CONTINUOUS
100
AcDbLine
 10
114.9702139999999986
 20
-104.7919149999999888
 30
0
 11
114.7898349999999965
 21
-104.9722929999999934
 31
0
  0
LINE
  5
626
330
1B
100
AcDbEntity
  8
B.Cu
  6
CONTINUOUS
100
AcDbLine
 10
114.7898349999999965
 20
-104.9722929999999934
 30
0
 11
114.9089589999999959
 21
-105.1362519999999989
 31
0
  0
LINE
  5
627
330
1B
100
AcDbEntity
  8
B.Cu
  6
CONTINUOUS
100
AcDbLine
 10
114.9089589999999959
 20
-105.1362519999999989
 30
0
 11
115.0158179999999959
 21
-105.3459749999999957
 31
0
  0
LINE
  5
628
330
1B
100
AcDbEntity
  8
B.Cu
  6
CONTINUOUS
100
AcDbLine
 10
115.0158179999999959
 20
-105.3459749999999957
 30
0
 11
115.0885539999999878
 21
-105.569831999999991
 31
0
  0
LINE
  5
629
330
1B
100
AcDbEntity
  8
B.Cu
  6
CONTINUOUS
100
AcDbLine
 10
115.0885539999999878
 20
-105.569831999999991
 30
0
 11
115.1253749999999911
 21
-105.8023109999999889
 31
0
  0
LINE
  5
62A
330
1B
100
AcDbEntity
  8
B.Cu
  6
CONTINUOUS
100
AcDbLine
 10
115.1253749999999911
 20
-105.8023109999999889
 30
0
 11
115.1253749999999911
 21
-106.0376890000000003
 31
0
  0
LINE
  5
62B
330
1B
100
AcDbEntity
  8
B.Cu
  6
CONTINUOUS
100
AcDbLine
 10
115.1253749999999911
 20
-106.0376890000000003
 30
0
 11
115.0885539999999878
 21
-106.2701679999999982
 31
0
  0
LINE
  5
62C
330
1B
100
AcDbEntity
  8
B.Cu
  6
CONTINUOUS
100
AcDbLine
 10
115.0885539999999878
 20
-106.2701679999999982
 30
0
 11
115.0158179999999959
 21
-106.4940249999999935
 31
0
  0
LINE
  5
62D
330
1B
100
AcDbEntity
  8
B.Cu
  6
CONTINUOUS
100
AcDbLine
 10
115.0158179999999959
 20
-106.4940249999999935
 30
0
 11
114.9089589999999959
 21
-106.7037479999999903
 31
0
  0
LINE
  5
62E
330
1B
100
AcDbEntity
  8
B.Cu
  6
CONTINUOUS
100
AcDbLine
 10
114.9089589999999959
 20
-106.7037479999999903
 30
0
 11
114.7898369999999915
 21
-106.8677050000000008
 31
0
  0
LINE
  5
62F
330
1B
100
AcDbEntity
  8
B.Cu
  6
CONTINUOUS
100
AcDbLine
 10
114.7898369999999915
 20
-106.8677050000000008
 30
0
 11
114.9702149999999961
 21
-107.0480829999999912
 31
0
  0
LINE
  5
630
330
1B
100
AcDbEntity
  8
B.Cu
  6
CONTINUOUS
100
AcDbLine
 10
114.9702149999999961
 20
-107.0480829999999912
 30
0
 11
115.0881869999999907
 21
-106.8943419999999946
 31
0
  0
LINE
  5
631
330
1B
100
AcDbEntity
  8
B.Cu
  6
CONTINUOUS
100
AcDbLine
 10
115.0881869999999907
 20
-106.8943419999999946
 30
0
 11
115.202896999999993
 21
-106.6956579999999946
 31
0
  0
LINE
  5
632
330
1B
100
AcDbEntity
  8
B.Cu
  6
CONTINUOUS
100
AcDbLine
 10
115.202896999999993
 20
-106.6956579999999946
 30
0
 11
115.2906789999999972
 21
-106.4837309999999917
 31
0
  0
LINE
  5
633
330
1B
100
AcDbEntity
  8
B.Cu
  6
CONTINUOUS
100
AcDbLine
 10
115.2906789999999972
 20
-106.4837309999999917
 30
0
 11
115.2906830000000014
 21
-106.4837179999999961
 31
0
  0
LINE
  5
634
330
1B
100
AcDbEntity
  8
B.Cu
  6
CONTINUOUS
100
AcDbLine
 10
115.2906830000000014
 20
-106.4837179999999961
 30
0
 11
115.350055999999995
 21
-106.2621379999999931
 31
0
  0
LINE
  5
635
330
1B
100
AcDbEntity
  8
B.Cu
  6
CONTINUOUS
100
AcDbLine
 10
115.350055999999995
 20
-106.2621379999999931
 30
0
 11
115.350055999999995
 21
-106.2621329999999915
 31
0
  0
LINE
  5
636
330
1B
100
AcDbEntity
  8
B.Cu
  6
CONTINUOUS
100
AcDbLine
 10
115.350055999999995
 20
-106.2621329999999915
 30
0
 11
115.3799980000000005
 21
-106.0347019999999958
 31
0
  0
LINE
  5
637
330
1B
100
AcDbEntity
  8
B.Cu
  6
CONTINUOUS
100
AcDbLine
 10
115.3799980000000005
 20
-106.0347019999999958
 30
0
 11
115.379998999999998
 21
-106.0347000000000008
 31
0
  0
LINE
  5
638
330
1B
100
AcDbEntity
  8
B.Cu
  6
CONTINUOUS
100
AcDbLine
 10
115.379998999999998
 20
-106.0347000000000008
 30
0
 11
115.379998999999998
 21
-105.8052999999999884
 31
0
  0
LINE
  5
639
330
1B
100
AcDbEntity
  8
B.Cu
  6
CONTINUOUS
100
AcDbLine
 10
115.379998999999998
 20
-105.8052999999999884
 30
0
 11
115.3799980000000005
 21
-105.8052969999999959
 31
0
  0
LINE
  5
63A
330
1B
100
AcDbEntity
  8
B.Cu
  6
CONTINUOUS
100
AcDbLine
 10
115.3799980000000005
 20
-105.8052969999999959
 30
0
 11
115.350055999999995
 21
-105.5778660000000002
 31
0
  0
LINE
  5
63B
330
1B
100
AcDbEntity
  8
B.Cu
  6
CONTINUOUS
100
AcDbLine
 10
128.4900559999999814
 20
-105.5778660000000002
 30
0
 11
128.4900559999999814
 21
-105.5778609999999986
 31
0
  0
LINE
  5
63C
330
1B
100
AcDbEntity
  8
B.Cu
  6
CONTINUOUS
100
AcDbLine
 10
128.4900559999999814
 20
-105.5778609999999986
 30
0
 11
128.4306829999999877
 21
-105.3562809999999956
 31
0
  0
LINE
  5
63D
330
1B
100
AcDbEntity
  8
B.Cu
  6
CONTINUOUS
100
AcDbLine
 10
128.4306829999999877
 20
-105.3562809999999956
 30
0
 11
128.4306789999999978
 21
-105.356268
 31
0
  0
LINE
  5
63E
330
1B
100
AcDbEntity
  8
B.Cu
  6
CONTINUOUS
100
AcDbLine
 10
128.4306789999999978
 20
-105.356268
 30
0
 11
128.3428969999999936
 21
-105.1443409999999972
 31
0
  0
LINE
  5
63F
330
1B
100
AcDbEntity
  8
B.Cu
  6
CONTINUOUS
100
AcDbLine
 10
128.3428969999999936
 20
-105.1443409999999972
 30
0
 11
128.2281930000000045
 21
-104.9456670000000003
 31
0
  0
LINE
  5
640
330
1B
100
AcDbEntity
  8
B.Cu
  6
CONTINUOUS
100
AcDbLine
 10
128.2281930000000045
 20
-104.9456670000000003
 30
0
 11
128.1102139999999849
 21
-104.7919149999999888
 31
0
  0
LINE
  5
641
330
1B
100
AcDbEntity
  8
B.Cu
  6
CONTINUOUS
100
AcDbLine
 10
128.1102139999999849
 20
-104.7919149999999888
 30
0
 11
127.9298349999999971
 21
-104.9722929999999934
 31
0
  0
LINE
  5
642
330
1B
100
AcDbEntity
  8
B.Cu
  6
CONTINUOUS
100
AcDbLine
 10
127.9298349999999971
 20
-104.9722929999999934
 30
0
 11
128.0489589999999964
 21
-105.1362519999999989
 31
0
  0
LINE
  5
643
330
1B
100
AcDbEntity
  8
B.Cu
  6
CONTINUOUS
100
AcDbLine
 10
128.0489589999999964
 20
-105.1362519999999989
 30
0
 11
128.1558179999999822
 21
-105.3459749999999957
 31
0
  0
LINE
  5
644
330
1B
100
AcDbEntity
  8
B.Cu
  6
CONTINUOUS
100
AcDbLine
 10
128.1558179999999822
 20
-105.3459749999999957
 30
0
 11
128.2285540000000026
 21
-105.569831999999991
 31
0
  0
LINE
  5
645
330
1B
100
AcDbEntity
  8
B.Cu
  6
CONTINUOUS
100
AcDbLine
 10
128.2285540000000026
 20
-105.569831999999991
 30
0
 11
128.2653750000000059
 21
-105.8023109999999889
 31
0
  0
LINE
  5
646
330
1B
100
AcDbEntity
  8
B.Cu
  6
CONTINUOUS
100
AcDbLine
 10
128.2653750000000059
 20
-105.8023109999999889
 30
0
 11
128.2653750000000059
 21
-106.0376890000000003
 31
0
  0
LINE
  5
647
330
1B
100
AcDbEntity
  8
B.Cu
  6
CONTINUOUS
100
AcDbLine
 10
128.2653750000000059
 20
-106.0376890000000003
 30
0
 11
128.2285540000000026
 21
-106.2701679999999982
 31
0
  0
LINE
  5
648
330
1B
100
AcDbEntity
  8
B.Cu
  6
CONTINUOUS
100
AcDbLine
 10
128.2285540000000026
 20
-106.2701679999999982
 30
0
 11
128.1558179999999822
 21
-106.4940249999999935
 31
0
  0
LINE
  5
649
330
1B
100
AcDbEntity
  8
B.Cu
  6
CONTINUOUS
100
AcDbLine
 10
128.1558179999999822
 20
-106.4940249999999935
 30
0
 11
128.0489589999999964
 21
-106.7037479999999903
 31
0
  0
LINE
  5
64A
330
1B
100
AcDbEntity
  8
B.Cu
  6
CONTINUOUS
100
AcDbLine
 10
128.0489589999999964
 20
-106.7037479999999903
 30
0
 11
127.929836999999992
 21
-106.8677050000000008
 31
0
  0
LINE
  5
64B
330
1B
100
AcDbEntity
  8
B.Cu
  6
CONTINUOUS
100
AcDbLine
 10
127.929836999999992
 20
-106.8677050000000008
 30
0
 11
128.1102149999999824
 21
-107.0480829999999912
 31
0
  0
LINE
  5
64C
330
1B
100
AcDbEntity
  8
B.Cu
  6
CONTINUOUS
100
AcDbLine
 10
128.1102149999999824
 20
-107.0480829999999912
 30
0
 11
128.2281869999999913
 21
-106.8943419999999946
 31
0
  0
LINE
  5
64D
330
1B
100
AcDbEntity
  8
B.Cu
  6
CONTINUOUS
100
AcDbLine
 10
128.2281869999999913
 20
-106.8943419999999946
 30
0
 11
128.3428969999999936
 21
-106.6956579999999946
 31
0
  0
LINE
  5
64E
330
1B
100
AcDbEntity
  8
B.Cu
  6
CONTINUOUS
100
AcDbLine
 10
128.3428969999999936
 20
-106.6956579999999946
 30
0
 11
128.4306789999999978
 21
-106.4837309999999917
 31
0
  0
LINE
  5
64F
330
1B
100
AcDbEntity
  8
B.Cu
  6
CONTINUOUS
100
AcDbLine
 10
128.4306789999999978
 20
-106.4837309999999917
 30
0
 11
128.4306829999999877
 21
-106.4837179999999961
 31
0
  0
LINE
  5
650
330
1B
100
AcDbEntity
  8
B.Cu
  6
CONTINUOUS
100
AcDbLine
 10
128.4306829999999877
 20
-106.4837179999999961
 30
0
 11
128.4900559999999814
 21
-106.2621379999999931
 31
0
  0
LINE
  5
651
330
1B
100
AcDbEntity
  8
B.Cu
  6
CONTINUOUS
100
AcDbLine
 10
128.4900559999999814
 20
-106.2621379999999931
 30
0
 11
128.4900559999999814
 21
-106.2621329999999915
 31
0
  0
LINE
  5
652
330
1B
100
AcDbEntity
  8
B.Cu
  6
CONTINUOUS
100
AcDbLine
 10
128.4900559999999814
 20
-106.2621329999999915
 30
0
 11
128.5199979999999869
 21
-106.0347019999999958
 31
0
  0
LINE
  5
653
330
1B
100
AcDbEntity
  8
B.Cu
  6
CONTINUOUS
100
AcDbLine
 10
128.5199979999999869
 20
-106.0347019999999958
 30
0
 11
128.5199989999999843
 21
-106.0347000000000008
 31
0
  0
LINE
  5
654
330
1B
100
AcDbEntity
  8
B.Cu
  6
CONTINUOUS
100
AcDbLine
 10
128.5199989999999843
 20
-106.0347000000000008
 30
0
 11
128.5199989999999843
 21
-105.8052999999999884
 31
0
  0
LINE
  5
655
330
1B
100
AcDbEntity
  8
B.Cu
  6
CONTINUOUS
100
AcDbLine
 10
128.5199989999999843
 20
-105.8052999999999884
 30
0
 11
128.5199979999999869
 21
-105.8052969999999959
 31
0
  0
LINE
  5
656
330
1B
100
AcDbEntity
  8
B.Cu
  6
CONTINUOUS
100
AcDbLine
 10
128.5199979999999869
 20
-105.8052969999999959
 30
0
 11
128.4900559999999814
 21
-105.5778660000000002
 31
0
  0
LINE
  5
657
330
1B
100
AcDbEntity
  8
B.Cu
  6
CONTINUOUS
100
AcDbLine
 10
143.9500569999999868
 20
-105.5778660000000002
 30
0
 11
143.9500569999999868
 21
-105.5778609999999986
 31
0
  0
LINE
  5
658
330
1B
100
AcDbEntity
  8
B.Cu
  6
CONTINUOUS
100
AcDbLine
 10
143.9500569999999868
 20
-105.5778609999999986
 30
0
 11
143.8906839999999931
 21
-105.3562809999999956
 31
0
  0
LINE
  5
659
330
1B
100
AcDbEntity
  8
B.Cu
  6
CONTINUOUS
100
AcDbLine
 10
143.8906839999999931
 20
-105.3562809999999956
 30
0
 11
143.8906800000000032
 21
-105.356268
 31
0
  0
LINE
  5
65A
330
1B
100
AcDbEntity
  8
B.Cu
  6
CONTINUOUS
100
AcDbLine
 10
143.8906800000000032
 20
-105.356268
 30
0
 11
143.802897999999999
 21
-105.1443409999999972
 31
0
  0
LINE
  5
65B
330
1B
100
AcDbEntity
  8
B.Cu
  6
CONTINUOUS
100
AcDbLine
 10
143.802897999999999
 20
-105.1443409999999972
 30
0
 11
143.6881939999999815
 21
-104.9456670000000003
 31
0
  0
LINE
  5
65C
330
1B
100
AcDbEntity
  8
B.Cu
  6
CONTINUOUS
100
AcDbLine
 10
143.6881939999999815
 20
-104.9456670000000003
 30
0
 11
143.5702149999999904
 21
-104.7919149999999888
 31
0
  0
LINE
  5
65D
330
1B
100
AcDbEntity
  8
B.Cu
  6
CONTINUOUS
100
AcDbLine
 10
143.5702149999999904
 20
-104.7919149999999888
 30
0
 11
143.3898360000000025
 21
-104.9722929999999934
 31
0
  0
LINE
  5
65E
330
1B
100
AcDbEntity
  8
B.Cu
  6
CONTINUOUS
100
AcDbLine
 10
143.3898360000000025
 20
-104.9722929999999934
 30
0
 11
143.5089600000000019
 21
-105.1362519999999989
 31
0
  0
LINE
  5
65F
330
1B
100
AcDbEntity
  8
B.Cu
  6
CONTINUOUS
100
AcDbLine
 10
143.5089600000000019
 20
-105.1362519999999989
 30
0
 11
143.6158189999999877
 21
-105.3459749999999957
 31
0
  0
LINE
  5
660
330
1B
100
AcDbEntity
  8
B.Cu
  6
CONTINUOUS
100
AcDbLine
 10
143.6158189999999877
 20
-105.3459749999999957
 30
0
 11
143.6885549999999796
 21
-105.569831999999991
 31
0
  0
LINE
  5
661
330
1B
100
AcDbEntity
  8
B.Cu
  6
CONTINUOUS
100
AcDbLine
 10
143.6885549999999796
 20
-105.569831999999991
 30
0
 11
143.7253759999999829
 21
-105.8023109999999889
 31
0
  0
LINE
  5
662
330
1B
100
AcDbEntity
  8
B.Cu
  6
CONTINUOUS
100
AcDbLine
 10
143.7253759999999829
 20
-105.8023109999999889
 30
0
 11
143.7253759999999829
 21
-106.0376890000000003
 31
0
  0
LINE
  5
663
330
1B
100
AcDbEntity
  8
B.Cu
  6
CONTINUOUS
100
AcDbLine
 10
143.7253759999999829
 20
-106.0376890000000003
 30
0
 11
143.6885549999999796
 21
-106.2701679999999982
 31
0
  0
LINE
  5
664
330
1B
100
AcDbEntity
  8
B.Cu
  6
CONTINUOUS
100
AcDbLine
 10
143.6885549999999796
 20
-106.2701679999999982
 30
0
 11
143.6158189999999877
 21
-106.4940249999999935
 31
0
  0
LINE
  5
665
330
1B
100
AcDbEntity
  8
B.Cu
  6
CONTINUOUS
100
AcDbLine
 10
143.6158189999999877
 20
-106.4940249999999935
 30
0
 11
143.5089600000000019
 21
-106.7037479999999903
 31
0
  0
LINE
  5
666
330
1B
100
AcDbEntity
  8
B.Cu
  6
CONTINUOUS
100
AcDbLine
 10
143.5089600000000019
 20
-106.7037479999999903
 30
0
 11
143.3898379999999975
 21
-106.8677050000000008
 31
0
  0
LINE
  5
667
330
1B
100
AcDbEntity
  8
B.Cu
  6
CONTINUOUS
100
AcDbLine
 10
143.3898379999999975
 20
-106.8677050000000008
 30
0
 11
143.5702159999999878
 21
-107.0480829999999912
 31
0
  0
LINE
  5
668
330
1B
100
AcDbEntity
  8
B.Cu
  6
CONTINUOUS
100
AcDbLine
 10
143.5702159999999878
 20
-107.0480829999999912
 30
0
 11
143.6881879999999967
 21
-106.8943419999999946
 31
0
  0
LINE
  5
669
330
1B
100
AcDbEntity
  8
B.Cu
  6
CONTINUOUS
100
AcDbLine
 10
143.6881879999999967
 20
-106.8943419999999946
 30
0
 11
143.802897999999999
 21
-106.6956579999999946
 31
0
  0
LINE
  5
66A
330
1B
100
AcDbEntity
  8
B.Cu
  6
CONTINUOUS
100
AcDbLine
 10
143.802897999999999
 20
-106.6956579999999946
 30
0
 11
143.8906800000000032
 21
-106.4837309999999917
 31
0
  0
LINE
  5
66B
330
1B
100
AcDbEntity
  8
B.Cu
  6
CONTINUOUS
100
AcDbLine
 10
143.8906800000000032
 20
-106.4837309999999917
 30
0
 11
143.8906839999999931
 21
-106.4837179999999961
 31
0
  0
LINE
  5
66C
330
1B
100
AcDbEntity
  8
B.Cu
  6
CONTINUOUS
100
AcDbLine
 10
143.8906839999999931
 20
-106.4837179999999961
 30
0
 11
143.9500569999999868
 21
-106.2621379999999931
 31
0
  0
LINE
  5
66D
330
1B
100
AcDbEntity
  8
B.Cu
  6
CONTINUOUS
100
AcDbLine
 10
143.9500569999999868
 20
-106.2621379999999931
 30
0
 11
143.9500569999999868
 21
-106.2621329999999915
 31
0
  0
LINE
  5
66E
330
1B
100
AcDbEntity
  8
B.Cu
  6
CONTINUOUS
100
AcDbLine
 10
143.9500569999999868
 20
-106.2621329999999915
 30
0
 11
143.9799989999999923
 21
-106.0347019999999958
 31
0
  0
LINE
  5
66F
330
1B
100
AcDbEntity
  8
B.Cu
  6
CONTINUOUS
100
AcDbLine
 10
143.9799989999999923
 20
-106.0347019999999958
 30
0
 11
143.9799999999999898
 21
-106.0347000000000008
 31
0
  0
LINE
  5
670
330
1B
100
AcDbEntity
  8
B.Cu
  6
CONTINUOUS
100
AcDbLine
 10
143.9799999999999898
 20
-106.0347000000000008
 30
0
 11
143.9799999999999898
 21
-105.8052999999999884
 31
0
  0
LINE
  5
671
330
1B
100
AcDbEntity
  8
B.Cu
  6
CONTINUOUS
100
AcDbLine
 10
143.9799999999999898
 20
-105.8052999999999884
 30
0
 11
143.9799989999999923
 21
-105.8052969999999959
 31
0
  0
LINE
  5
672
330
1B
100
AcDbEntity
  8
B.Cu
  6
CONTINUOUS
100
AcDbLine
 10
143.9799989999999923
 20
-105.8052969999999959
 30
0
 11
143.9500569999999868
 21
-105.5778660000000002
 31
0
  0
LINE
  5
673
330
1B
100
AcDbEntity
  8
B.Cu
  6
CONTINUOUS
100
AcDbLine
 10
157.0900570000000016
 20
-105.5778660000000002
 30
0
 11
157.0900570000000016
 21
-105.5778609999999986
 31
0
  0
LINE
  5
674
330
1B
100
AcDbEntity
  8
B.Cu
  6
CONTINUOUS
100
AcDbLine
 10
157.0900570000000016
 20
-105.5778609999999986
 30
0
 11
157.0306839999999795
 21
-105.3562809999999956
 31
0
  0
LINE
  5
675
330
1B
100
AcDbEntity
  8
B.Cu
  6
CONTINUOUS
100
AcDbLine
 10
157.0306839999999795
 20
-105.3562809999999956
 30
0
 11
157.0306799999999896
 21
-105.356268
 31
0
  0
LINE
  5
676
330
1B
100
AcDbEntity
  8
B.Cu
  6
CONTINUOUS
100
AcDbLine
 10
157.0306799999999896
 20
-105.356268
 30
0
 11
156.9428979999999854
 21
-105.1443409999999972
 31
0
  0
LINE
  5
677
330
1B
100
AcDbEntity
  8
B.Cu
  6
CONTINUOUS
100
AcDbLine
 10
156.9428979999999854
 20
-105.1443409999999972
 30
0
 11
156.8281939999999963
 21
-104.9456670000000003
 31
0
  0
LINE
  5
678
330
1B
100
AcDbEntity
  8
B.Cu
  6
CONTINUOUS
100
AcDbLine
 10
156.8281939999999963
 20
-104.9456670000000003
 30
0
 11
156.7102150000000051
 21
-104.7919149999999888
 31
0
  0
LINE
  5
679
330
1B
100
AcDbEntity
  8
B.Cu
  6
CONTINUOUS
100
AcDbLine
 10
156.7102150000000051
 20
-104.7919149999999888
 30
0
 11
156.5298359999999889
 21
-104.9722929999999934
 31
0
  0
LINE
  5
67A
330
1B
100
AcDbEntity
  8
B.Cu
  6
CONTINUOUS
100
AcDbLine
 10
156.5298359999999889
 20
-104.9722929999999934
 30
0
 11
156.6489599999999882
 21
-105.1362519999999989
 31
0
  0
LINE
  5
67B
330
1B
100
AcDbEntity
  8
B.Cu
  6
CONTINUOUS
100
AcDbLine
 10
156.6489599999999882
 20
-105.1362519999999989
 30
0
 11
156.7558190000000025
 21
-105.3459749999999957
 31
0
  0
LINE
  5
67C
330
1B
100
AcDbEntity
  8
B.Cu
  6
CONTINUOUS
100
AcDbLine
 10
156.7558190000000025
 20
-105.3459749999999957
 30
0
 11
156.8285549999999944
 21
-105.569831999999991
 31
0
  0
LINE
  5
67D
330
1B
100
AcDbEntity
  8
B.Cu
  6
CONTINUOUS
100
AcDbLine
 10
156.8285549999999944
 20
-105.569831999999991
 30
0
 11
156.8653759999999977
 21
-105.8023109999999889
 31
0
  0
LINE
  5
67E
330
1B
100
AcDbEntity
  8
B.Cu
  6
CONTINUOUS
100
AcDbLine
 10
156.8653759999999977
 20
-105.8023109999999889
 30
0
 11
156.8653759999999977
 21
-106.0376890000000003
 31
0
  0
LINE
  5
67F
330
1B
100
AcDbEntity
  8
B.Cu
  6
CONTINUOUS
100
AcDbLine
 10
156.8653759999999977
 20
-106.0376890000000003
 30
0
 11
156.8285549999999944
 21
-106.2701679999999982
 31
0
  0
LINE
  5
680
330
1B
100
AcDbEntity
  8
B.Cu
  6
CONTINUOUS
100
AcDbLine
 10
156.8285549999999944
 20
-106.2701679999999982
 30
0
 11
156.7558190000000025
 21
-106.4940249999999935
 31
0
  0
LINE
  5
681
330
1B
100
AcDbEntity
  8
B.Cu
  6
CONTINUOUS
100
AcDbLine
 10
156.7558190000000025
 20
-106.4940249999999935
 30
0
 11
156.6489599999999882
 21
-106.7037479999999903
 31
0
  0
LINE
  5
682
330
1B
100
AcDbEntity
  8
B.Cu
  6
CONTINUOUS
100
AcDbLine
 10
156.6489599999999882
 20
-106.7037479999999903
 30
0
 11
156.5298379999999838
 21
-106.8677050000000008
 31
0
  0
LINE
  5
683
330
1B
100
AcDbEntity
  8
B.Cu
  6
CONTINUOUS
100
AcDbLine
 10
156.5298379999999838
 20
-106.8677050000000008
 30
0
 11
156.7102160000000026
 21
-107.0480829999999912
 31
0
  0
LINE
  5
684
330
1B
100
AcDbEntity
  8
B.Cu
  6
CONTINUOUS
100
AcDbLine
 10
156.7102160000000026
 20
-107.0480829999999912
 30
0
 11
156.828187999999983
 21
-106.8943419999999946
 31
0
  0
LINE
  5
685
330
1B
100
AcDbEntity
  8
B.Cu
  6
CONTINUOUS
100
AcDbLine
 10
156.828187999999983
 20
-106.8943419999999946
 30
0
 11
156.9428979999999854
 21
-106.6956579999999946
 31
0
  0
LINE
  5
686
330
1B
100
AcDbEntity
  8
B.Cu
  6
CONTINUOUS
100
AcDbLine
 10
156.9428979999999854
 20
-106.6956579999999946
 30
0
 11
157.0306799999999896
 21
-106.4837309999999917
 31
0
  0
LINE
  5
687
330
1B
100
AcDbEntity
  8
B.Cu
  6
CONTINUOUS
100
AcDbLine
 10
157.0306799999999896
 20
-106.4837309999999917
 30
0
 11
157.0306839999999795
 21
-106.4837179999999961
 31
0
  0
LINE
  5
688
330
1B
100
AcDbEntity
  8
B.Cu
  6
CONTINUOUS
100
AcDbLine
 10
157.0306839999999795
 20
-106.4837179999999961
 30
0
 11
157.0900570000000016
 21
-106.2621379999999931
 31
0
  0
LINE
  5
689
330
1B
100
AcDbEntity
  8
B.Cu
  6
CONTINUOUS
100
AcDbLine
 10
157.0900570000000016
 20
-106.2621379999999931
 30
0
 11
157.0900570000000016
 21
-106.2621329999999915
 31
0
  0
LINE
  5
68A
330
1B
100
AcDbEntity
  8
B.Cu
  6
CONTINUOUS
100
AcDbLine
 10
157.0900570000000016
 20
-106.2621329999999915
 30
0
 11
157.1199990000000071
 21
-106.0347019999999958
 31
0
  0
LINE
  5
68B
330
1B
100
AcDbEntity
  8
B.Cu
  6
CONTINUOUS
100
AcDbLine
 10
157.1199990000000071
 20
-106.0347019999999958
 30
0
 11
157.1200000000000045
 21
-106.0347000000000008
 31
0
  0
LINE
  5
68C
330
1B
100
AcDbEntity
  8
B.Cu
  6
CONTINUOUS
100
AcDbLine
 10
157.1200000000000045
 20
-106.0347000000000008
 30
0
 11
157.1200000000000045
 21
-105.8052999999999884
 31
0
  0
LINE
  5
68D
330
1B
100
AcDbEntity
  8
B.Cu
  6
CONTINUOUS
100
AcDbLine
 10
157.1200000000000045
 20
-105.8052999999999884
 30
0
 11
157.1199990000000071
 21
-105.8052969999999959
 31
0
  0
LINE
  5
68E
330
1B
100
AcDbEntity
  8
B.Cu
  6
CONTINUOUS
100
AcDbLine
 10
157.1199990000000071
 20
-105.8052969999999959
 30
0
 11
157.0900570000000016
 21
-105.5778660000000002
 31
0
  0
LINE
  5
68F
330
1B
100
AcDbEntity
  8
B.Cu
  6
CONTINUOUS
100
AcDbLine
 10
172.1500570000000039
 20
-105.5778660000000002
 30
0
 11
172.1500570000000039
 21
-105.5778609999999986
 31
0
  0
LINE
  5
690
330
1B
100
AcDbEntity
  8
B.Cu
  6
CONTINUOUS
100
AcDbLine
 10
172.1500570000000039
 20
-105.5778609999999986
 30
0
 11
172.0906839999999818
 21
-105.3562809999999956
 31
0
  0
LINE
  5
691
330
1B
100
AcDbEntity
  8
B.Cu
  6
CONTINUOUS
100
AcDbLine
 10
172.0906839999999818
 20
-105.3562809999999956
 30
0
 11
172.0906799999999919
 21
-105.356268
 31
0
  0
LINE
  5
692
330
1B
100
AcDbEntity
  8
B.Cu
  6
CONTINUOUS
100
AcDbLine
 10
172.0906799999999919
 20
-105.356268
 30
0
 11
172.0028979999999876
 21
-105.1443409999999972
 31
0
  0
LINE
  5
693
330
1B
100
AcDbEntity
  8
B.Cu
  6
CONTINUOUS
100
AcDbLine
 10
172.0028979999999876
 20
-105.1443409999999972
 30
0
 11
171.8881939999999986
 21
-104.9456670000000003
 31
0
  0
LINE
  5
694
330
1B
100
AcDbEntity
  8
B.Cu
  6
CONTINUOUS
100
AcDbLine
 10
171.8881939999999986
 20
-104.9456670000000003
 30
0
 11
171.770214999999979
 21
-104.7919149999999888
 31
0
  0
LINE
  5
695
330
1B
100
AcDbEntity
  8
B.Cu
  6
CONTINUOUS
100
AcDbLine
 10
171.770214999999979
 20
-104.7919149999999888
 30
0
 11
171.5898359999999911
 21
-104.9722929999999934
 31
0
  0
LINE
  5
696
330
1B
100
AcDbEntity
  8
B.Cu
  6
CONTINUOUS
100
AcDbLine
 10
171.5898359999999911
 20
-104.9722929999999934
 30
0
 11
171.7089599999999905
 21
-105.1362519999999989
 31
0
  0
LINE
  5
697
330
1B
100
AcDbEntity
  8
B.Cu
  6
CONTINUOUS
100
AcDbLine
 10
171.7089599999999905
 20
-105.1362519999999989
 30
0
 11
171.8158190000000047
 21
-105.3459749999999957
 31
0
  0
LINE
  5
698
330
1B
100
AcDbEntity
  8
B.Cu
  6
CONTINUOUS
100
AcDbLine
 10
171.8158190000000047
 20
-105.3459749999999957
 30
0
 11
171.8885549999999967
 21
-105.569831999999991
 31
0
  0
LINE
  5
699
330
1B
100
AcDbEntity
  8
B.Cu
  6
CONTINUOUS
100
AcDbLine
 10
171.8885549999999967
 20
-105.569831999999991
 30
0
 11
171.925376
 21
-105.8023109999999889
 31
0
  0
LINE
  5
69A
330
1B
100
AcDbEntity
  8
B.Cu
  6
CONTINUOUS
100
AcDbLine
 10
171.925376
 20
-105.8023109999999889
 30
0
 11
171.925376
 21
-106.0376890000000003
 31
0
  0
LINE
  5
69B
330
1B
100
AcDbEntity
  8
B.Cu
  6
CONTINUOUS
100
AcDbLine
 10
171.925376
 20
-106.0376890000000003
 30
0
 11
171.8885549999999967
 21
-106.2701679999999982
 31
0
  0
LINE
  5
69C
330
1B
100
AcDbEntity
  8
B.Cu
  6
CONTINUOUS
100
AcDbLine
 10
171.8885549999999967
 20
-106.2701679999999982
 30
0
 11
171.8158190000000047
 21
-106.4940249999999935
 31
0
  0
LINE
  5
69D
330
1B
100
AcDbEntity
  8
B.Cu
  6
CONTINUOUS
100
AcDbLine
 10
171.8158190000000047
 20
-106.4940249999999935
 30
0
 11
171.7089599999999905
 21
-106.7037479999999903
 31
0
  0
LINE
  5
69E
330
1B
100
AcDbEntity
  8
B.Cu
  6
CONTINUOUS
100
AcDbLine
 10
171.7089599999999905
 20
-106.7037479999999903
 30
0
 11
171.5898379999999861
 21
-106.8677050000000008
 31
0
  0
LINE
  5
69F
330
1B
100
AcDbEntity
  8
B.Cu
  6
CONTINUOUS
100
AcDbLine
 10
171.5898379999999861
 20
-106.8677050000000008
 30
0
 11
171.7702160000000049
 21
-107.0480829999999912
 31
0
  0
LINE
  5
6A0
330
1B
100
AcDbEntity
  8
B.Cu
  6
CONTINUOUS
100
AcDbLine
 10
171.7702160000000049
 20
-107.0480829999999912
 30
0
 11
171.8881879999999853
 21
-106.8943419999999946
 31
0
  0
LINE
  5
6A1
330
1B
100
AcDbEntity
  8
B.Cu
  6
CONTINUOUS
100
AcDbLine
 10
171.8881879999999853
 20
-106.8943419999999946
 30
0
 11
172.0028979999999876
 21
-106.6956579999999946
 31
0
  0
LINE
  5
6A2
330
1B
100
AcDbEntity
  8
B.Cu
  6
CONTINUOUS
100
AcDbLine
 10
172.0028979999999876
 20
-106.6956579999999946
 30
0
 11
172.0906799999999919
 21
-106.4837309999999917
 31
0
  0
LINE
  5
6A3
330
1B
100
AcDbEntity
  8
B.Cu
  6
CONTINUOUS
100
AcDbLine
 10
172.0906799999999919
 20
-106.4837309999999917
 30
0
 11
172.0906839999999818
 21
-106.4837179999999961
 31
0
  0
LINE
  5
6A4
330
1B
100
AcDbEntity
  8
B.Cu
  6
CONTINUOUS
100
AcDbLine
 10
172.0906839999999818
 20
-106.4837179999999961
 30
0
 11
172.1500570000000039
 21
-106.2621379999999931
 31
0
  0
LINE
  5
6A5
330
1B
100
AcDbEntity
  8
B.Cu
  6
CONTINUOUS
100
AcDbLine
 10
172.1500570000000039
 20
-106.2621379999999931
 30
0
 11
172.1500570000000039
 21
-106.2621329999999915
 31
0
  0
LINE
  5
6A6
330
1B
100
AcDbEntity
  8
B.Cu
  6
CONTINUOUS
100
AcDbLine
 10
172.1500570000000039
 20
-106.2621329999999915
 30
0
 11
172.1799989999999809
 21
-106.0347019999999958
 31
0
  0
LINE
  5
6A7
330
1B
100
AcDbEntity
  8
B.Cu
  6
CONTINUOUS
100
AcDbLine
 10
172.1799989999999809
 20
-106.0347019999999958
 30
0
 11
172.1799999999999784
 21
-106.0347000000000008
 31
0
  0
LINE
  5
6A8
330
1B
100
AcDbEntity
  8
B.Cu
  6
CONTINUOUS
100
AcDbLine
 10
172.1799999999999784
 20
-106.0347000000000008
 30
0
 11
172.1799999999999784
 21
-105.8052999999999884
 31
0
  0
LINE
  5
6A9
330
1B
100
AcDbEntity
  8
B.Cu
  6
CONTINUOUS
100
AcDbLine
 10
172.1799999999999784
 20
-105.8052999999999884
 30
0
 11
172.1799989999999809
 21
-105.8052969999999959
 31
0
  0
LINE
  5
6AA
330
1B
100
AcDbEntity
  8
B.Cu
  6
CONTINUOUS
100
AcDbLine
 10
172.1799989999999809
 20
-105.8052969999999959
 30
0
 11
172.1500570000000039
 21
-105.5778660000000002
 31
0
  0
LINE
  5
6AB
330
1B
100
AcDbEntity
  8
B.Cu
  6
CONTINUOUS
100
AcDbLine
 10
184.7298359999999775
 20
-104.9722929999999934
 30
0
 11
184.8489600000000053
 21
-105.1362519999999989
 31
0
  0
LINE
  5
6AC
330
1B
100
AcDbEntity
  8
B.Cu
  6
CONTINUOUS
100
AcDbLine
 10
184.8489600000000053
 20
-105.1362519999999989
 30
0
 11
184.9558189999999911
 21
-105.3459749999999957
 31
0
  0
LINE
  5
6AD
330
1B
100
AcDbEntity
  8
B.Cu
  6
CONTINUOUS
100
AcDbLine
 10
184.9558189999999911
 20
-105.3459749999999957
 30
0
 11
185.028554999999983
 21
-105.569831999999991
 31
0
  0
LINE
  5
6AE
330
1B
100
AcDbEntity
  8
B.Cu
  6
CONTINUOUS
100
AcDbLine
 10
185.028554999999983
 20
-105.569831999999991
 30
0
 11
185.0653759999999863
 21
-105.8023109999999889
 31
0
  0
LINE
  5
6AF
330
1B
100
AcDbEntity
  8
B.Cu
  6
CONTINUOUS
100
AcDbLine
 10
185.0653759999999863
 20
-105.8023109999999889
 30
0
 11
185.0653759999999863
 21
-106.0376890000000003
 31
0
  0
LINE
  5
6B0
330
1B
100
AcDbEntity
  8
B.Cu
  6
CONTINUOUS
100
AcDbLine
 10
185.0653759999999863
 20
-106.0376890000000003
 30
0
 11
185.028554999999983
 21
-106.2701679999999982
 31
0
  0
LINE
  5
6B1
330
1B
100
AcDbEntity
  8
B.Cu
  6
CONTINUOUS
100
AcDbLine
 10
185.028554999999983
 20
-106.2701679999999982
 30
0
 11
184.9558189999999911
 21
-106.4940249999999935
 31
0
  0
LINE
  5
6B2
330
1B
100
AcDbEntity
  8
B.Cu
  6
CONTINUOUS
100
AcDbLine
 10
184.9558189999999911
 20
-106.4940249999999935
 30
0
 11
184.8489600000000053
 21
-106.7037479999999903
 31
0
  0
LINE
  5
6B3
330
1B
100
AcDbEntity
  8
B.Cu
  6
CONTINUOUS
100
AcDbLine
 10
184.8489600000000053
 20
-106.7037479999999903
 30
0
 11
184.7298380000000009
 21
-106.8677050000000008
 31
0
  0
LINE
  5
6B4
330
1B
100
AcDbEntity
  8
B.Cu
  6
CONTINUOUS
100
AcDbLine
 10
184.7298380000000009
 20
-106.8677050000000008
 30
0
 11
184.9102159999999913
 21
-107.0480829999999912
 31
0
  0
LINE
  5
6B5
330
1B
100
AcDbEntity
  8
B.Cu
  6
CONTINUOUS
100
AcDbLine
 10
184.9102159999999913
 20
-107.0480829999999912
 30
0
 11
185.0281880000000001
 21
-106.8943419999999946
 31
0
  0
LINE
  5
6B6
330
1B
100
AcDbEntity
  8
B.Cu
  6
CONTINUOUS
100
AcDbLine
 10
185.0281880000000001
 20
-106.8943419999999946
 30
0
 11
185.1428980000000024
 21
-106.6956579999999946
 31
0
  0
LINE
  5
6B7
330
1B
100
AcDbEntity
  8
B.Cu
  6
CONTINUOUS
100
AcDbLine
 10
185.1428980000000024
 20
-106.6956579999999946
 30
0
 11
185.2306799999999782
 21
-106.4837309999999917
 31
0
  0
LINE
  5
6B8
330
1B
100
AcDbEntity
  8
B.Cu
  6
CONTINUOUS
100
AcDbLine
 10
185.2306799999999782
 20
-106.4837309999999917
 30
0
 11
185.2306839999999966
 21
-106.4837179999999961
 31
0
  0
LINE
  5
6B9
330
1B
100
AcDbEntity
  8
B.Cu
  6
CONTINUOUS
100
AcDbLine
 10
185.2306839999999966
 20
-106.4837179999999961
 30
0
 11
185.2900569999999902
 21
-106.2621379999999931
 31
0
  0
LINE
  5
6BA
330
1B
100
AcDbEntity
  8
B.Cu
  6
CONTINUOUS
100
AcDbLine
 10
185.2900569999999902
 20
-106.2621379999999931
 30
0
 11
185.2900569999999902
 21
-106.2621329999999915
 31
0
  0
LINE
  5
6BB
330
1B
100
AcDbEntity
  8
B.Cu
  6
CONTINUOUS
100
AcDbLine
 10
185.2900569999999902
 20
-106.2621329999999915
 30
0
 11
185.3199989999999957
 21
-106.0347019999999958
 31
0
  0
LINE
  5
6BC
330
1B
100
AcDbEntity
  8
B.Cu
  6
CONTINUOUS
100
AcDbLine
 10
185.3199989999999957
 20
-106.0347019999999958
 30
0
 11
185.3199999999999932
 21
-106.0347000000000008
 31
0
  0
LINE
  5
6BD
330
1B
100
AcDbEntity
  8
B.Cu
  6
CONTINUOUS
100
AcDbLine
 10
185.3199999999999932
 20
-106.0347000000000008
 30
0
 11
185.3199999999999932
 21
-105.8052999999999884
 31
0
  0
LINE
  5
6BE
330
1B
100
AcDbEntity
  8
B.Cu
  6
CONTINUOUS
100
AcDbLine
 10
185.3199999999999932
 20
-105.8052999999999884
 30
0
 11
185.3199989999999957
 21
-105.8052969999999959
 31
0
  0
LINE
  5
6BF
330
1B
100
AcDbEntity
  8
B.Cu
  6
CONTINUOUS
100
AcDbLine
 10
185.3199989999999957
 20
-105.8052969999999959
 30
0
 11
185.2900569999999902
 21
-105.5778660000000002
 31
0
  0
LINE
  5
6C0
330
1B
100
AcDbEntity
  8
B.Cu
  6
CONTINUOUS
100
AcDbLine
 10
185.2900569999999902
 20
-105.5778660000000002
 30
0
 11
185.2900569999999902
 21
-105.5778609999999986
 31
0
  0
LINE
  5
6C1
330
1B
100
AcDbEntity
  8
B.Cu
  6
CONTINUOUS
100
AcDbLine
 10
185.2900569999999902
 20
-105.5778609999999986
 30
0
 11
185.2306839999999966
 21
-105.3562809999999956
 31
0
  0
LINE
  5
6C2
330
1B
100
AcDbEntity
  8
B.Cu
  6
CONTINUOUS
100
AcDbLine
 10
185.2306839999999966
 20
-105.3562809999999956
 30
0
 11
185.2306799999999782
 21
-105.356268
 31
0
  0
LINE
  5
6C3
330
1B
100
AcDbEntity
  8
B.Cu
  6
CONTINUOUS
100
AcDbLine
 10
185.2306799999999782
 20
-105.356268
 30
0
 11
185.1428980000000024
 21
-105.1443409999999972
 31
0
  0
LINE
  5
6C4
330
1B
100
AcDbEntity
  8
B.Cu
  6
CONTINUOUS
100
AcDbLine
 10
185.1428980000000024
 20
-105.1443409999999972
 30
0
 11
185.028193999999985
 21
-104.9456670000000003
 31
0
  0
LINE
  5
6C5
330
1B
100
AcDbEntity
  8
B.Cu
  6
CONTINUOUS
100
AcDbLine
 10
185.028193999999985
 20
-104.9456670000000003
 30
0
 11
184.9102149999999938
 21
-104.7919149999999888
 31
0
  0
LINE
  5
6C6
330
1B
100
AcDbEntity
  8
B.Cu
  6
CONTINUOUS
100
AcDbLine
 10
184.9102149999999938
 20
-104.7919149999999888
 30
0
 11
184.7298359999999775
 21
-104.9722929999999934
 31
0
  0
LINE
  5
6C7
330
1B
100
AcDbEntity
  8
B.Cu
  6
CONTINUOUS
100
AcDbLine
 10
113.2878649999999965
 20
-104.199941999999993
 30
0
 11
113.2878599999999949
 21
-104.199941999999993
 31
0
  0
LINE
  5
6C8
330
1B
100
AcDbEntity
  8
B.Cu
  6
CONTINUOUS
100
AcDbLine
 10
113.2878599999999949
 20
-104.199941999999993
 30
0
 11
113.0662799999999919
 21
-104.2593150000000009
 31
0
  0
LINE
  5
6C9
330
1B
100
AcDbEntity
  8
B.Cu
  6
CONTINUOUS
100
AcDbLine
 10
113.0662799999999919
 20
-104.2593150000000009
 30
0
 11
113.0662669999999963
 21
-104.2593189999999908
 31
0
  0
LINE
  5
6CA
330
1B
100
AcDbEntity
  8
B.Cu
  6
CONTINUOUS
100
AcDbLine
 10
113.0662669999999963
 20
-104.2593189999999908
 30
0
 11
112.8543399999999934
 21
-104.347100999999995
 31
0
  0
LINE
  5
6CB
330
1B
100
AcDbEntity
  8
B.Cu
  6
CONTINUOUS
100
AcDbLine
 10
112.8543399999999934
 20
-104.347100999999995
 30
0
 11
112.6556609999999949
 21
-104.4618079999999907
 31
0
  0
LINE
  5
6CC
330
1B
100
AcDbEntity
  8
B.Cu
  6
CONTINUOUS
100
AcDbLine
 10
112.6556609999999949
 20
-104.4618079999999907
 30
0
 11
112.5019139999999993
 21
-104.5797819999999945
 31
0
  0
LINE
  5
6CD
330
1B
100
AcDbEntity
  8
B.Cu
  6
CONTINUOUS
100
AcDbLine
 10
112.5019139999999993
 20
-104.5797819999999945
 30
0
 11
112.6822930000000014
 21
-104.7601609999999965
 31
0
  0
LINE
  5
6CE
330
1B
100
AcDbEntity
  8
B.Cu
  6
CONTINUOUS
100
AcDbLine
 10
112.6822930000000014
 20
-104.7601609999999965
 30
0
 11
112.8462509999999952
 21
-104.6410399999999896
 31
0
  0
LINE
  5
6CF
330
1B
100
AcDbEntity
  8
B.Cu
  6
CONTINUOUS
100
AcDbLine
 10
112.8462509999999952
 20
-104.6410399999999896
 30
0
 11
113.055973999999992
 21
-104.5341809999999896
 31
0
  0
LINE
  5
6D0
330
1B
100
AcDbEntity
  8
B.Cu
  6
CONTINUOUS
100
AcDbLine
 10
113.055973999999992
 20
-104.5341809999999896
 30
0
 11
113.2798310000000015
 21
-104.4614449999999977
 31
0
  0
LINE
  5
6D1
330
1B
100
AcDbEntity
  8
B.Cu
  6
CONTINUOUS
100
AcDbLine
 10
113.2798310000000015
 20
-104.4614449999999977
 30
0
 11
113.5123099999999994
 21
-104.4246239999999943
 31
0
  0
LINE
  5
6D2
330
1B
100
AcDbEntity
  8
B.Cu
  6
CONTINUOUS
100
AcDbLine
 10
113.5123099999999994
 20
-104.4246239999999943
 30
0
 11
113.7476879999999966
 21
-104.4246239999999943
 31
0
  0
LINE
  5
6D3
330
1B
100
AcDbEntity
  8
B.Cu
  6
CONTINUOUS
100
AcDbLine
 10
113.7476879999999966
 20
-104.4246239999999943
 30
0
 11
113.9801669999999945
 21
-104.4614449999999977
 31
0
  0
LINE
  5
6D4
330
1B
100
AcDbEntity
  8
B.Cu
  6
CONTINUOUS
100
AcDbLine
 10
113.9801669999999945
 20
-104.4614449999999977
 30
0
 11
114.2040239999999898
 21
-104.5341809999999896
 31
0
  0
LINE
  5
6D5
330
1B
100
AcDbEntity
  8
B.Cu
  6
CONTINUOUS
100
AcDbLine
 10
114.2040239999999898
 20
-104.5341809999999896
 30
0
 11
114.4137470000000008
 21
-104.6410399999999896
 31
0
  0
LINE
  5
6D6
330
1B
100
AcDbEntity
  8
B.Cu
  6
CONTINUOUS
100
AcDbLine
 10
114.4137470000000008
 20
-104.6410399999999896
 30
0
 11
114.5777029999999996
 21
-104.7601609999999965
 31
0
  0
LINE
  5
6D7
330
1B
100
AcDbEntity
  8
B.Cu
  6
CONTINUOUS
100
AcDbLine
 10
114.5777029999999996
 20
-104.7601609999999965
 30
0
 11
114.7580820000000017
 21
-104.5797829999999919
 31
0
  0
LINE
  5
6D8
330
1B
100
AcDbEntity
  8
B.Cu
  6
CONTINUOUS
100
AcDbLine
 10
114.7580820000000017
 20
-104.5797829999999919
 30
0
 11
114.6043309999999877
 21
-104.4618049999999982
 31
0
  0
LINE
  5
6D9
330
1B
100
AcDbEntity
  8
B.Cu
  6
CONTINUOUS
100
AcDbLine
 10
114.6043309999999877
 20
-104.4618049999999982
 30
0
 11
114.4056569999999908
 21
-104.347100999999995
 31
0
  0
LINE
  5
6DA
330
1B
100
AcDbEntity
  8
B.Cu
  6
CONTINUOUS
100
AcDbLine
 10
114.4056569999999908
 20
-104.347100999999995
 30
0
 11
114.193729999999988
 21
-104.2593189999999908
 31
0
  0
LINE
  5
6DB
330
1B
100
AcDbEntity
  8
B.Cu
  6
CONTINUOUS
100
AcDbLine
 10
114.193729999999988
 20
-104.2593189999999908
 30
0
 11
114.1937169999999924
 21
-104.2593150000000009
 31
0
  0
LINE
  5
6DC
330
1B
100
AcDbEntity
  8
B.Cu
  6
CONTINUOUS
100
AcDbLine
 10
114.1937169999999924
 20
-104.2593150000000009
 30
0
 11
113.9721349999999944
 21
-104.199941999999993
 31
0
  0
LINE
  5
6DD
330
1B
100
AcDbEntity
  8
B.Cu
  6
CONTINUOUS
100
AcDbLine
 10
113.9721349999999944
 20
-104.199941999999993
 30
0
 11
113.7447009999999921
 21
-104.1700000000000017
 31
0
  0
LINE
  5
6DE
330
1B
100
AcDbEntity
  8
B.Cu
  6
CONTINUOUS
100
AcDbLine
 10
113.7447009999999921
 20
-104.1700000000000017
 30
0
 11
113.5152959999999922
 21
-104.1700000000000017
 31
0
  0
LINE
  5
6DF
330
1B
100
AcDbEntity
  8
B.Cu
  6
CONTINUOUS
100
AcDbLine
 10
113.5152959999999922
 20
-104.1700000000000017
 30
0
 11
113.2878649999999965
 21
-104.199941999999993
 31
0
  0
LINE
  5
6E0
330
1B
100
AcDbEntity
  8
B.Cu
  6
CONTINUOUS
100
AcDbLine
 10
126.4278649999999971
 20
-104.199941999999993
 30
0
 11
126.4278599999999955
 21
-104.199941999999993
 31
0
  0
LINE
  5
6E1
330
1B
100
AcDbEntity
  8
B.Cu
  6
CONTINUOUS
100
AcDbLine
 10
126.4278599999999955
 20
-104.199941999999993
 30
0
 11
126.2062799999999925
 21
-104.2593150000000009
 31
0
  0
LINE
  5
6E2
330
1B
100
AcDbEntity
  8
B.Cu
  6
CONTINUOUS
100
AcDbLine
 10
126.2062799999999925
 20
-104.2593150000000009
 30
0
 11
126.2062669999999969
 21
-104.2593189999999908
 31
0
  0
LINE
  5
6E3
330
1B
100
AcDbEntity
  8
B.Cu
  6
CONTINUOUS
100
AcDbLine
 10
126.2062669999999969
 20
-104.2593189999999908
 30
0
 11
125.994339999999994
 21
-104.347100999999995
 31
0
  0
LINE
  5
6E4
330
1B
100
AcDbEntity
  8
B.Cu
  6
CONTINUOUS
100
AcDbLine
 10
125.994339999999994
 20
-104.347100999999995
 30
0
 11
125.7956609999999955
 21
-104.4618079999999907
 31
0
  0
LINE
  5
6E5
330
1B
100
AcDbEntity
  8
B.Cu
  6
CONTINUOUS
100
AcDbLine
 10
125.7956609999999955
 20
-104.4618079999999907
 30
0
 11
125.6419139999999999
 21
-104.5797819999999945
 31
0
  0
LINE
  5
6E6
330
1B
100
AcDbEntity
  8
B.Cu
  6
CONTINUOUS
100
AcDbLine
 10
125.6419139999999999
 20
-104.5797819999999945
 30
0
 11
125.8222929999999877
 21
-104.7601609999999965
 31
0
  0
LINE
  5
6E7
330
1B
100
AcDbEntity
  8
B.Cu
  6
CONTINUOUS
100
AcDbLine
 10
125.8222929999999877
 20
-104.7601609999999965
 30
0
 11
125.9862509999999958
 21
-104.6410399999999896
 31
0
  0
LINE
  5
6E8
330
1B
100
AcDbEntity
  8
B.Cu
  6
CONTINUOUS
100
AcDbLine
 10
125.9862509999999958
 20
-104.6410399999999896
 30
0
 11
126.1959739999999925
 21
-104.5341809999999896
 31
0
  0
LINE
  5
6E9
330
1B
100
AcDbEntity
  8
B.Cu
  6
CONTINUOUS
100
AcDbLine
 10
126.1959739999999925
 20
-104.5341809999999896
 30
0
 11
126.4198309999999879
 21
-104.4614449999999977
 31
0
  0
LINE
  5
6EA
330
1B
100
AcDbEntity
  8
B.Cu
  6
CONTINUOUS
100
AcDbLine
 10
126.4198309999999879
 20
-104.4614449999999977
 30
0
 11
126.6523099999999999
 21
-104.4246239999999943
 31
0
  0
LINE
  5
6EB
330
1B
100
AcDbEntity
  8
B.Cu
  6
CONTINUOUS
100
AcDbLine
 10
126.6523099999999999
 20
-104.4246239999999943
 30
0
 11
126.8876879999999971
 21
-104.4246239999999943
 31
0
  0
LINE
  5
6EC
330
1B
100
AcDbEntity
  8
B.Cu
  6
CONTINUOUS
100
AcDbLine
 10
126.8876879999999971
 20
-104.4246239999999943
 30
0
 11
127.120166999999995
 21
-104.4614449999999977
 31
0
  0
LINE
  5
6ED
330
1B
100
AcDbEntity
  8
B.Cu
  6
CONTINUOUS
100
AcDbLine
 10
127.120166999999995
 20
-104.4614449999999977
 30
0
 11
127.3440239999999903
 21
-104.5341809999999896
 31
0
  0
LINE
  5
6EE
330
1B
100
AcDbEntity
  8
B.Cu
  6
CONTINUOUS
100
AcDbLine
 10
127.3440239999999903
 20
-104.5341809999999896
 30
0
 11
127.5537470000000013
 21
-104.6410399999999896
 31
0
  0
LINE
  5
6EF
330
1B
100
AcDbEntity
  8
B.Cu
  6
CONTINUOUS
100
AcDbLine
 10
127.5537470000000013
 20
-104.6410399999999896
 30
0
 11
127.7177030000000002
 21
-104.7601609999999965
 31
0
  0
LINE
  5
6F0
330
1B
100
AcDbEntity
  8
B.Cu
  6
CONTINUOUS
100
AcDbLine
 10
127.7177030000000002
 20
-104.7601609999999965
 30
0
 11
127.8980819999999881
 21
-104.5797829999999919
 31
0
  0
LINE
  5
6F1
330
1B
100
AcDbEntity
  8
B.Cu
  6
CONTINUOUS
100
AcDbLine
 10
127.8980819999999881
 20
-104.5797829999999919
 30
0
 11
127.7443309999999883
 21
-104.4618049999999982
 31
0
  0
LINE
  5
6F2
330
1B
100
AcDbEntity
  8
B.Cu
  6
CONTINUOUS
100
AcDbLine
 10
127.7443309999999883
 20
-104.4618049999999982
 30
0
 11
127.5456569999999914
 21
-104.347100999999995
 31
0
  0
LINE
  5
6F3
330
1B
100
AcDbEntity
  8
B.Cu
  6
CONTINUOUS
100
AcDbLine
 10
127.5456569999999914
 20
-104.347100999999995
 30
0
 11
127.3337299999999885
 21
-104.2593189999999908
 31
0
  0
LINE
  5
6F4
330
1B
100
AcDbEntity
  8
B.Cu
  6
CONTINUOUS
100
AcDbLine
 10
127.3337299999999885
 20
-104.2593189999999908
 30
0
 11
127.3337169999999929
 21
-104.2593150000000009
 31
0
  0
LINE
  5
6F5
330
1B
100
AcDbEntity
  8
B.Cu
  6
CONTINUOUS
100
AcDbLine
 10
127.3337169999999929
 20
-104.2593150000000009
 30
0
 11
127.112134999999995
 21
-104.199941999999993
 31
0
  0
LINE
  5
6F6
330
1B
100
AcDbEntity
  8
B.Cu
  6
CONTINUOUS
100
AcDbLine
 10
127.112134999999995
 20
-104.199941999999993
 30
0
 11
126.8847009999999926
 21
-104.1700000000000017
 31
0
  0
LINE
  5
6F7
330
1B
100
AcDbEntity
  8
B.Cu
  6
CONTINUOUS
100
AcDbLine
 10
126.8847009999999926
 20
-104.1700000000000017
 30
0
 11
126.6552959999999928
 21
-104.1700000000000017
 31
0
  0
LINE
  5
6F8
330
1B
100
AcDbEntity
  8
B.Cu
  6
CONTINUOUS
100
AcDbLine
 10
126.6552959999999928
 20
-104.1700000000000017
 30
0
 11
126.4278649999999971
 21
-104.199941999999993
 31
0
  0
LINE
  5
6F9
330
1B
100
AcDbEntity
  8
B.Cu
  6
CONTINUOUS
100
AcDbLine
 10
141.8878660000000025
 20
-104.199941999999993
 30
0
 11
141.8878609999999867
 21
-104.199941999999993
 31
0
  0
LINE
  5
6FA
330
1B
100
AcDbEntity
  8
B.Cu
  6
CONTINUOUS
100
AcDbLine
 10
141.8878609999999867
 20
-104.199941999999993
 30
0
 11
141.6662809999999979
 21
-104.2593150000000009
 31
0
  0
LINE
  5
6FB
330
1B
100
AcDbEntity
  8
B.Cu
  6
CONTINUOUS
100
AcDbLine
 10
141.6662809999999979
 20
-104.2593150000000009
 30
0
 11
141.6662680000000023
 21
-104.2593189999999908
 31
0
  0
LINE
  5
6FC
330
1B
100
AcDbEntity
  8
B.Cu
  6
CONTINUOUS
100
AcDbLine
 10
141.6662680000000023
 20
-104.2593189999999908
 30
0
 11
141.4543409999999994
 21
-104.347100999999995
 31
0
  0
LINE
  5
6FD
330
1B
100
AcDbEntity
  8
B.Cu
  6
CONTINUOUS
100
AcDbLine
 10
141.4543409999999994
 20
-104.347100999999995
 30
0
 11
141.2556620000000009
 21
-104.4618079999999907
 31
0
  0
LINE
  5
6FE
330
1B
100
AcDbEntity
  8
B.Cu
  6
CONTINUOUS
100
AcDbLine
 10
141.2556620000000009
 20
-104.4618079999999907
 30
0
 11
141.1019149999999911
 21
-104.5797819999999945
 31
0
  0
LINE
  5
6FF
330
1B
100
AcDbEntity
  8
B.Cu
  6
CONTINUOUS
100
AcDbLine
 10
141.1019149999999911
 20
-104.5797819999999945
 30
0
 11
141.2822940000000074
 21
-104.7601609999999965
 31
0
  0
LINE
  5
700
330
1B
100
AcDbEntity
  8
B.Cu
  6
CONTINUOUS
100
AcDbLine
 10
141.2822940000000074
 20
-104.7601609999999965
 30
0
 11
141.446251999999987
 21
-104.6410399999999896
 31
0
  0
LINE
  5
701
330
1B
100
AcDbEntity
  8
B.Cu
  6
CONTINUOUS
100
AcDbLine
 10
141.446251999999987
 20
-104.6410399999999896
 30
0
 11
141.6559749999999838
 21
-104.5341809999999896
 31
0
  0
LINE
  5
702
330
1B
100
AcDbEntity
  8
B.Cu
  6
CONTINUOUS
100
AcDbLine
 10
141.6559749999999838
 20
-104.5341809999999896
 30
0
 11
141.8798319999999933
 21
-104.4614449999999977
 31
0
  0
LINE
  5
703
330
1B
100
AcDbEntity
  8
B.Cu
  6
CONTINUOUS
100
AcDbLine
 10
141.8798319999999933
 20
-104.4614449999999977
 30
0
 11
142.1123110000000054
 21
-104.4246239999999943
 31
0
  0
LINE
  5
704
330
1B
100
AcDbEntity
  8
B.Cu
  6
CONTINUOUS
100
AcDbLine
 10
142.1123110000000054
 20
-104.4246239999999943
 30
0
 11
142.3476890000000026
 21
-104.4246239999999943
 31
0
  0
LINE
  5
705
330
1B
100
AcDbEntity
  8
B.Cu
  6
CONTINUOUS
100
AcDbLine
 10
142.3476890000000026
 20
-104.4246239999999943
 30
0
 11
142.5801679999999863
 21
-104.4614449999999977
 31
0
  0
LINE
  5
706
330
1B
100
AcDbEntity
  8
B.Cu
  6
CONTINUOUS
100
AcDbLine
 10
142.5801679999999863
 20
-104.4614449999999977
 30
0
 11
142.8040249999999958
 21
-104.5341809999999896
 31
0
  0
LINE
  5
707
330
1B
100
AcDbEntity
  8
B.Cu
  6
CONTINUOUS
100
AcDbLine
 10
142.8040249999999958
 20
-104.5341809999999896
 30
0
 11
143.0137479999999925
 21
-104.6410399999999896
 31
0
  0
LINE
  5
708
330
1B
100
AcDbEntity
  8
B.Cu
  6
CONTINUOUS
100
AcDbLine
 10
143.0137479999999925
 20
-104.6410399999999896
 30
0
 11
143.1777040000000056
 21
-104.7601609999999965
 31
0
  0
LINE
  5
709
330
1B
100
AcDbEntity
  8
B.Cu
  6
CONTINUOUS
100
AcDbLine
 10
143.1777040000000056
 20
-104.7601609999999965
 30
0
 11
143.3580829999999935
 21
-104.5797829999999919
 31
0
  0
LINE
  5
70A
330
1B
100
AcDbEntity
  8
B.Cu
  6
CONTINUOUS
100
AcDbLine
 10
143.3580829999999935
 20
-104.5797829999999919
 30
0
 11
143.2043319999999937
 21
-104.4618049999999982
 31
0
  0
LINE
  5
70B
330
1B
100
AcDbEntity
  8
B.Cu
  6
CONTINUOUS
100
AcDbLine
 10
143.2043319999999937
 20
-104.4618049999999982
 30
0
 11
143.0056579999999826
 21
-104.347100999999995
 31
0
  0
LINE
  5
70C
330
1B
100
AcDbEntity
  8
B.Cu
  6
CONTINUOUS
100
AcDbLine
 10
143.0056579999999826
 20
-104.347100999999995
 30
0
 11
142.7937309999999798
 21
-104.2593189999999908
 31
0
  0
LINE
  5
70D
330
1B
100
AcDbEntity
  8
B.Cu
  6
CONTINUOUS
100
AcDbLine
 10
142.7937309999999798
 20
-104.2593189999999908
 30
0
 11
142.7937179999999842
 21
-104.2593150000000009
 31
0
  0
LINE
  5
70E
330
1B
100
AcDbEntity
  8
B.Cu
  6
CONTINUOUS
100
AcDbLine
 10
142.7937179999999842
 20
-104.2593150000000009
 30
0
 11
142.5721360000000004
 21
-104.199941999999993
 31
0
  0
LINE
  5
70F
330
1B
100
AcDbEntity
  8
B.Cu
  6
CONTINUOUS
100
AcDbLine
 10
142.5721360000000004
 20
-104.199941999999993
 30
0
 11
142.3447019999999839
 21
-104.1700000000000017
 31
0
  0
LINE
  5
710
330
1B
100
AcDbEntity
  8
B.Cu
  6
CONTINUOUS
100
AcDbLine
 10
142.3447019999999839
 20
-104.1700000000000017
 30
0
 11
142.1152969999999982
 21
-104.1700000000000017
 31
0
  0
LINE
  5
711
330
1B
100
AcDbEntity
  8
B.Cu
  6
CONTINUOUS
100
AcDbLine
 10
142.1152969999999982
 20
-104.1700000000000017
 30
0
 11
141.8878660000000025
 21
-104.199941999999993
 31
0
  0
LINE
  5
712
330
1B
100
AcDbEntity
  8
B.Cu
  6
CONTINUOUS
100
AcDbLine
 10
155.0278659999999888
 20
-104.199941999999993
 30
0
 11
155.0278610000000015
 21
-104.199941999999993
 31
0
  0
LINE
  5
713
330
1B
100
AcDbEntity
  8
B.Cu
  6
CONTINUOUS
100
AcDbLine
 10
155.0278610000000015
 20
-104.199941999999993
 30
0
 11
154.8062809999999843
 21
-104.2593150000000009
 31
0
  0
LINE
  5
714
330
1B
100
AcDbEntity
  8
B.Cu
  6
CONTINUOUS
100
AcDbLine
 10
154.8062809999999843
 20
-104.2593150000000009
 30
0
 11
154.8062679999999887
 21
-104.2593189999999908
 31
0
  0
LINE
  5
715
330
1B
100
AcDbEntity
  8
B.Cu
  6
CONTINUOUS
100
AcDbLine
 10
154.8062679999999887
 20
-104.2593189999999908
 30
0
 11
154.5943409999999858
 21
-104.347100999999995
 31
0
  0
LINE
  5
716
330
1B
100
AcDbEntity
  8
B.Cu
  6
CONTINUOUS
100
AcDbLine
 10
154.5943409999999858
 20
-104.347100999999995
 30
0
 11
154.3956619999999873
 21
-104.4618079999999907
 31
0
  0
LINE
  5
717
330
1B
100
AcDbEntity
  8
B.Cu
  6
CONTINUOUS
100
AcDbLine
 10
154.3956619999999873
 20
-104.4618079999999907
 30
0
 11
154.2419150000000059
 21
-104.5797819999999945
 31
0
  0
LINE
  5
718
330
1B
100
AcDbEntity
  8
B.Cu
  6
CONTINUOUS
100
AcDbLine
 10
154.2419150000000059
 20
-104.5797819999999945
 30
0
 11
154.4222939999999937
 21
-104.7601609999999965
 31
0
  0
LINE
  5
719
330
1B
100
AcDbEntity
  8
B.Cu
  6
CONTINUOUS
100
AcDbLine
 10
154.4222939999999937
 20
-104.7601609999999965
 30
0
 11
154.5862520000000018
 21
-104.6410399999999896
 31
0
  0
LINE
  5
71A
330
1B
100
AcDbEntity
  8
B.Cu
  6
CONTINUOUS
100
AcDbLine
 10
154.5862520000000018
 20
-104.6410399999999896
 30
0
 11
154.7959749999999985
 21
-104.5341809999999896
 31
0
  0
LINE
  5
71B
330
1B
100
AcDbEntity
  8
B.Cu
  6
CONTINUOUS
100
AcDbLine
 10
154.7959749999999985
 20
-104.5341809999999896
 30
0
 11
155.0198319999999796
 21
-104.4614449999999977
 31
0
  0
LINE
  5
71C
330
1B
100
AcDbEntity
  8
B.Cu
  6
CONTINUOUS
100
AcDbLine
 10
155.0198319999999796
 20
-104.4614449999999977
 30
0
 11
155.2523109999999917
 21
-104.4246239999999943
 31
0
  0
LINE
  5
71D
330
1B
100
AcDbEntity
  8
B.Cu
  6
CONTINUOUS
100
AcDbLine
 10
155.2523109999999917
 20
-104.4246239999999943
 30
0
 11
155.4876889999999889
 21
-104.4246239999999943
 31
0
  0
LINE
  5
71E
330
1B
100
AcDbEntity
  8
B.Cu
  6
CONTINUOUS
100
AcDbLine
 10
155.4876889999999889
 20
-104.4246239999999943
 30
0
 11
155.720168000000001
 21
-104.4614449999999977
 31
0
  0
LINE
  5
71F
330
1B
100
AcDbEntity
  8
B.Cu
  6
CONTINUOUS
100
AcDbLine
 10
155.720168000000001
 20
-104.4614449999999977
 30
0
 11
155.9440249999999821
 21
-104.5341809999999896
 31
0
  0
LINE
  5
720
330
1B
100
AcDbEntity
  8
B.Cu
  6
CONTINUOUS
100
AcDbLine
 10
155.9440249999999821
 20
-104.5341809999999896
 30
0
 11
156.1537479999999789
 21
-104.6410399999999896
 31
0
  0
LINE
  5
721
330
1B
100
AcDbEntity
  8
B.Cu
  6
CONTINUOUS
100
AcDbLine
 10
156.1537479999999789
 20
-104.6410399999999896
 30
0
 11
156.317703999999992
 21
-104.7601609999999965
 31
0
  0
LINE
  5
722
330
1B
100
AcDbEntity
  8
B.Cu
  6
CONTINUOUS
100
AcDbLine
 10
156.317703999999992
 20
-104.7601609999999965
 30
0
 11
156.4980829999999798
 21
-104.5797829999999919
 31
0
  0
LINE
  5
723
330
1B
100
AcDbEntity
  8
B.Cu
  6
CONTINUOUS
100
AcDbLine
 10
156.4980829999999798
 20
-104.5797829999999919
 30
0
 11
156.3443319999999801
 21
-104.4618049999999982
 31
0
  0
LINE
  5
724
330
1B
100
AcDbEntity
  8
B.Cu
  6
CONTINUOUS
100
AcDbLine
 10
156.3443319999999801
 20
-104.4618049999999982
 30
0
 11
156.1456579999999974
 21
-104.347100999999995
 31
0
  0
LINE
  5
725
330
1B
100
AcDbEntity
  8
B.Cu
  6
CONTINUOUS
100
AcDbLine
 10
156.1456579999999974
 20
-104.347100999999995
 30
0
 11
155.9337309999999945
 21
-104.2593189999999908
 31
0
  0
LINE
  5
726
330
1B
100
AcDbEntity
  8
B.Cu
  6
CONTINUOUS
100
AcDbLine
 10
155.9337309999999945
 20
-104.2593189999999908
 30
0
 11
155.9337179999999989
 21
-104.2593150000000009
 31
0
  0
LINE
  5
727
330
1B
100
AcDbEntity
  8
B.Cu
  6
CONTINUOUS
100
AcDbLine
 10
155.9337179999999989
 20
-104.2593150000000009
 30
0
 11
155.7121359999999868
 21
-104.199941999999993
 31
0
  0
LINE
  5
728
330
1B
100
AcDbEntity
  8
B.Cu
  6
CONTINUOUS
100
AcDbLine
 10
155.7121359999999868
 20
-104.199941999999993
 30
0
 11
155.4847019999999986
 21
-104.1700000000000017
 31
0
  0
LINE
  5
729
330
1B
100
AcDbEntity
  8
B.Cu
  6
CONTINUOUS
100
AcDbLine
 10
155.4847019999999986
 20
-104.1700000000000017
 30
0
 11
155.2552969999999846
 21
-104.1700000000000017
 31
0
  0
LINE
  5
72A
330
1B
100
AcDbEntity
  8
B.Cu
  6
CONTINUOUS
100
AcDbLine
 10
155.2552969999999846
 20
-104.1700000000000017
 30
0
 11
155.0278659999999888
 21
-104.199941999999993
 31
0
  0
LINE
  5
72B
330
1B
100
AcDbEntity
  8
B.Cu
  6
CONTINUOUS
100
AcDbLine
 10
170.0878659999999911
 20
-104.199941999999993
 30
0
 11
170.0878610000000037
 21
-104.199941999999993
 31
0
  0
LINE
  5
72C
330
1B
100
AcDbEntity
  8
B.Cu
  6
CONTINUOUS
100
AcDbLine
 10
170.0878610000000037
 20
-104.199941999999993
 30
0
 11
169.8662809999999865
 21
-104.2593150000000009
 31
0
  0
LINE
  5
72D
330
1B
100
AcDbEntity
  8
B.Cu
  6
CONTINUOUS
100
AcDbLine
 10
169.8662809999999865
 20
-104.2593150000000009
 30
0
 11
169.8662679999999909
 21
-104.2593189999999908
 31
0
  0
LINE
  5
72E
330
1B
100
AcDbEntity
  8
B.Cu
  6
CONTINUOUS
100
AcDbLine
 10
169.8662679999999909
 20
-104.2593189999999908
 30
0
 11
169.6543409999999881
 21
-104.347100999999995
 31
0
  0
LINE
  5
72F
330
1B
100
AcDbEntity
  8
B.Cu
  6
CONTINUOUS
100
AcDbLine
 10
169.6543409999999881
 20
-104.347100999999995
 30
0
 11
169.4556619999999896
 21
-104.4618079999999907
 31
0
  0
LINE
  5
730
330
1B
100
AcDbEntity
  8
B.Cu
  6
CONTINUOUS
100
AcDbLine
 10
169.4556619999999896
 20
-104.4618079999999907
 30
0
 11
169.3019149999999797
 21
-104.5797819999999945
 31
0
  0
LINE
  5
731
330
1B
100
AcDbEntity
  8
B.Cu
  6
CONTINUOUS
100
AcDbLine
 10
169.3019149999999797
 20
-104.5797819999999945
 30
0
 11
169.482293999999996
 21
-104.7601609999999965
 31
0
  0
LINE
  5
732
330
1B
100
AcDbEntity
  8
B.Cu
  6
CONTINUOUS
100
AcDbLine
 10
169.482293999999996
 20
-104.7601609999999965
 30
0
 11
169.646252000000004
 21
-104.6410399999999896
 31
0
  0
LINE
  5
733
330
1B
100
AcDbEntity
  8
B.Cu
  6
CONTINUOUS
100
AcDbLine
 10
169.646252000000004
 20
-104.6410399999999896
 30
0
 11
169.8559750000000008
 21
-104.5341809999999896
 31
0
  0
LINE
  5
734
330
1B
100
AcDbEntity
  8
B.Cu
  6
CONTINUOUS
100
AcDbLine
 10
169.8559750000000008
 20
-104.5341809999999896
 30
0
 11
170.0798319999999819
 21
-104.4614449999999977
 31
0
  0
LINE
  5
735
330
1B
100
AcDbEntity
  8
B.Cu
  6
CONTINUOUS
100
AcDbLine
 10
170.0798319999999819
 20
-104.4614449999999977
 30
0
 11
170.312310999999994
 21
-104.4246239999999943
 31
0
  0
LINE
  5
736
330
1B
100
AcDbEntity
  8
B.Cu
  6
CONTINUOUS
100
AcDbLine
 10
170.312310999999994
 20
-104.4246239999999943
 30
0
 11
170.5476889999999912
 21
-104.4246239999999943
 31
0
  0
LINE
  5
737
330
1B
100
AcDbEntity
  8
B.Cu
  6
CONTINUOUS
100
AcDbLine
 10
170.5476889999999912
 20
-104.4246239999999943
 30
0
 11
170.7801680000000033
 21
-104.4614449999999977
 31
0
  0
LINE
  5
738
330
1B
100
AcDbEntity
  8
B.Cu
  6
CONTINUOUS
100
AcDbLine
 10
170.7801680000000033
 20
-104.4614449999999977
 30
0
 11
171.0040249999999844
 21
-104.5341809999999896
 31
0
  0
LINE
  5
739
330
1B
100
AcDbEntity
  8
B.Cu
  6
CONTINUOUS
100
AcDbLine
 10
171.0040249999999844
 20
-104.5341809999999896
 30
0
 11
171.2137479999999812
 21
-104.6410399999999896
 31
0
  0
LINE
  5
73A
330
1B
100
AcDbEntity
  8
B.Cu
  6
CONTINUOUS
100
AcDbLine
 10
171.2137479999999812
 20
-104.6410399999999896
 30
0
 11
171.3777039999999943
 21
-104.7601609999999965
 31
0
  0
LINE
  5
73B
330
1B
100
AcDbEntity
  8
B.Cu
  6
CONTINUOUS
100
AcDbLine
 10
171.3777039999999943
 20
-104.7601609999999965
 30
0
 11
171.5580829999999821
 21
-104.5797829999999919
 31
0
  0
LINE
  5
73C
330
1B
100
AcDbEntity
  8
B.Cu
  6
CONTINUOUS
100
AcDbLine
 10
171.5580829999999821
 20
-104.5797829999999919
 30
0
 11
171.4043319999999824
 21
-104.4618049999999982
 31
0
  0
LINE
  5
73D
330
1B
100
AcDbEntity
  8
B.Cu
  6
CONTINUOUS
100
AcDbLine
 10
171.4043319999999824
 20
-104.4618049999999982
 30
0
 11
171.2056579999999997
 21
-104.347100999999995
 31
0
  0
LINE
  5
73E
330
1B
100
AcDbEntity
  8
B.Cu
  6
CONTINUOUS
100
AcDbLine
 10
171.2056579999999997
 20
-104.347100999999995
 30
0
 11
170.9937309999999968
 21
-104.2593189999999908
 31
0
  0
LINE
  5
73F
330
1B
100
AcDbEntity
  8
B.Cu
  6
CONTINUOUS
100
AcDbLine
 10
170.9937309999999968
 20
-104.2593189999999908
 30
0
 11
170.9937180000000012
 21
-104.2593150000000009
 31
0
  0
LINE
  5
740
330
1B
100
AcDbEntity
  8
B.Cu
  6
CONTINUOUS
100
AcDbLine
 10
170.9937180000000012
 20
-104.2593150000000009
 30
0
 11
170.7721359999999891
 21
-104.199941999999993
 31
0
  0
LINE
  5
741
330
1B
100
AcDbEntity
  8
B.Cu
  6
CONTINUOUS
100
AcDbLine
 10
170.7721359999999891
 20
-104.199941999999993
 30
0
 11
170.5447020000000009
 21
-104.1700000000000017
 31
0
  0
LINE
  5
742
330
1B
100
AcDbEntity
  8
B.Cu
  6
CONTINUOUS
100
AcDbLine
 10
170.5447020000000009
 20
-104.1700000000000017
 30
0
 11
170.3152969999999868
 21
-104.1700000000000017
 31
0
  0
LINE
  5
743
330
1B
100
AcDbEntity
  8
B.Cu
  6
CONTINUOUS
100
AcDbLine
 10
170.3152969999999868
 20
-104.1700000000000017
 30
0
 11
170.0878659999999911
 21
-104.199941999999993
 31
0
  0
LINE
  5
744
330
1B
100
AcDbEntity
  8
B.Cu
  6
CONTINUOUS
100
AcDbLine
 10
183.2278660000000059
 20
-104.199941999999993
 30
0
 11
183.2278609999999901
 21
-104.199941999999993
 31
0
  0
LINE
  5
745
330
1B
100
AcDbEntity
  8
B.Cu
  6
CONTINUOUS
100
AcDbLine
 10
183.2278609999999901
 20
-104.199941999999993
 30
0
 11
183.0062810000000013
 21
-104.2593150000000009
 31
0
  0
LINE
  5
746
330
1B
100
AcDbEntity
  8
B.Cu
  6
CONTINUOUS
100
AcDbLine
 10
183.0062810000000013
 20
-104.2593150000000009
 30
0
 11
183.0062680000000057
 21
-104.2593189999999908
 31
0
  0
LINE
  5
747
330
1B
100
AcDbEntity
  8
B.Cu
  6
CONTINUOUS
100
AcDbLine
 10
183.0062680000000057
 20
-104.2593189999999908
 30
0
 11
182.7943410000000029
 21
-104.347100999999995
 31
0
  0
LINE
  5
748
330
1B
100
AcDbEntity
  8
B.Cu
  6
CONTINUOUS
100
AcDbLine
 10
182.7943410000000029
 20
-104.347100999999995
 30
0
 11
182.5956620000000044
 21
-104.4618079999999907
 31
0
  0
LINE
  5
749
330
1B
100
AcDbEntity
  8
B.Cu
  6
CONTINUOUS
100
AcDbLine
 10
182.5956620000000044
 20
-104.4618079999999907
 30
0
 11
182.4419149999999945
 21
-104.5797819999999945
 31
0
  0
LINE
  5
74A
330
1B
100
AcDbEntity
  8
B.Cu
  6
CONTINUOUS
100
AcDbLine
 10
182.4419149999999945
 20
-104.5797819999999945
 30
0
 11
182.6222939999999824
 21
-104.7601609999999965
 31
0
  0
LINE
  5
74B
330
1B
100
AcDbEntity
  8
B.Cu
  6
CONTINUOUS
100
AcDbLine
 10
182.6222939999999824
 20
-104.7601609999999965
 30
0
 11
182.7862519999999904
 21
-104.6410399999999896
 31
0
  0
LINE
  5
74C
330
1B
100
AcDbEntity
  8
B.Cu
  6
CONTINUOUS
100
AcDbLine
 10
182.7862519999999904
 20
-104.6410399999999896
 30
0
 11
182.9959749999999872
 21
-104.5341809999999896
 31
0
  0
LINE
  5
74D
330
1B
100
AcDbEntity
  8
B.Cu
  6
CONTINUOUS
100
AcDbLine
 10
182.9959749999999872
 20
-104.5341809999999896
 30
0
 11
183.2198319999999967
 21
-104.4614449999999977
 31
0
  0
LINE
  5
74E
330
1B
100
AcDbEntity
  8
B.Cu
  6
CONTINUOUS
100
AcDbLine
 10
183.2198319999999967
 20
-104.4614449999999977
 30
0
 11
183.4523109999999804
 21
-104.4246239999999943
 31
0
  0
LINE
  5
74F
330
1B
100
AcDbEntity
  8
B.Cu
  6
CONTINUOUS
100
AcDbLine
 10
183.4523109999999804
 20
-104.4246239999999943
 30
0
 11
183.6876889999999776
 21
-104.4246239999999943
 31
0
  0
LINE
  5
750
330
1B
100
AcDbEntity
  8
B.Cu
  6
CONTINUOUS
100
AcDbLine
 10
183.6876889999999776
 20
-104.4246239999999943
 30
0
 11
183.9201679999999897
 21
-104.4614449999999977
 31
0
  0
LINE
  5
751
330
1B
100
AcDbEntity
  8
B.Cu
  6
CONTINUOUS
100
AcDbLine
 10
183.9201679999999897
 20
-104.4614449999999977
 30
0
 11
184.1440249999999992
 21
-104.5341809999999896
 31
0
  0
LINE
  5
752
330
1B
100
AcDbEntity
  8
B.Cu
  6
CONTINUOUS
100
AcDbLine
 10
184.1440249999999992
 20
-104.5341809999999896
 30
0
 11
184.353747999999996
 21
-104.6410399999999896
 31
0
  0
LINE
  5
753
330
1B
100
AcDbEntity
  8
B.Cu
  6
CONTINUOUS
100
AcDbLine
 10
184.353747999999996
 20
-104.6410399999999896
 30
0
 11
184.5177039999999806
 21
-104.7601609999999965
 31
0
  0
LINE
  5
754
330
1B
100
AcDbEntity
  8
B.Cu
  6
CONTINUOUS
100
AcDbLine
 10
184.5177039999999806
 20
-104.7601609999999965
 30
0
 11
184.6980829999999969
 21
-104.5797829999999919
 31
0
  0
LINE
  5
755
330
1B
100
AcDbEntity
  8
B.Cu
  6
CONTINUOUS
100
AcDbLine
 10
184.6980829999999969
 20
-104.5797829999999919
 30
0
 11
184.5443319999999972
 21
-104.4618049999999982
 31
0
  0
LINE
  5
756
330
1B
100
AcDbEntity
  8
B.Cu
  6
CONTINUOUS
100
AcDbLine
 10
184.5443319999999972
 20
-104.4618049999999982
 30
0
 11
184.345657999999986
 21
-104.347100999999995
 31
0
  0
LINE
  5
757
330
1B
100
AcDbEntity
  8
B.Cu
  6
CONTINUOUS
100
AcDbLine
 10
184.345657999999986
 20
-104.347100999999995
 30
0
 11
184.1337309999999832
 21
-104.2593189999999908
 31
0
  0
LINE
  5
758
330
1B
100
AcDbEntity
  8
B.Cu
  6
CONTINUOUS
100
AcDbLine
 10
184.1337309999999832
 20
-104.2593189999999908
 30
0
 11
184.1337179999999876
 21
-104.2593150000000009
 31
0
  0
LINE
  5
759
330
1B
100
AcDbEntity
  8
B.Cu
  6
CONTINUOUS
100
AcDbLine
 10
184.1337179999999876
 20
-104.2593150000000009
 30
0
 11
183.9121360000000038
 21
-104.199941999999993
 31
0
  0
LINE
  5
75A
330
1B
100
AcDbEntity
  8
B.Cu
  6
CONTINUOUS
100
AcDbLine
 10
183.9121360000000038
 20
-104.199941999999993
 30
0
 11
183.6847019999999873
 21
-104.1700000000000017
 31
0
  0
LINE
  5
75B
330
1B
100
AcDbEntity
  8
B.Cu
  6
CONTINUOUS
100
AcDbLine
 10
183.6847019999999873
 20
-104.1700000000000017
 30
0
 11
183.4552970000000016
 21
-104.1700000000000017
 31
0
  0
LINE
  5
75C
330
1B
100
AcDbEntity
  8
B.Cu
  6
CONTINUOUS
100
AcDbLine
 10
183.4552970000000016
 20
-104.1700000000000017
 30
0
 11
183.2278660000000059
 21
-104.199941999999993
 31
0
  0
LINE
  5
75D
330
1B
100
AcDbEntity
  8
B.Cu
  6
CONTINUOUS
100
AcDbLine
 10
169.6062000000000012
 20
-100.2703750000000014
 30
0
 11
169.556808999999987
 21
-100.2836089999999984
 31
0
  0
LINE
  5
75E
330
1B
100
AcDbEntity
  8
B.Cu
  6
CONTINUOUS
100
AcDbLine
 10
169.556808999999987
 20
-100.2836089999999984
 30
0
 11
169.4426899999999989
 21
-100.349496000000002
 31
0
  0
LINE
  5
75F
330
1B
100
AcDbEntity
  8
B.Cu
  6
CONTINUOUS
100
AcDbLine
 10
169.4426899999999989
 20
-100.349496000000002
 30
0
 11
169.3494959999999878
 21
-100.4426899999999989
 31
0
  0
LINE
  5
760
330
1B
100
AcDbEntity
  8
B.Cu
  6
CONTINUOUS
100
AcDbLine
 10
169.3494959999999878
 20
-100.4426899999999989
 30
0
 11
169.2836089999999842
 21
-100.5568090000000012
 31
0
  0
LINE
  5
761
330
1B
100
AcDbEntity
  8
B.Cu
  6
CONTINUOUS
100
AcDbLine
 10
169.2836089999999842
 20
-100.5568090000000012
 30
0
 11
169.2836079999999868
 21
-100.5568139999999886
 31
0
  0
LINE
  5
762
330
1B
100
AcDbEntity
  8
B.Cu
  6
CONTINUOUS
100
AcDbLine
 10
169.2836079999999868
 20
-100.5568139999999886
 30
0
 11
169.2494999999999834
 21
-100.6841079999999948
 31
0
  0
LINE
  5
763
330
1B
100
AcDbEntity
  8
B.Cu
  6
CONTINUOUS
100
AcDbLine
 10
169.2494999999999834
 20
-100.6841079999999948
 30
0
 11
169.2494999999999834
 21
-100.815891999999991
 31
0
  0
LINE
  5
764
330
1B
100
AcDbEntity
  8
B.Cu
  6
CONTINUOUS
100
AcDbLine
 10
169.2494999999999834
 20
-100.815891999999991
 30
0
 11
169.279578999999984
 21
-100.9281509999999997
 31
0
  0
LINE
  5
765
330
1B
100
AcDbEntity
  8
B.Cu
  6
CONTINUOUS
100
AcDbLine
 10
169.279578999999984
 20
-100.9281509999999997
 30
0
 11
169.2836089999999842
 21
-100.9431900000000013
 31
0
  0
LINE
  5
766
330
1B
100
AcDbEntity
  8
B.Cu
  6
CONTINUOUS
100
AcDbLine
 10
169.2836089999999842
 20
-100.9431900000000013
 30
0
 11
169.3494959999999878
 21
-101.0573089999999894
 31
0
  0
LINE
  5
767
330
1B
100
AcDbEntity
  8
B.Cu
  6
CONTINUOUS
100
AcDbLine
 10
169.3494959999999878
 20
-101.0573089999999894
 30
0
 11
169.3494979999999828
 21
-101.0573109999999986
 31
0
  0
LINE
  5
768
330
1B
100
AcDbEntity
  8
B.Cu
  6
CONTINUOUS
100
AcDbLine
 10
169.3494979999999828
 20
-101.0573109999999986
 30
0
 11
169.3495000000000061
 21
-101.057313999999991
 31
0
  0
LINE
  5
769
330
1B
100
AcDbEntity
  8
B.Cu
  6
CONTINUOUS
100
AcDbLine
 10
169.3495000000000061
 20
-101.057313999999991
 30
0
 11
169.4426859999999806
 21
-101.1504999999999939
 31
0
  0
LINE
  5
76A
330
1B
100
AcDbEntity
  8
B.Cu
  6
CONTINUOUS
100
AcDbLine
 10
169.4426859999999806
 20
-101.1504999999999939
 30
0
 11
169.442688000000004
 21
-101.1505009999999913
 31
0
  0
LINE
  5
76B
330
1B
100
AcDbEntity
  8
B.Cu
  6
CONTINUOUS
100
AcDbLine
 10
169.442688000000004
 20
-101.1505009999999913
 30
0
 11
169.4426899999999989
 21
-101.1505030000000005
 31
0
  0
LINE
  5
76C
330
1B
100
AcDbEntity
  8
B.Cu
  6
CONTINUOUS
100
AcDbLine
 10
169.4426899999999989
 20
-101.1505030000000005
 30
0
 11
169.5568099999999845
 21
-101.2163899999999899
 31
0
  0
LINE
  5
76D
330
1B
100
AcDbEntity
  8
B.Cu
  6
CONTINUOUS
100
AcDbLine
 10
169.5568099999999845
 20
-101.2163899999999899
 30
0
 11
169.5568079999999895
 21
-101.2163899999999899
 31
0
  0
LINE
  5
76E
330
1B
100
AcDbEntity
  8
B.Cu
  6
CONTINUOUS
100
AcDbLine
 10
169.5568079999999895
 20
-101.2163899999999899
 30
0
 11
169.5568119999999794
 21
-101.2163910000000016
 31
0
  0
LINE
  5
76F
330
1B
100
AcDbEntity
  8
B.Cu
  6
CONTINUOUS
100
AcDbLine
 10
169.5568119999999794
 20
-101.2163910000000016
 30
0
 11
169.5568140000000028
 21
-101.216391999999999
 31
0
  0
LINE
  5
770
330
1B
100
AcDbEntity
  8
B.Cu
  6
CONTINUOUS
100
AcDbLine
 10
169.5568140000000028
 20
-101.216391999999999
 30
0
 11
169.6841079999999806
 21
-101.2505000000000024
 31
0
  0
LINE
  5
771
330
1B
100
AcDbEntity
  8
B.Cu
  6
CONTINUOUS
100
AcDbLine
 10
169.6841079999999806
 20
-101.2505000000000024
 30
0
 11
169.684110000000004
 21
-101.2505000000000024
 31
0
  0
LINE
  5
772
330
1B
100
AcDbEntity
  8
B.Cu
  6
CONTINUOUS
100
AcDbLine
 10
169.684110000000004
 20
-101.2505000000000024
 30
0
 11
169.815889999999996
 21
-101.2505000000000024
 31
0
  0
LINE
  5
773
330
1B
100
AcDbEntity
  8
B.Cu
  6
CONTINUOUS
100
AcDbLine
 10
169.815889999999996
 20
-101.2505000000000024
 30
0
 11
169.815891999999991
 21
-101.2505000000000024
 31
0
  0
LINE
  5
774
330
1B
100
AcDbEntity
  8
B.Cu
  6
CONTINUOUS
100
AcDbLine
 10
169.815891999999991
 20
-101.2505000000000024
 30
0
 11
169.9431859999999972
 21
-101.216391999999999
 31
0
  0
LINE
  5
775
330
1B
100
AcDbEntity
  8
B.Cu
  6
CONTINUOUS
100
AcDbLine
 10
169.9431859999999972
 20
-101.216391999999999
 30
0
 11
169.9431879999999921
 21
-101.2163899999999899
 31
0
  0
LINE
  5
776
330
1B
100
AcDbEntity
  8
B.Cu
  6
CONTINUOUS
100
AcDbLine
 10
169.9431879999999921
 20
-101.2163899999999899
 30
0
 11
169.9431899999999871
 21
-101.2163899999999899
 31
0
  0
LINE
  5
777
330
1B
100
AcDbEntity
  8
B.Cu
  6
CONTINUOUS
100
AcDbLine
 10
169.9431899999999871
 20
-101.2163899999999899
 30
0
 11
170.0573090000000036
 21
-101.1505030000000005
 31
0
  0
LINE
  5
778
330
1B
100
AcDbEntity
  8
B.Cu
  6
CONTINUOUS
100
AcDbLine
 10
170.0573090000000036
 20
-101.1505030000000005
 30
0
 11
170.0573090000000036
 21
-101.1505019999999888
 31
0
  0
LINE
  5
779
330
1B
100
AcDbEntity
  8
B.Cu
  6
CONTINUOUS
100
AcDbLine
 10
170.0573090000000036
 20
-101.1505019999999888
 30
0
 11
170.057313999999991
 21
-101.1504999999999939
 31
0
  0
LINE
  5
77A
330
1B
100
AcDbEntity
  8
B.Cu
  6
CONTINUOUS
100
AcDbLine
 10
170.057313999999991
 20
-101.1504999999999939
 30
0
 11
170.1504999999999939
 21
-101.057313999999991
 31
0
  0
LINE
  5
77B
330
1B
100
AcDbEntity
  8
B.Cu
  6
CONTINUOUS
100
AcDbLine
 10
170.1504999999999939
 20
-101.057313999999991
 30
0
 11
170.2163919999999848
 21
-100.9431859999999972
 31
0
  0
LINE
  5
77C
330
1B
100
AcDbEntity
  8
B.Cu
  6
CONTINUOUS
100
AcDbLine
 10
170.2163919999999848
 20
-100.9431859999999972
 30
0
 11
170.2504999999999882
 21
-100.815891999999991
 31
0
  0
LINE
  5
77D
330
1B
100
AcDbEntity
  8
B.Cu
  6
CONTINUOUS
100
AcDbLine
 10
170.2504999999999882
 20
-100.815891999999991
 30
0
 11
170.2504999999999882
 21
-100.6841079999999948
 31
0
  0
LINE
  5
77E
330
1B
100
AcDbEntity
  8
B.Cu
  6
CONTINUOUS
100
AcDbLine
 10
170.2504999999999882
 20
-100.6841079999999948
 30
0
 11
170.2163919999999848
 21
-100.5568139999999886
 31
0
  0
LINE
  5
77F
330
1B
100
AcDbEntity
  8
B.Cu
  6
CONTINUOUS
100
AcDbLine
 10
170.2163919999999848
 20
-100.5568139999999886
 30
0
 11
170.2163899999999899
 21
-100.5568109999999962
 31
0
  0
LINE
  5
780
330
1B
100
AcDbEntity
  8
B.Cu
  6
CONTINUOUS
100
AcDbLine
 10
170.2163899999999899
 20
-100.5568109999999962
 30
0
 11
170.2163899999999899
 21
-100.5568090000000012
 31
0
  0
LINE
  5
781
330
1B
100
AcDbEntity
  8
B.Cu
  6
CONTINUOUS
100
AcDbLine
 10
170.2163899999999899
 20
-100.5568090000000012
 30
0
 11
170.1505029999999863
 21
-100.4426899999999989
 31
0
  0
LINE
  5
782
330
1B
100
AcDbEntity
  8
B.Cu
  6
CONTINUOUS
100
AcDbLine
 10
170.1505029999999863
 20
-100.4426899999999989
 30
0
 11
170.1505009999999913
 21
-100.4426879999999898
 31
0
  0
LINE
  5
783
330
1B
100
AcDbEntity
  8
B.Cu
  6
CONTINUOUS
100
AcDbLine
 10
170.1505009999999913
 20
-100.4426879999999898
 30
0
 11
170.1504999999999939
 21
-100.4426859999999948
 31
0
  0
LINE
  5
784
330
1B
100
AcDbEntity
  8
B.Cu
  6
CONTINUOUS
100
AcDbLine
 10
170.1504999999999939
 20
-100.4426859999999948
 30
0
 11
170.057313999999991
 21
-100.3494999999999919
 31
0
  0
LINE
  5
785
330
1B
100
AcDbEntity
  8
B.Cu
  6
CONTINUOUS
100
AcDbLine
 10
170.057313999999991
 20
-100.3494999999999919
 30
0
 11
170.0573109999999986
 21
-100.349497999999997
 31
0
  0
LINE
  5
786
330
1B
100
AcDbEntity
  8
B.Cu
  6
CONTINUOUS
100
AcDbLine
 10
170.0573109999999986
 20
-100.349497999999997
 30
0
 11
170.0573090000000036
 21
-100.349496000000002
 31
0
  0
LINE
  5
787
330
1B
100
AcDbEntity
  8
B.Cu
  6
CONTINUOUS
100
AcDbLine
 10
170.0573090000000036
 20
-100.349496000000002
 30
0
 11
169.9431889999999896
 21
-100.2836089999999984
 31
0
  0
LINE
  5
788
330
1B
100
AcDbEntity
  8
B.Cu
  6
CONTINUOUS
100
AcDbLine
 10
169.9431889999999896
 20
-100.2836089999999984
 30
0
 11
169.9431909999999846
 21
-100.2836089999999984
 31
0
  0
LINE
  5
789
330
1B
100
AcDbEntity
  8
B.Cu
  6
CONTINUOUS
100
AcDbLine
 10
169.9431909999999846
 20
-100.2836089999999984
 30
0
 11
169.8937990000000013
 21
-100.2703750000000014
 31
0
  0
LINE
  5
78A
330
1B
100
AcDbEntity
  8
B.Cu
  6
CONTINUOUS
100
AcDbLine
 10
169.8937990000000013
 20
-100.2703750000000014
 30
0
 11
169.815891999999991
 21
-100.2494999999999976
 31
0
  0
LINE
  5
78B
330
1B
100
AcDbEntity
  8
B.Cu
  6
CONTINUOUS
100
AcDbLine
 10
169.815891999999991
 20
-100.2494999999999976
 30
0
 11
169.6841079999999806
 21
-100.2494999999999976
 31
0
  0
LINE
  5
78C
330
1B
100
AcDbEntity
  8
B.Cu
  6
CONTINUOUS
100
AcDbLine
 10
169.6841079999999806
 20
-100.2494999999999976
 30
0
 11
169.6062000000000012
 21
-100.2703750000000014
 31
0
  0
LINE
  5
78D
330
1B
100
AcDbEntity
  8
B.Cu
  6
CONTINUOUS
100
AcDbLine
 10
139.3064779999999985
 20
-67.2880760000000038
 30
0
 11
139.2743559999999832
 21
-67.2966830000000016
 31
0
  0
LINE
  5
78E
330
1B
100
AcDbEntity
  8
B.Cu
  6
CONTINUOUS
100
AcDbLine
 10
139.2743559999999832
 20
-67.2966830000000016
 30
0
 11
139.2001419999999996
 21
-67.3395309999999938
 31
0
  0
LINE
  5
78F
330
1B
100
AcDbEntity
  8
B.Cu
  6
CONTINUOUS
100
AcDbLine
 10
139.2001419999999996
 20
-67.3395309999999938
 30
0
 11
131.5395309999999824
 21
-75.0001419999999968
 31
0
  0
LINE
  5
790
330
1B
100
AcDbEntity
  8
B.Cu
  6
CONTINUOUS
100
AcDbLine
 10
131.5395309999999824
 20
-75.0001419999999968
 30
0
 11
131.4966819999999927
 21
-75.0743599999999986
 31
0
  0
LINE
  5
791
330
1B
100
AcDbEntity
  8
B.Cu
  6
CONTINUOUS
100
AcDbLine
 10
131.4966819999999927
 20
-75.0743599999999986
 30
0
 11
131.4966809999999953
 21
-75.0743599999999986
 31
0
  0
LINE
  5
792
330
1B
100
AcDbEntity
  8
B.Cu
  6
CONTINUOUS
100
AcDbLine
 10
131.4966809999999953
 20
-75.0743599999999986
 30
0
 11
131.4966819999999927
 21
-75.0743609999999961
 31
0
  0
LINE
  5
793
330
1B
100
AcDbEntity
  8
B.Cu
  6
CONTINUOUS
100
AcDbLine
 10
131.4966819999999927
 20
-75.0743609999999961
 30
0
 11
131.4745000000000061
 21
-75.1571469999999948
 31
0
  0
LINE
  5
794
330
1B
100
AcDbEntity
  8
B.Cu
  6
CONTINUOUS
100
AcDbLine
 10
131.4745000000000061
 20
-75.1571469999999948
 30
0
 11
131.4745000000000061
 21
-76.2766790000000015
 31
0
  0
LINE
  5
795
330
1B
100
AcDbEntity
  8
B.Cu
  6
CONTINUOUS
100
AcDbLine
 10
131.4745000000000061
 20
-76.2766790000000015
 30
0
 11
131.4555929999999933
 21
-76.3348699999999951
 31
0
  0
LINE
  5
796
330
1B
100
AcDbEntity
  8
B.Cu
  6
CONTINUOUS
100
AcDbLine
 10
131.4555929999999933
 20
-76.3348699999999951
 30
0
 11
131.4455039999999997
 21
-76.3466829999999987
 31
0
  0
LINE
  5
797
330
1B
100
AcDbEntity
  8
B.Cu
  6
CONTINUOUS
100
AcDbLine
 10
131.4455039999999997
 20
-76.3466829999999987
 30
0
 11
131.442688000000004
 21
-76.349497999999997
 31
0
  0
LINE
  5
798
330
1B
100
AcDbEntity
  8
B.Cu
  6
CONTINUOUS
100
AcDbLine
 10
131.442688000000004
 20
-76.349497999999997
 30
0
 11
131.4426859999999806
 21
-76.3494999999999919
 31
0
  0
LINE
  5
799
330
1B
100
AcDbEntity
  8
B.Cu
  6
CONTINUOUS
100
AcDbLine
 10
131.4426859999999806
 20
-76.3494999999999919
 30
0
 11
131.3744999999999834
 21
-76.4176860000000033
 31
0
  0
LINE
  5
79A
330
1B
100
AcDbEntity
  8
B.Cu
  6
CONTINUOUS
100
AcDbLine
 10
131.3744999999999834
 20
-76.4176860000000033
 30
0
 11
131.3494969999999853
 21
-76.4426890000000014
 31
0
  0
LINE
  5
79B
330
1B
100
AcDbEntity
  8
B.Cu
  6
CONTINUOUS
100
AcDbLine
 10
131.3494969999999853
 20
-76.4426890000000014
 30
0
 11
131.3494959999999878
 21
-76.4426899999999989
 31
0
  0
LINE
  5
79C
330
1B
100
AcDbEntity
  8
B.Cu
  6
CONTINUOUS
100
AcDbLine
 10
131.3494959999999878
 20
-76.4426899999999989
 30
0
 11
131.2836089999999842
 21
-76.5568090000000012
 31
0
  0
LINE
  5
79D
330
1B
100
AcDbEntity
  8
B.Cu
  6
CONTINUOUS
100
AcDbLine
 10
131.2836089999999842
 20
-76.5568090000000012
 30
0
 11
131.2836079999999868
 21
-76.5568140000000028
 31
0
  0
LINE
  5
79E
330
1B
100
AcDbEntity
  8
B.Cu
  6
CONTINUOUS
100
AcDbLine
 10
131.2836079999999868
 20
-76.5568140000000028
 30
0
 11
131.2494999999999834
 21
-76.6841079999999948
 31
0
  0
LINE
  5
79F
330
1B
100
AcDbEntity
  8
B.Cu
  6
CONTINUOUS
100
AcDbLine
 10
131.2494999999999834
 20
-76.6841079999999948
 30
0
 11
131.2494999999999834
 21
-76.815891999999991
 31
0
  0
LINE
  5
7A0
330
1B
100
AcDbEntity
  8
B.Cu
  6
CONTINUOUS
100
AcDbLine
 10
131.2494999999999834
 20
-76.815891999999991
 30
0
 11
131.279578999999984
 21
-76.9281509999999997
 31
0
  0
LINE
  5
7A1
330
1B
100
AcDbEntity
  8
B.Cu
  6
CONTINUOUS
100
AcDbLine
 10
131.279578999999984
 20
-76.9281509999999997
 30
0
 11
131.2836089999999842
 21
-76.9431900000000013
 31
0
  0
LINE
  5
7A2
330
1B
100
AcDbEntity
  8
B.Cu
  6
CONTINUOUS
100
AcDbLine
 10
131.2836089999999842
 20
-76.9431900000000013
 30
0
 11
131.3494959999999878
 21
-77.0573090000000036
 31
0
  0
LINE
  5
7A3
330
1B
100
AcDbEntity
  8
B.Cu
  6
CONTINUOUS
100
AcDbLine
 10
131.3494959999999878
 20
-77.0573090000000036
 30
0
 11
131.3494979999999828
 21
-77.0573109999999986
 31
0
  0
LINE
  5
7A4
330
1B
100
AcDbEntity
  8
B.Cu
  6
CONTINUOUS
100
AcDbLine
 10
131.3494979999999828
 20
-77.0573109999999986
 30
0
 11
131.3495000000000061
 21
-77.057313999999991
 31
0
  0
LINE
  5
7A5
330
1B
100
AcDbEntity
  8
B.Cu
  6
CONTINUOUS
100
AcDbLine
 10
131.3495000000000061
 20
-77.057313999999991
 30
0
 11
131.4426859999999806
 21
-77.1504999999999939
 31
0
  0
LINE
  5
7A6
330
1B
100
AcDbEntity
  8
B.Cu
  6
CONTINUOUS
100
AcDbLine
 10
131.4426859999999806
 20
-77.1504999999999939
 30
0
 11
131.442688000000004
 21
-77.1505009999999913
 31
0
  0
LINE
  5
7A7
330
1B
100
AcDbEntity
  8
B.Cu
  6
CONTINUOUS
100
AcDbLine
 10
131.442688000000004
 20
-77.1505009999999913
 30
0
 11
131.4426899999999989
 21
-77.1505030000000005
 31
0
  0
LINE
  5
7A8
330
1B
100
AcDbEntity
  8
B.Cu
  6
CONTINUOUS
100
AcDbLine
 10
131.4426899999999989
 20
-77.1505030000000005
 30
0
 11
131.5568099999999845
 21
-77.2163899999999899
 31
0
  0
LINE
  5
7A9
330
1B
100
AcDbEntity
  8
B.Cu
  6
CONTINUOUS
100
AcDbLine
 10
131.5568099999999845
 20
-77.2163899999999899
 30
0
 11
131.5568079999999895
 21
-77.2163899999999899
 31
0
  0
LINE
  5
7AA
330
1B
100
AcDbEntity
  8
B.Cu
  6
CONTINUOUS
100
AcDbLine
 10
131.5568079999999895
 20
-77.2163899999999899
 30
0
 11
131.5568120000000079
 21
-77.2163910000000016
 31
0
  0
LINE
  5
7AB
330
1B
100
AcDbEntity
  8
B.Cu
  6
CONTINUOUS
100
AcDbLine
 10
131.5568120000000079
 20
-77.2163910000000016
 30
0
 11
131.5568140000000028
 21
-77.216391999999999
 31
0
  0
LINE
  5
7AC
330
1B
100
AcDbEntity
  8
B.Cu
  6
CONTINUOUS
100
AcDbLine
 10
131.5568140000000028
 20
-77.216391999999999
 30
0
 11
131.6841079999999806
 21
-77.2505000000000024
 31
0
  0
LINE
  5
7AD
330
1B
100
AcDbEntity
  8
B.Cu
  6
CONTINUOUS
100
AcDbLine
 10
131.6841079999999806
 20
-77.2505000000000024
 30
0
 11
131.684110000000004
 21
-77.2505000000000024
 31
0
  0
LINE
  5
7AE
330
1B
100
AcDbEntity
  8
B.Cu
  6
CONTINUOUS
100
AcDbLine
 10
131.684110000000004
 20
-77.2505000000000024
 30
0
 11
131.815889999999996
 21
-77.2505000000000024
 31
0
  0
LINE
  5
7AF
330
1B
100
AcDbEntity
  8
B.Cu
  6
CONTINUOUS
100
AcDbLine
 10
131.815889999999996
 20
-77.2505000000000024
 30
0
 11
131.815891999999991
 21
-77.2505000000000024
 31
0
  0
LINE
  5
7B0
330
1B
100
AcDbEntity
  8
B.Cu
  6
CONTINUOUS
100
AcDbLine
 10
131.815891999999991
 20
-77.2505000000000024
 30
0
 11
131.9431859999999972
 21
-77.216391999999999
 31
0
  0
LINE
  5
7B1
330
1B
100
AcDbEntity
  8
B.Cu
  6
CONTINUOUS
100
AcDbLine
 10
131.9431859999999972
 20
-77.216391999999999
 30
0
 11
131.9431879999999921
 21
-77.2163899999999899
 31
0
  0
LINE
  5
7B2
330
1B
100
AcDbEntity
  8
B.Cu
  6
CONTINUOUS
100
AcDbLine
 10
131.9431879999999921
 20
-77.2163899999999899
 30
0
 11
131.9431899999999871
 21
-77.2163899999999899
 31
0
  0
LINE
  5
7B3
330
1B
100
AcDbEntity
  8
B.Cu
  6
CONTINUOUS
100
AcDbLine
 10
131.9431899999999871
 20
-77.2163899999999899
 30
0
 11
132.0573090000000036
 21
-77.1505030000000005
 31
0
  0
LINE
  5
7B4
330
1B
100
AcDbEntity
  8
B.Cu
  6
CONTINUOUS
100
AcDbLine
 10
132.0573090000000036
 20
-77.1505030000000005
 30
0
 11
132.0573090000000036
 21
-77.150502000000003
 31
0
  0
LINE
  5
7B5
330
1B
100
AcDbEntity
  8
B.Cu
  6
CONTINUOUS
100
AcDbLine
 10
132.0573090000000036
 20
-77.150502000000003
 30
0
 11
132.057313999999991
 21
-77.1504999999999939
 31
0
  0
LINE
  5
7B6
330
1B
100
AcDbEntity
  8
B.Cu
  6
CONTINUOUS
100
AcDbLine
 10
132.057313999999991
 20
-77.1504999999999939
 30
0
 11
132.1504999999999939
 21
-77.057313999999991
 31
0
  0
LINE
  5
7B7
330
1B
100
AcDbEntity
  8
B.Cu
  6
CONTINUOUS
100
AcDbLine
 10
132.1504999999999939
 20
-77.057313999999991
 30
0
 11
132.2163919999999848
 21
-76.9431859999999972
 31
0
  0
LINE
  5
7B8
330
1B
100
AcDbEntity
  8
B.Cu
  6
CONTINUOUS
100
AcDbLine
 10
132.2163919999999848
 20
-76.9431859999999972
 30
0
 11
132.2504999999999882
 21
-76.815891999999991
 31
0
  0
LINE
  5
7B9
330
1B
100
AcDbEntity
  8
B.Cu
  6
CONTINUOUS
100
AcDbLine
 10
132.2504999999999882
 20
-76.815891999999991
 30
0
 11
132.2504999999999882
 21
-76.6841079999999948
 31
0
  0
LINE
  5
7BA
330
1B
100
AcDbEntity
  8
B.Cu
  6
CONTINUOUS
100
AcDbLine
 10
132.2504999999999882
 20
-76.6841079999999948
 30
0
 11
132.2163919999999848
 21
-76.5568140000000028
 31
0
  0
LINE
  5
7BB
330
1B
100
AcDbEntity
  8
B.Cu
  6
CONTINUOUS
100
AcDbLine
 10
132.2163919999999848
 20
-76.5568140000000028
 30
0
 11
132.2163899999999899
 21
-76.5568109999999962
 31
0
  0
LINE
  5
7BC
330
1B
100
AcDbEntity
  8
B.Cu
  6
CONTINUOUS
100
AcDbLine
 10
132.2163899999999899
 20
-76.5568109999999962
 30
0
 11
132.2163899999999899
 21
-76.5568090000000012
 31
0
  0
LINE
  5
7BD
330
1B
100
AcDbEntity
  8
B.Cu
  6
CONTINUOUS
100
AcDbLine
 10
132.2163899999999899
 20
-76.5568090000000012
 30
0
 11
132.1505029999999863
 21
-76.4426899999999989
 31
0
  0
LINE
  5
7BE
330
1B
100
AcDbEntity
  8
B.Cu
  6
CONTINUOUS
100
AcDbLine
 10
132.1505029999999863
 20
-76.4426899999999989
 30
0
 11
132.1465509999999881
 21
-76.4375399999999985
 31
0
  0
LINE
  5
7BF
330
1B
100
AcDbEntity
  8
B.Cu
  6
CONTINUOUS
100
AcDbLine
 10
132.1465509999999881
 20
-76.4375399999999985
 30
0
 11
132.1489009999999951
 21
-76.435734999999994
 31
0
  0
LINE
  5
7C0
330
1B
100
AcDbEntity
  8
B.Cu
  6
CONTINUOUS
100
AcDbLine
 10
132.1489009999999951
 20
-76.435734999999994
 30
0
 11
132.1267059999999844
 21
-76.392082000000002
 31
0
  0
LINE
  5
7C1
330
1B
100
AcDbEntity
  8
B.Cu
  6
CONTINUOUS
100
AcDbLine
 10
132.1267059999999844
 20
-76.392082000000002
 30
0
 11
132.1254999999999882
 21
-76.3766779999999983
 31
0
  0
LINE
  5
7C2
330
1B
100
AcDbEntity
  8
B.Cu
  6
CONTINUOUS
100
AcDbLine
 10
132.1254999999999882
 20
-76.3766779999999983
 30
0
 11
132.1254999999999882
 21
-75.375834999999995
 31
0
  0
LINE
  5
7C3
330
1B
100
AcDbEntity
  8
B.Cu
  6
CONTINUOUS
100
AcDbLine
 10
132.1254999999999882
 20
-75.375834999999995
 30
0
 11
132.1444070000000011
 21
-75.3176440000000014
 31
0
  0
LINE
  5
7C4
330
1B
100
AcDbEntity
  8
B.Cu
  6
CONTINUOUS
100
AcDbLine
 10
132.1444070000000011
 20
-75.3176440000000014
 30
0
 11
132.1544959999999946
 21
-75.3058309999999977
 31
0
  0
LINE
  5
7C5
330
1B
100
AcDbEntity
  8
B.Cu
  6
CONTINUOUS
100
AcDbLine
 10
132.1544959999999946
 20
-75.3058309999999977
 30
0
 11
139.5058310000000006
 21
-67.9544959999999918
 31
0
  0
LINE
  5
7C6
330
1B
100
AcDbEntity
  8
B.Cu
  6
CONTINUOUS
100
AcDbLine
 10
139.5058310000000006
 20
-67.9544959999999918
 30
0
 11
139.5603480000000047
 21
-67.9267189999999914
 31
0
  0
LINE
  5
7C7
330
1B
100
AcDbEntity
  8
B.Cu
  6
CONTINUOUS
100
AcDbLine
 10
139.5603480000000047
 20
-67.9267189999999914
 30
0
 11
139.5758349999999837
 21
-67.9254999999999995
 31
0
  0
LINE
  5
7C8
330
1B
100
AcDbEntity
  8
B.Cu
  6
CONTINUOUS
100
AcDbLine
 10
139.5758349999999837
 20
-67.9254999999999995
 30
0
 11
140.8751660000000072
 21
-67.9254999999999995
 31
0
  0
LINE
  5
7C9
330
1B
100
AcDbEntity
  8
B.Cu
  6
CONTINUOUS
100
AcDbLine
 10
140.8751660000000072
 20
-67.9254999999999995
 30
0
 11
140.9333570000000009
 21
-67.9444069999999982
 31
0
  0
LINE
  5
7CA
330
1B
100
AcDbEntity
  8
B.Cu
  6
CONTINUOUS
100
AcDbLine
 10
140.9333570000000009
 20
-67.9444069999999982
 30
0
 11
140.9693209999999794
 21
-67.993906999999993
 31
0
  0
LINE
  5
7CB
330
1B
100
AcDbEntity
  8
B.Cu
  6
CONTINUOUS
100
AcDbLine
 10
140.9693209999999794
 20
-67.993906999999993
 30
0
 11
140.9693209999999794
 21
-68.0550929999999994
 31
0
  0
LINE
  5
7CC
330
1B
100
AcDbEntity
  8
B.Cu
  6
CONTINUOUS
100
AcDbLine
 10
140.9693209999999794
 20
-68.0550929999999994
 30
0
 11
140.9451709999999878
 21
-68.094500999999994
 31
0
  0
LINE
  5
7CD
330
1B
100
AcDbEntity
  8
B.Cu
  6
CONTINUOUS
100
AcDbLine
 10
140.9451709999999878
 20
-68.094500999999994
 30
0
 11
134.0395350000000008
 21
-75.0001379999999926
 31
0
  0
LINE
  5
7CE
330
1B
100
AcDbEntity
  8
B.Cu
  6
CONTINUOUS
100
AcDbLine
 10
134.0395350000000008
 20
-75.0001379999999926
 30
0
 11
132.8395319999999913
 21
-76.2001410000000021
 31
0
  0
LINE
  5
7CF
330
1B
100
AcDbEntity
  8
B.Cu
  6
CONTINUOUS
100
AcDbLine
 10
132.8395319999999913
 20
-76.2001410000000021
 30
0
 11
132.8395309999999938
 21
-76.2001419999999996
 31
0
  0
LINE
  5
7D0
330
1B
100
AcDbEntity
  8
B.Cu
  6
CONTINUOUS
100
AcDbLine
 10
132.8395309999999938
 20
-76.2001419999999996
 30
0
 11
132.7966839999999991
 21
-76.2743549999999999
 31
0
  0
LINE
  5
7D1
330
1B
100
AcDbEntity
  8
B.Cu
  6
CONTINUOUS
100
AcDbLine
 10
132.7966839999999991
 20
-76.2743549999999999
 30
0
 11
132.7966820000000041
 21
-76.2743589999999898
 31
0
  0
LINE
  5
7D2
330
1B
100
AcDbEntity
  8
B.Cu
  6
CONTINUOUS
100
AcDbLine
 10
132.7966820000000041
 20
-76.2743589999999898
 30
0
 11
132.7966820000000041
 21
-76.274360999999999
 31
0
  0
LINE
  5
7D3
330
1B
100
AcDbEntity
  8
B.Cu
  6
CONTINUOUS
100
AcDbLine
 10
132.7966820000000041
 20
-76.274360999999999
 30
0
 11
132.7942040000000077
 21
-76.2836089999999984
 31
0
  0
LINE
  5
7D4
330
1B
100
AcDbEntity
  8
B.Cu
  6
CONTINUOUS
100
AcDbLine
 10
132.7942040000000077
 20
-76.2836089999999984
 30
0
 11
132.7765489999999886
 21
-76.349496000000002
 31
0
  0
LINE
  5
7D5
330
1B
100
AcDbEntity
  8
B.Cu
  6
CONTINUOUS
100
AcDbLine
 10
132.7765489999999886
 20
-76.349496000000002
 30
0
 11
132.7765489999999886
 21
-76.3494999999999919
 31
0
  0
LINE
  5
7D6
330
1B
100
AcDbEntity
  8
B.Cu
  6
CONTINUOUS
100
AcDbLine
 10
132.7765489999999886
 20
-76.3494999999999919
 30
0
 11
132.7744999999999891
 21
-76.3571469999999977
 31
0
  0
LINE
  5
7D7
330
1B
100
AcDbEntity
  8
B.Cu
  6
CONTINUOUS
100
AcDbLine
 10
132.7744999999999891
 20
-76.3571469999999977
 30
0
 11
132.7744999999999891
 21
-95.957146999999992
 31
0
  0
LINE
  5
7D8
330
1B
100
AcDbEntity
  8
B.Cu
  6
CONTINUOUS
100
AcDbLine
 10
132.7744999999999891
 20
-95.957146999999992
 30
0
 11
132.7744999999999891
 21
-96.0428529999999938
 31
0
  0
LINE
  5
7D9
330
1B
100
AcDbEntity
  8
B.Cu
  6
CONTINUOUS
100
AcDbLine
 10
132.7744999999999891
 20
-96.0428529999999938
 30
0
 11
132.7914319999999861
 21
-96.1060459999999921
 31
0
  0
LINE
  5
7DA
330
1B
100
AcDbEntity
  8
B.Cu
  6
CONTINUOUS
100
AcDbLine
 10
132.7914319999999861
 20
-96.1060459999999921
 30
0
 11
132.7966830000000016
 21
-96.1256429999999966
 31
0
  0
LINE
  5
7DB
330
1B
100
AcDbEntity
  8
B.Cu
  6
CONTINUOUS
100
AcDbLine
 10
132.7966830000000016
 20
-96.1256429999999966
 30
0
 11
132.8395309999999938
 21
-96.1998569999999944
 31
0
  0
LINE
  5
7DC
330
1B
100
AcDbEntity
  8
B.Cu
  6
CONTINUOUS
100
AcDbLine
 10
132.8395309999999938
 20
-96.1998569999999944
 30
0
 11
132.8395349999999837
 21
-96.199861999999996
 31
0
  0
LINE
  5
7DD
330
1B
100
AcDbEntity
  8
B.Cu
  6
CONTINUOUS
100
AcDbLine
 10
132.8395349999999837
 20
-96.199861999999996
 30
0
 11
133.2247799999999813
 21
-96.5851059999999961
 31
0
  0
LINE
  5
7DE
330
1B
100
AcDbEntity
  8
B.Cu
  6
CONTINUOUS
100
AcDbLine
 10
133.2247799999999813
 20
-96.5851059999999961
 30
0
 11
133.2525579999999934
 21
-96.6396230000000003
 31
0
  0
LINE
  5
7DF
330
1B
100
AcDbEntity
  8
B.Cu
  6
CONTINUOUS
100
AcDbLine
 10
133.2525579999999934
 20
-96.6396230000000003
 30
0
 11
133.2504059999999981
 21
-96.6807230000000004
 31
0
  0
LINE
  5
7E0
330
1B
100
AcDbEntity
  8
B.Cu
  6
CONTINUOUS
100
AcDbLine
 10
133.2504059999999981
 20
-96.6807230000000004
 30
0
 11
133.2495009999999809
 21
-96.6841009999999983
 31
0
  0
LINE
  5
7E1
330
1B
100
AcDbEntity
  8
B.Cu
  6
CONTINUOUS
100
AcDbLine
 10
133.2495009999999809
 20
-96.6841009999999983
 30
0
 11
133.2494999999999834
 21
-96.6841059999999999
 31
0
  0
LINE
  5
7E2
330
1B
100
AcDbEntity
  8
B.Cu
  6
CONTINUOUS
100
AcDbLine
 10
133.2494999999999834
 20
-96.6841059999999999
 30
0
 11
133.2494999999999834
 21
-96.6841079999999948
 31
0
  0
LINE
  5
7E3
330
1B
100
AcDbEntity
  8
B.Cu
  6
CONTINUOUS
100
AcDbLine
 10
133.2494999999999834
 20
-96.6841079999999948
 30
0
 11
133.2494999999999834
 21
-96.815891999999991
 31
0
  0
LINE
  5
7E4
330
1B
100
AcDbEntity
  8
B.Cu
  6
CONTINUOUS
100
AcDbLine
 10
133.2494999999999834
 20
-96.815891999999991
 30
0
 11
133.2716769999999826
 21
-96.898658999999995
 31
0
  0
LINE
  5
7E5
330
1B
100
AcDbEntity
  8
B.Cu
  6
CONTINUOUS
100
AcDbLine
 10
133.2716769999999826
 20
-96.898658999999995
 30
0
 11
133.2836089999999842
 21
-96.9431900000000013
 31
0
  0
LINE
  5
7E6
330
1B
100
AcDbEntity
  8
B.Cu
  6
CONTINUOUS
100
AcDbLine
 10
133.2836089999999842
 20
-96.9431900000000013
 30
0
 11
133.3494959999999878
 21
-97.0573089999999894
 31
0
  0
LINE
  5
7E7
330
1B
100
AcDbEntity
  8
B.Cu
  6
CONTINUOUS
100
AcDbLine
 10
133.3494959999999878
 20
-97.0573089999999894
 30
0
 11
133.3494979999999828
 21
-97.0573109999999986
 31
0
  0
LINE
  5
7E8
330
1B
100
AcDbEntity
  8
B.Cu
  6
CONTINUOUS
100
AcDbLine
 10
133.3494979999999828
 20
-97.0573109999999986
 30
0
 11
133.3495000000000061
 21
-97.057313999999991
 31
0
  0
LINE
  5
7E9
330
1B
100
AcDbEntity
  8
B.Cu
  6
CONTINUOUS
100
AcDbLine
 10
133.3495000000000061
 20
-97.057313999999991
 30
0
 11
133.4426859999999806
 21
-97.1504999999999939
 31
0
  0
LINE
  5
7EA
330
1B
100
AcDbEntity
  8
B.Cu
  6
CONTINUOUS
100
AcDbLine
 10
133.4426859999999806
 20
-97.1504999999999939
 30
0
 11
133.442688000000004
 21
-97.1505009999999913
 31
0
  0
LINE
  5
7EB
330
1B
100
AcDbEntity
  8
B.Cu
  6
CONTINUOUS
100
AcDbLine
 10
133.442688000000004
 20
-97.1505009999999913
 30
0
 11
133.4426899999999989
 21
-97.1505030000000005
 31
0
  0
LINE
  5
7EC
330
1B
100
AcDbEntity
  8
B.Cu
  6
CONTINUOUS
100
AcDbLine
 10
133.4426899999999989
 20
-97.1505030000000005
 30
0
 11
133.5568099999999845
 21
-97.2163899999999899
 31
0
  0
LINE
  5
7ED
330
1B
100
AcDbEntity
  8
B.Cu
  6
CONTINUOUS
100
AcDbLine
 10
133.5568099999999845
 20
-97.2163899999999899
 30
0
 11
133.5568079999999895
 21
-97.2163899999999899
 31
0
  0
LINE
  5
7EE
330
1B
100
AcDbEntity
  8
B.Cu
  6
CONTINUOUS
100
AcDbLine
 10
133.5568079999999895
 20
-97.2163899999999899
 30
0
 11
133.5568120000000079
 21
-97.2163910000000016
 31
0
  0
LINE
  5
7EF
330
1B
100
AcDbEntity
  8
B.Cu
  6
CONTINUOUS
100
AcDbLine
 10
133.5568120000000079
 20
-97.2163910000000016
 30
0
 11
133.5568140000000028
 21
-97.216391999999999
 31
0
  0
LINE
  5
7F0
330
1B
100
AcDbEntity
  8
B.Cu
  6
CONTINUOUS
100
AcDbLine
 10
133.5568140000000028
 20
-97.216391999999999
 30
0
 11
133.6841079999999806
 21
-97.2505000000000024
 31
0
  0
LINE
  5
7F1
330
1B
100
AcDbEntity
  8
B.Cu
  6
CONTINUOUS
100
AcDbLine
 10
133.6841079999999806
 20
-97.2505000000000024
 30
0
 11
133.684110000000004
 21
-97.2505000000000024
 31
0
  0
LINE
  5
7F2
330
1B
100
AcDbEntity
  8
B.Cu
  6
CONTINUOUS
100
AcDbLine
 10
133.684110000000004
 20
-97.2505000000000024
 30
0
 11
133.815889999999996
 21
-97.2505000000000024
 31
0
  0
LINE
  5
7F3
330
1B
100
AcDbEntity
  8
B.Cu
  6
CONTINUOUS
100
AcDbLine
 10
133.815889999999996
 20
-97.2505000000000024
 30
0
 11
133.815891999999991
 21
-97.2505000000000024
 31
0
  0
LINE
  5
7F4
330
1B
100
AcDbEntity
  8
B.Cu
  6
CONTINUOUS
100
AcDbLine
 10
133.815891999999991
 20
-97.2505000000000024
 30
0
 11
133.9431859999999972
 21
-97.216391999999999
 31
0
  0
LINE
  5
7F5
330
1B
100
AcDbEntity
  8
B.Cu
  6
CONTINUOUS
100
AcDbLine
 10
133.9431859999999972
 20
-97.216391999999999
 30
0
 11
133.9431879999999921
 21
-97.2163899999999899
 31
0
  0
LINE
  5
7F6
330
1B
100
AcDbEntity
  8
B.Cu
  6
CONTINUOUS
100
AcDbLine
 10
133.9431879999999921
 20
-97.2163899999999899
 30
0
 11
133.9431899999999871
 21
-97.2163899999999899
 31
0
  0
LINE
  5
7F7
330
1B
100
AcDbEntity
  8
B.Cu
  6
CONTINUOUS
100
AcDbLine
 10
133.9431899999999871
 20
-97.2163899999999899
 30
0
 11
134.0573090000000036
 21
-97.1505030000000005
 31
0
  0
LINE
  5
7F8
330
1B
100
AcDbEntity
  8
B.Cu
  6
CONTINUOUS
100
AcDbLine
 10
134.0573090000000036
 20
-97.1505030000000005
 30
0
 11
134.0573090000000036
 21
-97.1505019999999888
 31
0
  0
LINE
  5
7F9
330
1B
100
AcDbEntity
  8
B.Cu
  6
CONTINUOUS
100
AcDbLine
 10
134.0573090000000036
 20
-97.1505019999999888
 30
0
 11
134.057313999999991
 21
-97.1504999999999939
 31
0
  0
LINE
  5
7FA
330
1B
100
AcDbEntity
  8
B.Cu
  6
CONTINUOUS
100
AcDbLine
 10
134.057313999999991
 20
-97.1504999999999939
 30
0
 11
134.1504999999999939
 21
-97.057313999999991
 31
0
  0
LINE
  5
7FB
330
1B
100
AcDbEntity
  8
B.Cu
  6
CONTINUOUS
100
AcDbLine
 10
134.1504999999999939
 20
-97.057313999999991
 30
0
 11
134.1552059999999926
 21
-97.049162999999993
 31
0
  0
LINE
  5
7FC
330
1B
100
AcDbEntity
  8
B.Cu
  6
CONTINUOUS
100
AcDbLine
 10
134.1552059999999926
 20
-97.049162999999993
 30
0
 11
134.2163899999999899
 21
-96.9431900000000013
 31
0
  0
LINE
  5
7FD
330
1B
100
AcDbEntity
  8
B.Cu
  6
CONTINUOUS
100
AcDbLine
 10
134.2163899999999899
 20
-96.9431900000000013
 30
0
 11
134.2163899999999899
 21
-96.9431879999999921
 31
0
  0
LINE
  5
7FE
330
1B
100
AcDbEntity
  8
B.Cu
  6
CONTINUOUS
100
AcDbLine
 10
134.2163899999999899
 20
-96.9431879999999921
 30
0
 11
134.2163919999999848
 21
-96.9431859999999972
 31
0
  0
LINE
  5
7FF
330
1B
100
AcDbEntity
  8
B.Cu
  6
CONTINUOUS
100
AcDbLine
 10
134.2163919999999848
 20
-96.9431859999999972
 30
0
 11
134.2504999999999882
 21
-96.815891999999991
 31
0
  0
LINE
  5
800
330
1B
100
AcDbEntity
  8
B.Cu
  6
CONTINUOUS
100
AcDbLine
 10
134.2504999999999882
 20
-96.815891999999991
 30
0
 11
134.2504999999999882
 21
-96.6841079999999948
 31
0
  0
LINE
  5
801
330
1B
100
AcDbEntity
  8
B.Cu
  6
CONTINUOUS
100
AcDbLine
 10
134.2504999999999882
 20
-96.6841079999999948
 30
0
 11
134.2163919999999848
 21
-96.5568139999999886
 31
0
  0
LINE
  5
802
330
1B
100
AcDbEntity
  8
B.Cu
  6
CONTINUOUS
100
AcDbLine
 10
134.2163919999999848
 20
-96.5568139999999886
 30
0
 11
134.2163899999999899
 21
-96.5568099999999987
 31
0
  0
LINE
  5
803
330
1B
100
AcDbEntity
  8
B.Cu
  6
CONTINUOUS
100
AcDbLine
 10
134.2163899999999899
 20
-96.5568099999999987
 30
0
 11
134.2163899999999899
 21
-96.5568090000000012
 31
0
  0
LINE
  5
804
330
1B
100
AcDbEntity
  8
B.Cu
  6
CONTINUOUS
100
AcDbLine
 10
134.2163899999999899
 20
-96.5568090000000012
 30
0
 11
134.1505029999999863
 21
-96.4426899999999989
 31
0
  0
LINE
  5
805
330
1B
100
AcDbEntity
  8
B.Cu
  6
CONTINUOUS
100
AcDbLine
 10
134.1505029999999863
 20
-96.4426899999999989
 30
0
 11
134.1505009999999913
 21
-96.4426879999999898
 31
0
  0
LINE
  5
806
330
1B
100
AcDbEntity
  8
B.Cu
  6
CONTINUOUS
100
AcDbLine
 10
134.1505009999999913
 20
-96.4426879999999898
 30
0
 11
134.1504999999999939
 21
-96.4426859999999948
 31
0
  0
LINE
  5
807
330
1B
100
AcDbEntity
  8
B.Cu
  6
CONTINUOUS
100
AcDbLine
 10
134.1504999999999939
 20
-96.4426859999999948
 30
0
 11
134.057313999999991
 21
-96.3494999999999919
 31
0
  0
LINE
  5
808
330
1B
100
AcDbEntity
  8
B.Cu
  6
CONTINUOUS
100
AcDbLine
 10
134.057313999999991
 20
-96.3494999999999919
 30
0
 11
134.0573109999999986
 21
-96.349497999999997
 31
0
  0
LINE
  5
809
330
1B
100
AcDbEntity
  8
B.Cu
  6
CONTINUOUS
100
AcDbLine
 10
134.0573109999999986
 20
-96.349497999999997
 30
0
 11
134.0573090000000036
 21
-96.349496000000002
 31
0
  0
LINE
  5
80A
330
1B
100
AcDbEntity
  8
B.Cu
  6
CONTINUOUS
100
AcDbLine
 10
134.0573090000000036
 20
-96.349496000000002
 30
0
 11
133.9431889999999896
 21
-96.2836089999999984
 31
0
  0
LINE
  5
80B
330
1B
100
AcDbEntity
  8
B.Cu
  6
CONTINUOUS
100
AcDbLine
 10
133.9431889999999896
 20
-96.2836089999999984
 30
0
 11
133.9431899999999871
 21
-96.2836089999999984
 31
0
  0
LINE
  5
80C
330
1B
100
AcDbEntity
  8
B.Cu
  6
CONTINUOUS
100
AcDbLine
 10
133.9431899999999871
 20
-96.2836089999999984
 30
0
 11
133.8332309999999836
 21
-96.2541459999999915
 31
0
  0
LINE
  5
80D
330
1B
100
AcDbEntity
  8
B.Cu
  6
CONTINUOUS
100
AcDbLine
 10
133.8332309999999836
 20
-96.2541459999999915
 30
0
 11
133.7888499999999965
 21
-96.2285229999999956
 31
0
  0
LINE
  5
80E
330
1B
100
AcDbEntity
  8
B.Cu
  6
CONTINUOUS
100
AcDbLine
 10
133.7888499999999965
 20
-96.2285229999999956
 30
0
 11
133.454496000000006
 21
-95.8941689999999909
 31
0
  0
LINE
  5
80F
330
1B
100
AcDbEntity
  8
B.Cu
  6
CONTINUOUS
100
AcDbLine
 10
133.454496000000006
 20
-95.8941689999999909
 30
0
 11
133.4267189999999914
 21
-95.839652000000001
 31
0
  0
LINE
  5
810
330
1B
100
AcDbEntity
  8
B.Cu
  6
CONTINUOUS
100
AcDbLine
 10
133.4267189999999914
 20
-95.839652000000001
 30
0
 11
133.4254999999999995
 21
-95.8241649999999936
 31
0
  0
LINE
  5
811
330
1B
100
AcDbEntity
  8
B.Cu
  6
CONTINUOUS
100
AcDbLine
 10
133.4254999999999995
 20
-95.8241649999999936
 30
0
 11
133.4254999999999995
 21
-81.3101630000000029
 31
0
  0
LINE
  5
812
330
1B
100
AcDbEntity
  8
B.Cu
  6
CONTINUOUS
100
AcDbLine
 10
133.4254999999999995
 20
-81.3101630000000029
 30
0
 11
133.444406999999984
 21
-81.251971999999995
 31
0
  0
LINE
  5
813
330
1B
100
AcDbEntity
  8
B.Cu
  6
CONTINUOUS
100
AcDbLine
 10
133.444406999999984
 20
-81.251971999999995
 30
0
 11
133.4939070000000072
 21
-81.2160080000000022
 31
0
  0
LINE
  5
814
330
1B
100
AcDbEntity
  8
B.Cu
  6
CONTINUOUS
100
AcDbLine
 10
133.4939070000000072
 20
-81.2160080000000022
 30
0
 11
133.5501989999999921
 21
-81.2160080000000022
 31
0
  0
LINE
  5
815
330
1B
100
AcDbEntity
  8
B.Cu
  6
CONTINUOUS
100
AcDbLine
 10
133.5501989999999921
 20
-81.2160080000000022
 30
0
 11
133.5505459999999971
 21
-81.2147119999999916
 31
0
  0
LINE
  5
816
330
1B
100
AcDbEntity
  8
B.Cu
  6
CONTINUOUS
100
AcDbLine
 10
133.5505459999999971
 20
-81.2147119999999916
 30
0
 11
133.5568120000000079
 21
-81.2163910000000016
 31
0
  0
LINE
  5
817
330
1B
100
AcDbEntity
  8
B.Cu
  6
CONTINUOUS
100
AcDbLine
 10
133.5568120000000079
 20
-81.2163910000000016
 30
0
 11
133.5568140000000028
 21
-81.216391999999999
 31
0
  0
LINE
  5
818
330
1B
100
AcDbEntity
  8
B.Cu
  6
CONTINUOUS
100
AcDbLine
 10
133.5568140000000028
 20
-81.216391999999999
 30
0
 11
133.6841079999999806
 21
-81.2505000000000024
 31
0
  0
LINE
  5
819
330
1B
100
AcDbEntity
  8
B.Cu
  6
CONTINUOUS
100
AcDbLine
 10
133.6841079999999806
 20
-81.2505000000000024
 30
0
 11
133.684110000000004
 21
-81.2505000000000024
 31
0
  0
LINE
  5
81A
330
1B
100
AcDbEntity
  8
B.Cu
  6
CONTINUOUS
100
AcDbLine
 10
133.684110000000004
 20
-81.2505000000000024
 30
0
 11
133.815889999999996
 21
-81.2505000000000024
 31
0
  0
LINE
  5
81B
330
1B
100
AcDbEntity
  8
B.Cu
  6
CONTINUOUS
100
AcDbLine
 10
133.815889999999996
 20
-81.2505000000000024
 30
0
 11
133.815891999999991
 21
-81.2505000000000024
 31
0
  0
LINE
  5
81C
330
1B
100
AcDbEntity
  8
B.Cu
  6
CONTINUOUS
100
AcDbLine
 10
133.815891999999991
 20
-81.2505000000000024
 30
0
 11
133.8966059999999914
 21
-81.2288719999999955
 31
0
  0
LINE
  5
81D
330
1B
100
AcDbEntity
  8
B.Cu
  6
CONTINUOUS
100
AcDbLine
 10
133.8966059999999914
 20
-81.2288719999999955
 30
0
 11
133.9222279999999898
 21
-81.2254999999999967
 31
0
  0
LINE
  5
81E
330
1B
100
AcDbEntity
  8
B.Cu
  6
CONTINUOUS
100
AcDbLine
 10
133.9222279999999898
 20
-81.2254999999999967
 30
0
 11
143.8241649999999936
 21
-81.2254999999999967
 31
0
  0
LINE
  5
81F
330
1B
100
AcDbEntity
  8
B.Cu
  6
CONTINUOUS
100
AcDbLine
 10
143.8241649999999936
 20
-81.2254999999999967
 30
0
 11
143.8823559999999873
 21
-81.2444069999999954
 31
0
  0
LINE
  5
820
330
1B
100
AcDbEntity
  8
B.Cu
  6
CONTINUOUS
100
AcDbLine
 10
143.8823559999999873
 20
-81.2444069999999954
 30
0
 11
143.8941690000000051
 21
-81.2544960000000032
 31
0
  0
LINE
  5
821
330
1B
100
AcDbEntity
  8
B.Cu
  6
CONTINUOUS
100
AcDbLine
 10
143.8941690000000051
 20
-81.2544960000000032
 30
0
 11
161.2247809999999788
 21
-98.5851059999999961
 31
0
  0
LINE
  5
822
330
1B
100
AcDbEntity
  8
B.Cu
  6
CONTINUOUS
100
AcDbLine
 10
161.2247809999999788
 20
-98.5851059999999961
 30
0
 11
161.2525579999999934
 21
-98.6396230000000003
 31
0
  0
LINE
  5
823
330
1B
100
AcDbEntity
  8
B.Cu
  6
CONTINUOUS
100
AcDbLine
 10
161.2525579999999934
 20
-98.6396230000000003
 30
0
 11
161.2504059999999981
 21
-98.6807230000000004
 31
0
  0
LINE
  5
824
330
1B
100
AcDbEntity
  8
B.Cu
  6
CONTINUOUS
100
AcDbLine
 10
161.2504059999999981
 20
-98.6807230000000004
 30
0
 11
161.2495009999999809
 21
-98.6841009999999983
 31
0
  0
LINE
  5
825
330
1B
100
AcDbEntity
  8
B.Cu
  6
CONTINUOUS
100
AcDbLine
 10
161.2495009999999809
 20
-98.6841009999999983
 30
0
 11
161.2495009999999809
 21
-98.6841029999999932
 31
0
  0
LINE
  5
826
330
1B
100
AcDbEntity
  8
B.Cu
  6
CONTINUOUS
100
AcDbLine
 10
161.2495009999999809
 20
-98.6841029999999932
 30
0
 11
161.2494999999999834
 21
-98.6841079999999948
 31
0
  0
LINE
  5
827
330
1B
100
AcDbEntity
  8
B.Cu
  6
CONTINUOUS
100
AcDbLine
 10
161.2494999999999834
 20
-98.6841079999999948
 30
0
 11
161.2494999999999834
 21
-98.815891999999991
 31
0
  0
LINE
  5
828
330
1B
100
AcDbEntity
  8
B.Cu
  6
CONTINUOUS
100
AcDbLine
 10
161.2494999999999834
 20
-98.815891999999991
 30
0
 11
161.279578999999984
 21
-98.9281509999999997
 31
0
  0
LINE
  5
829
330
1B
100
AcDbEntity
  8
B.Cu
  6
CONTINUOUS
100
AcDbLine
 10
161.279578999999984
 20
-98.9281509999999997
 30
0
 11
161.2836089999999842
 21
-98.9431900000000013
 31
0
  0
LINE
  5
82A
330
1B
100
AcDbEntity
  8
B.Cu
  6
CONTINUOUS
100
AcDbLine
 10
161.2836089999999842
 20
-98.9431900000000013
 30
0
 11
161.3494959999999878
 21
-99.0573089999999894
 31
0
  0
LINE
  5
82B
330
1B
100
AcDbEntity
  8
B.Cu
  6
CONTINUOUS
100
AcDbLine
 10
161.3494959999999878
 20
-99.0573089999999894
 30
0
 11
161.3494979999999828
 21
-99.0573109999999986
 31
0
  0
LINE
  5
82C
330
1B
100
AcDbEntity
  8
B.Cu
  6
CONTINUOUS
100
AcDbLine
 10
161.3494979999999828
 20
-99.0573109999999986
 30
0
 11
161.3495000000000061
 21
-99.057313999999991
 31
0
  0
LINE
  5
82D
330
1B
100
AcDbEntity
  8
B.Cu
  6
CONTINUOUS
100
AcDbLine
 10
161.3495000000000061
 20
-99.057313999999991
 30
0
 11
161.4426859999999806
 21
-99.1504999999999939
 31
0
  0
LINE
  5
82E
330
1B
100
AcDbEntity
  8
B.Cu
  6
CONTINUOUS
100
AcDbLine
 10
161.4426859999999806
 20
-99.1504999999999939
 30
0
 11
161.442688000000004
 21
-99.1505009999999913
 31
0
  0
LINE
  5
82F
330
1B
100
AcDbEntity
  8
B.Cu
  6
CONTINUOUS
100
AcDbLine
 10
161.442688000000004
 20
-99.1505009999999913
 30
0
 11
161.4426899999999989
 21
-99.1505030000000005
 31
0
  0
LINE
  5
830
330
1B
100
AcDbEntity
  8
B.Cu
  6
CONTINUOUS
100
AcDbLine
 10
161.4426899999999989
 20
-99.1505030000000005
 30
0
 11
161.5568099999999845
 21
-99.2163899999999899
 31
0
  0
LINE
  5
831
330
1B
100
AcDbEntity
  8
B.Cu
  6
CONTINUOUS
100
AcDbLine
 10
161.5568099999999845
 20
-99.2163899999999899
 30
0
 11
161.5568079999999895
 21
-99.2163899999999899
 31
0
  0
LINE
  5
832
330
1B
100
AcDbEntity
  8
B.Cu
  6
CONTINUOUS
100
AcDbLine
 10
161.5568079999999895
 20
-99.2163899999999899
 30
0
 11
161.5568119999999794
 21
-99.2163910000000016
 31
0
  0
LINE
  5
833
330
1B
100
AcDbEntity
  8
B.Cu
  6
CONTINUOUS
100
AcDbLine
 10
161.5568119999999794
 20
-99.2163910000000016
 30
0
 11
161.5568140000000028
 21
-99.216391999999999
 31
0
  0
LINE
  5
834
330
1B
100
AcDbEntity
  8
B.Cu
  6
CONTINUOUS
100
AcDbLine
 10
161.5568140000000028
 20
-99.216391999999999
 30
0
 11
161.6841079999999806
 21
-99.2505000000000024
 31
0
  0
LINE
  5
835
330
1B
100
AcDbEntity
  8
B.Cu
  6
CONTINUOUS
100
AcDbLine
 10
161.6841079999999806
 20
-99.2505000000000024
 30
0
 11
161.684110000000004
 21
-99.2505000000000024
 31
0
  0
LINE
  5
836
330
1B
100
AcDbEntity
  8
B.Cu
  6
CONTINUOUS
100
AcDbLine
 10
161.684110000000004
 20
-99.2505000000000024
 30
0
 11
161.815889999999996
 21
-99.2505000000000024
 31
0
  0
LINE
  5
837
330
1B
100
AcDbEntity
  8
B.Cu
  6
CONTINUOUS
100
AcDbLine
 10
161.815889999999996
 20
-99.2505000000000024
 30
0
 11
161.815891999999991
 21
-99.2505000000000024
 31
0
  0
LINE
  5
838
330
1B
100
AcDbEntity
  8
B.Cu
  6
CONTINUOUS
100
AcDbLine
 10
161.815891999999991
 20
-99.2505000000000024
 30
0
 11
161.9431859999999972
 21
-99.216391999999999
 31
0
  0
LINE
  5
839
330
1B
100
AcDbEntity
  8
B.Cu
  6
CONTINUOUS
100
AcDbLine
 10
161.9431859999999972
 20
-99.216391999999999
 30
0
 11
161.9431879999999921
 21
-99.2163899999999899
 31
0
  0
LINE
  5
83A
330
1B
100
AcDbEntity
  8
B.Cu
  6
CONTINUOUS
100
AcDbLine
 10
161.9431879999999921
 20
-99.2163899999999899
 30
0
 11
161.9431899999999871
 21
-99.2163899999999899
 31
0
  0
LINE
  5
83B
330
1B
100
AcDbEntity
  8
B.Cu
  6
CONTINUOUS
100
AcDbLine
 10
161.9431899999999871
 20
-99.2163899999999899
 30
0
 11
162.0573090000000036
 21
-99.1505030000000005
 31
0
  0
LINE
  5
83C
330
1B
100
AcDbEntity
  8
B.Cu
  6
CONTINUOUS
100
AcDbLine
 10
162.0573090000000036
 20
-99.1505030000000005
 30
0
 11
162.0573090000000036
 21
-99.1505019999999888
 31
0
  0
LINE
  5
83D
330
1B
100
AcDbEntity
  8
B.Cu
  6
CONTINUOUS
100
AcDbLine
 10
162.0573090000000036
 20
-99.1505019999999888
 30
0
 11
162.057313999999991
 21
-99.1504999999999939
 31
0
  0
LINE
  5
83E
330
1B
100
AcDbEntity
  8
B.Cu
  6
CONTINUOUS
100
AcDbLine
 10
162.057313999999991
 20
-99.1504999999999939
 30
0
 11
162.1504999999999939
 21
-99.057313999999991
 31
0
  0
LINE
  5
83F
330
1B
100
AcDbEntity
  8
B.Cu
  6
CONTINUOUS
100
AcDbLine
 10
162.1504999999999939
 20
-99.057313999999991
 30
0
 11
162.2163919999999848
 21
-98.9431859999999972
 31
0
  0
LINE
  5
840
330
1B
100
AcDbEntity
  8
B.Cu
  6
CONTINUOUS
100
AcDbLine
 10
162.2163919999999848
 20
-98.9431859999999972
 30
0
 11
162.2504999999999882
 21
-98.815891999999991
 31
0
  0
LINE
  5
841
330
1B
100
AcDbEntity
  8
B.Cu
  6
CONTINUOUS
100
AcDbLine
 10
162.2504999999999882
 20
-98.815891999999991
 30
0
 11
162.2504999999999882
 21
-98.6841079999999948
 31
0
  0
LINE
  5
842
330
1B
100
AcDbEntity
  8
B.Cu
  6
CONTINUOUS
100
AcDbLine
 10
162.2504999999999882
 20
-98.6841079999999948
 30
0
 11
162.2163919999999848
 21
-98.5568139999999886
 31
0
  0
LINE
  5
843
330
1B
100
AcDbEntity
  8
B.Cu
  6
CONTINUOUS
100
AcDbLine
 10
162.2163919999999848
 20
-98.5568139999999886
 30
0
 11
162.2163899999999899
 21
-98.5568109999999962
 31
0
  0
LINE
  5
844
330
1B
100
AcDbEntity
  8
B.Cu
  6
CONTINUOUS
100
AcDbLine
 10
162.2163899999999899
 20
-98.5568109999999962
 30
0
 11
162.2163899999999899
 21
-98.5568090000000012
 31
0
  0
LINE
  5
845
330
1B
100
AcDbEntity
  8
B.Cu
  6
CONTINUOUS
100
AcDbLine
 10
162.2163899999999899
 20
-98.5568090000000012
 30
0
 11
162.1505029999999863
 21
-98.4426899999999989
 31
0
  0
LINE
  5
846
330
1B
100
AcDbEntity
  8
B.Cu
  6
CONTINUOUS
100
AcDbLine
 10
162.1505029999999863
 20
-98.4426899999999989
 30
0
 11
162.1505009999999913
 21
-98.4426879999999898
 31
0
  0
LINE
  5
847
330
1B
100
AcDbEntity
  8
B.Cu
  6
CONTINUOUS
100
AcDbLine
 10
162.1505009999999913
 20
-98.4426879999999898
 30
0
 11
162.1504999999999939
 21
-98.4426859999999948
 31
0
  0
LINE
  5
848
330
1B
100
AcDbEntity
  8
B.Cu
  6
CONTINUOUS
100
AcDbLine
 10
162.1504999999999939
 20
-98.4426859999999948
 30
0
 11
162.057313999999991
 21
-98.3494999999999919
 31
0
  0
LINE
  5
849
330
1B
100
AcDbEntity
  8
B.Cu
  6
CONTINUOUS
100
AcDbLine
 10
162.057313999999991
 20
-98.3494999999999919
 30
0
 11
162.0573109999999986
 21
-98.349497999999997
 31
0
  0
LINE
  5
84A
330
1B
100
AcDbEntity
  8
B.Cu
  6
CONTINUOUS
100
AcDbLine
 10
162.0573109999999986
 20
-98.349497999999997
 30
0
 11
162.0573090000000036
 21
-98.349496000000002
 31
0
  0
LINE
  5
84B
330
1B
100
AcDbEntity
  8
B.Cu
  6
CONTINUOUS
100
AcDbLine
 10
162.0573090000000036
 20
-98.349496000000002
 30
0
 11
161.9431889999999896
 21
-98.2836089999999984
 31
0
  0
LINE
  5
84C
330
1B
100
AcDbEntity
  8
B.Cu
  6
CONTINUOUS
100
AcDbLine
 10
161.9431889999999896
 20
-98.2836089999999984
 30
0
 11
161.9431899999999871
 21
-98.2836089999999984
 31
0
  0
LINE
  5
84D
330
1B
100
AcDbEntity
  8
B.Cu
  6
CONTINUOUS
100
AcDbLine
 10
161.9431899999999871
 20
-98.2836089999999984
 30
0
 11
161.8332309999999836
 21
-98.2541459999999915
 31
0
  0
LINE
  5
84E
330
1B
100
AcDbEntity
  8
B.Cu
  6
CONTINUOUS
100
AcDbLine
 10
161.8332309999999836
 20
-98.2541459999999915
 30
0
 11
161.7888499999999965
 21
-98.2285229999999956
 31
0
  0
LINE
  5
84F
330
1B
100
AcDbEntity
  8
B.Cu
  6
CONTINUOUS
100
AcDbLine
 10
161.7888499999999965
 20
-98.2285229999999956
 30
0
 11
160.2447839999999815
 21
-96.6844569999999948
 31
0
  0
LINE
  5
850
330
1B
100
AcDbEntity
  8
B.Cu
  6
CONTINUOUS
100
AcDbLine
 10
160.2447839999999815
 20
-96.6844569999999948
 30
0
 11
160.1812689999999861
 21
-96.6209419999999994
 31
0
  0
LINE
  5
851
330
1B
100
AcDbEntity
  8
B.Cu
  6
CONTINUOUS
100
AcDbLine
 10
160.1812689999999861
 20
-96.6209419999999994
 30
0
 11
152.2444349999999815
 21
-88.6841079999999948
 31
0
  0
LINE
  5
852
330
1B
100
AcDbEntity
  8
B.Cu
  6
CONTINUOUS
100
AcDbLine
 10
152.2444349999999815
 20
-88.6841079999999948
 30
0
 11
144.199861999999996
 21
-80.6395349999999951
 31
0
  0
LINE
  5
853
330
1B
100
AcDbEntity
  8
B.Cu
  6
CONTINUOUS
100
AcDbLine
 10
144.199861999999996
 20
-80.6395349999999951
 30
0
 11
144.1998590000000036
 21
-80.6395330000000001
 31
0
  0
LINE
  5
854
330
1B
100
AcDbEntity
  8
B.Cu
  6
CONTINUOUS
100
AcDbLine
 10
144.1998590000000036
 20
-80.6395330000000001
 30
0
 11
144.1998580000000061
 21
-80.6395320000000027
 31
0
  0
LINE
  5
855
330
1B
100
AcDbEntity
  8
B.Cu
  6
CONTINUOUS
100
AcDbLine
 10
144.1998580000000061
 20
-80.6395320000000027
 30
0
 11
144.1998569999999802
 21
-80.639530999999991
 31
0
  0
LINE
  5
856
330
1B
100
AcDbEntity
  8
B.Cu
  6
CONTINUOUS
100
AcDbLine
 10
144.1998569999999802
 20
-80.639530999999991
 30
0
 11
144.1256419999999991
 21
-80.5966829999999987
 31
0
  0
LINE
  5
857
330
1B
100
AcDbEntity
  8
B.Cu
  6
CONTINUOUS
100
AcDbLine
 10
144.1256419999999991
 20
-80.5966829999999987
 30
0
 11
144.1256439999999941
 21
-80.5966829999999987
 31
0
  0
LINE
  5
858
330
1B
100
AcDbEntity
  8
B.Cu
  6
CONTINUOUS
100
AcDbLine
 10
144.1256439999999941
 20
-80.5966829999999987
 30
0
 11
144.0935209999999813
 21
-80.5880760000000009
 31
0
  0
LINE
  5
859
330
1B
100
AcDbEntity
  8
B.Cu
  6
CONTINUOUS
100
AcDbLine
 10
144.0935209999999813
 20
-80.5880760000000009
 30
0
 11
144.0428529999999796
 21
-80.5745000000000005
 31
0
  0
LINE
  5
85A
330
1B
100
AcDbEntity
  8
B.Cu
  6
CONTINUOUS
100
AcDbLine
 10
144.0428529999999796
 20
-80.5745000000000005
 30
0
 11
144.0428509999999847
 21
-80.5745000000000005
 31
0
  0
LINE
  5
85B
330
1B
100
AcDbEntity
  8
B.Cu
  6
CONTINUOUS
100
AcDbLine
 10
144.0428509999999847
 20
-80.5745000000000005
 30
0
 11
134.2837609999999984
 21
-80.5745000000000005
 31
0
  0
LINE
  5
85C
330
1B
100
AcDbEntity
  8
B.Cu
  6
CONTINUOUS
100
AcDbLine
 10
134.2837609999999984
 20
-80.5745000000000005
 30
0
 11
134.2255700000000047
 21
-80.5555930000000018
 31
0
  0
LINE
  5
85D
330
1B
100
AcDbEntity
  8
B.Cu
  6
CONTINUOUS
100
AcDbLine
 10
134.2255700000000047
 20
-80.5555930000000018
 30
0
 11
134.1980250000000012
 21
-80.5249999999999915
 31
0
  0
LINE
  5
85E
330
1B
100
AcDbEntity
  8
B.Cu
  6
CONTINUOUS
100
AcDbLine
 10
134.1980250000000012
 20
-80.5249999999999915
 30
0
 11
134.1505029999999863
 21
-80.4426899999999989
 31
0
  0
LINE
  5
85F
330
1B
100
AcDbEntity
  8
B.Cu
  6
CONTINUOUS
100
AcDbLine
 10
134.1505029999999863
 20
-80.4426899999999989
 30
0
 11
134.1505009999999913
 21
-80.4426879999999898
 31
0
  0
LINE
  5
860
330
1B
100
AcDbEntity
  8
B.Cu
  6
CONTINUOUS
100
AcDbLine
 10
134.1505009999999913
 20
-80.4426879999999898
 30
0
 11
134.1504999999999939
 21
-80.4426859999999948
 31
0
  0
LINE
  5
861
330
1B
100
AcDbEntity
  8
B.Cu
  6
CONTINUOUS
100
AcDbLine
 10
134.1504999999999939
 20
-80.4426859999999948
 30
0
 11
134.057313999999991
 21
-80.3494999999999919
 31
0
  0
LINE
  5
862
330
1B
100
AcDbEntity
  8
B.Cu
  6
CONTINUOUS
100
AcDbLine
 10
134.057313999999991
 20
-80.3494999999999919
 30
0
 11
134.0573109999999986
 21
-80.349497999999997
 31
0
  0
LINE
  5
863
330
1B
100
AcDbEntity
  8
B.Cu
  6
CONTINUOUS
100
AcDbLine
 10
134.0573109999999986
 20
-80.349497999999997
 30
0
 11
134.0573090000000036
 21
-80.349496000000002
 31
0
  0
LINE
  5
864
330
1B
100
AcDbEntity
  8
B.Cu
  6
CONTINUOUS
100
AcDbLine
 10
134.0573090000000036
 20
-80.349496000000002
 30
0
 11
133.9431889999999896
 21
-80.2836089999999984
 31
0
  0
LINE
  5
865
330
1B
100
AcDbEntity
  8
B.Cu
  6
CONTINUOUS
100
AcDbLine
 10
133.9431889999999896
 20
-80.2836089999999984
 30
0
 11
133.9431909999999846
 21
-80.2836089999999984
 31
0
  0
LINE
  5
866
330
1B
100
AcDbEntity
  8
B.Cu
  6
CONTINUOUS
100
AcDbLine
 10
133.9431909999999846
 20
-80.2836089999999984
 30
0
 11
133.8937990000000013
 21
-80.2703750000000014
 31
0
  0
LINE
  5
867
330
1B
100
AcDbEntity
  8
B.Cu
  6
CONTINUOUS
100
AcDbLine
 10
133.8937990000000013
 20
-80.2703750000000014
 30
0
 11
133.815891999999991
 21
-80.2494999999999976
 31
0
  0
LINE
  5
868
330
1B
100
AcDbEntity
  8
B.Cu
  6
CONTINUOUS
100
AcDbLine
 10
133.815891999999991
 20
-80.2494999999999976
 30
0
 11
133.6841079999999806
 21
-80.2494999999999976
 31
0
  0
LINE
  5
869
330
1B
100
AcDbEntity
  8
B.Cu
  6
CONTINUOUS
100
AcDbLine
 10
133.6841079999999806
 20
-80.2494999999999976
 30
0
 11
133.5568140000000028
 21
-80.283608000000001
 31
0
  0
LINE
  5
86A
330
1B
100
AcDbEntity
  8
B.Cu
  6
CONTINUOUS
100
AcDbLine
 10
133.5568140000000028
 20
-80.283608000000001
 30
0
 11
133.5568120000000079
 21
-80.283608000000001
 31
0
  0
LINE
  5
86B
330
1B
100
AcDbEntity
  8
B.Cu
  6
CONTINUOUS
100
AcDbLine
 10
133.5568120000000079
 20
-80.283608000000001
 30
0
 11
133.5505459999999971
 21
-80.2852879999999942
 31
0
  0
LINE
  5
86C
330
1B
100
AcDbEntity
  8
B.Cu
  6
CONTINUOUS
100
AcDbLine
 10
133.5505459999999971
 20
-80.2852879999999942
 30
0
 11
133.549745999999999
 21
-80.2823020000000014
 31
0
  0
LINE
  5
86D
330
1B
100
AcDbEntity
  8
B.Cu
  6
CONTINUOUS
100
AcDbLine
 10
133.549745999999999
 20
-80.2823020000000014
 30
0
 11
133.5013480000000072
 21
-80.286090999999999
 31
0
  0
LINE
  5
86E
330
1B
100
AcDbEntity
  8
B.Cu
  6
CONTINUOUS
100
AcDbLine
 10
133.5013480000000072
 20
-80.286090999999999
 30
0
 11
133.4491919999999823
 21
-80.2540989999999965
 31
0
  0
LINE
  5
86F
330
1B
100
AcDbEntity
  8
B.Cu
  6
CONTINUOUS
100
AcDbLine
 10
133.4491919999999823
 20
-80.2540989999999965
 30
0
 11
133.4258020000000045
 21
-80.1975609999999932
 31
0
  0
LINE
  5
870
330
1B
100
AcDbEntity
  8
B.Cu
  6
CONTINUOUS
100
AcDbLine
 10
133.4258020000000045
 20
-80.1975609999999932
 30
0
 11
133.4254999999999995
 21
-80.1898359999999997
 31
0
  0
LINE
  5
871
330
1B
100
AcDbEntity
  8
B.Cu
  6
CONTINUOUS
100
AcDbLine
 10
133.4254999999999995
 20
-80.1898359999999997
 30
0
 11
133.4254999999999995
 21
-79.3101630000000029
 31
0
  0
LINE
  5
872
330
1B
100
AcDbEntity
  8
B.Cu
  6
CONTINUOUS
100
AcDbLine
 10
133.4254999999999995
 20
-79.3101630000000029
 30
0
 11
133.444406999999984
 21
-79.251971999999995
 31
0
  0
LINE
  5
873
330
1B
100
AcDbEntity
  8
B.Cu
  6
CONTINUOUS
100
AcDbLine
 10
133.444406999999984
 20
-79.251971999999995
 30
0
 11
133.4939070000000072
 21
-79.2160080000000022
 31
0
  0
LINE
  5
874
330
1B
100
AcDbEntity
  8
B.Cu
  6
CONTINUOUS
100
AcDbLine
 10
133.4939070000000072
 20
-79.2160080000000022
 30
0
 11
133.5501989999999921
 21
-79.2160080000000022
 31
0
  0
LINE
  5
875
330
1B
100
AcDbEntity
  8
B.Cu
  6
CONTINUOUS
100
AcDbLine
 10
133.5501989999999921
 20
-79.2160080000000022
 30
0
 11
133.5505459999999971
 21
-79.2147119999999916
 31
0
  0
LINE
  5
876
330
1B
100
AcDbEntity
  8
B.Cu
  6
CONTINUOUS
100
AcDbLine
 10
133.5505459999999971
 20
-79.2147119999999916
 30
0
 11
133.5568120000000079
 21
-79.2163910000000016
 31
0
  0
LINE
  5
877
330
1B
100
AcDbEntity
  8
B.Cu
  6
CONTINUOUS
100
AcDbLine
 10
133.5568120000000079
 20
-79.2163910000000016
 30
0
 11
133.5568140000000028
 21
-79.216391999999999
 31
0
  0
LINE
  5
878
330
1B
100
AcDbEntity
  8
B.Cu
  6
CONTINUOUS
100
AcDbLine
 10
133.5568140000000028
 20
-79.216391999999999
 30
0
 11
133.6841079999999806
 21
-79.2505000000000024
 31
0
  0
LINE
  5
879
330
1B
100
AcDbEntity
  8
B.Cu
  6
CONTINUOUS
100
AcDbLine
 10
133.6841079999999806
 20
-79.2505000000000024
 30
0
 11
133.684110000000004
 21
-79.2505000000000024
 31
0
  0
LINE
  5
87A
330
1B
100
AcDbEntity
  8
B.Cu
  6
CONTINUOUS
100
AcDbLine
 10
133.684110000000004
 20
-79.2505000000000024
 30
0
 11
133.815889999999996
 21
-79.2505000000000024
 31
0
  0
LINE
  5
87B
330
1B
100
AcDbEntity
  8
B.Cu
  6
CONTINUOUS
100
AcDbLine
 10
133.815889999999996
 20
-79.2505000000000024
 30
0
 11
133.815891999999991
 21
-79.2505000000000024
 31
0
  0
LINE
  5
87C
330
1B
100
AcDbEntity
  8
B.Cu
  6
CONTINUOUS
100
AcDbLine
 10
133.815891999999991
 20
-79.2505000000000024
 30
0
 11
133.9431859999999972
 21
-79.216391999999999
 31
0
  0
LINE
  5
87D
330
1B
100
AcDbEntity
  8
B.Cu
  6
CONTINUOUS
100
AcDbLine
 10
133.9431859999999972
 20
-79.216391999999999
 30
0
 11
133.9431879999999921
 21
-79.2163899999999899
 31
0
  0
LINE
  5
87E
330
1B
100
AcDbEntity
  8
B.Cu
  6
CONTINUOUS
100
AcDbLine
 10
133.9431879999999921
 20
-79.2163899999999899
 30
0
 11
133.9431899999999871
 21
-79.2163899999999899
 31
0
  0
LINE
  5
87F
330
1B
100
AcDbEntity
  8
B.Cu
  6
CONTINUOUS
100
AcDbLine
 10
133.9431899999999871
 20
-79.2163899999999899
 30
0
 11
134.0573090000000036
 21
-79.1505030000000005
 31
0
  0
LINE
  5
880
330
1B
100
AcDbEntity
  8
B.Cu
  6
CONTINUOUS
100
AcDbLine
 10
134.0573090000000036
 20
-79.1505030000000005
 30
0
 11
134.0573090000000036
 21
-79.150502000000003
 31
0
  0
LINE
  5
881
330
1B
100
AcDbEntity
  8
B.Cu
  6
CONTINUOUS
100
AcDbLine
 10
134.0573090000000036
 20
-79.150502000000003
 30
0
 11
134.057313999999991
 21
-79.1504999999999939
 31
0
  0
LINE
  5
882
330
1B
100
AcDbEntity
  8
B.Cu
  6
CONTINUOUS
100
AcDbLine
 10
134.057313999999991
 20
-79.1504999999999939
 30
0
 11
134.1504999999999939
 21
-79.057313999999991
 31
0
  0
LINE
  5
883
330
1B
100
AcDbEntity
  8
B.Cu
  6
CONTINUOUS
100
AcDbLine
 10
134.1504999999999939
 20
-79.057313999999991
 30
0
 11
134.2163919999999848
 21
-78.9431859999999972
 31
0
  0
LINE
  5
884
330
1B
100
AcDbEntity
  8
B.Cu
  6
CONTINUOUS
100
AcDbLine
 10
134.2163919999999848
 20
-78.9431859999999972
 30
0
 11
134.2504999999999882
 21
-78.815891999999991
 31
0
  0
LINE
  5
885
330
1B
100
AcDbEntity
  8
B.Cu
  6
CONTINUOUS
100
AcDbLine
 10
134.2504999999999882
 20
-78.815891999999991
 30
0
 11
134.2504999999999882
 21
-78.6841079999999948
 31
0
  0
LINE
  5
886
330
1B
100
AcDbEntity
  8
B.Cu
  6
CONTINUOUS
100
AcDbLine
 10
134.2504999999999882
 20
-78.6841079999999948
 30
0
 11
134.2163919999999848
 21
-78.5568140000000028
 31
0
  0
LINE
  5
887
330
1B
100
AcDbEntity
  8
B.Cu
  6
CONTINUOUS
100
AcDbLine
 10
134.2163919999999848
 20
-78.5568140000000028
 30
0
 11
134.2163899999999899
 21
-78.5568109999999962
 31
0
  0
LINE
  5
888
330
1B
100
AcDbEntity
  8
B.Cu
  6
CONTINUOUS
100
AcDbLine
 10
134.2163899999999899
 20
-78.5568109999999962
 30
0
 11
134.2163899999999899
 21
-78.5568090000000012
 31
0
  0
LINE
  5
889
330
1B
100
AcDbEntity
  8
B.Cu
  6
CONTINUOUS
100
AcDbLine
 10
134.2163899999999899
 20
-78.5568090000000012
 30
0
 11
134.1505029999999863
 21
-78.4426899999999989
 31
0
  0
LINE
  5
88A
330
1B
100
AcDbEntity
  8
B.Cu
  6
CONTINUOUS
100
AcDbLine
 10
134.1505029999999863
 20
-78.4426899999999989
 30
0
 11
134.1465509999999881
 21
-78.4375399999999985
 31
0
  0
LINE
  5
88B
330
1B
100
AcDbEntity
  8
B.Cu
  6
CONTINUOUS
100
AcDbLine
 10
134.1465509999999881
 20
-78.4375399999999985
 30
0
 11
134.1489009999999951
 21
-78.435734999999994
 31
0
  0
LINE
  5
88C
330
1B
100
AcDbEntity
  8
B.Cu
  6
CONTINUOUS
100
AcDbLine
 10
134.1489009999999951
 20
-78.435734999999994
 30
0
 11
134.1267059999999844
 21
-78.392082000000002
 31
0
  0
LINE
  5
88D
330
1B
100
AcDbEntity
  8
B.Cu
  6
CONTINUOUS
100
AcDbLine
 10
134.1267059999999844
 20
-78.392082000000002
 30
0
 11
134.1254999999999882
 21
-78.3766779999999983
 31
0
  0
LINE
  5
88E
330
1B
100
AcDbEntity
  8
B.Cu
  6
CONTINUOUS
100
AcDbLine
 10
134.1254999999999882
 20
-78.3766779999999983
 30
0
 11
134.1254999999999882
 21
-77.12332099999999
 31
0
  0
LINE
  5
88F
330
1B
100
AcDbEntity
  8
B.Cu
  6
CONTINUOUS
100
AcDbLine
 10
134.1254999999999882
 20
-77.12332099999999
 30
0
 11
134.1444070000000011
 21
-77.0651299999999964
 31
0
  0
LINE
  5
890
330
1B
100
AcDbEntity
  8
B.Cu
  6
CONTINUOUS
100
AcDbLine
 10
134.1444070000000011
 20
-77.0651299999999964
 30
0
 11
134.14663299999998
 21
-77.0625229999999988
 31
0
  0
LINE
  5
891
330
1B
100
AcDbEntity
  8
B.Cu
  6
CONTINUOUS
100
AcDbLine
 10
134.14663299999998
 20
-77.0625229999999988
 30
0
 11
134.1465509999999881
 21
-77.0624600000000015
 31
0
  0
LINE
  5
892
330
1B
100
AcDbEntity
  8
B.Cu
  6
CONTINUOUS
100
AcDbLine
 10
134.1465509999999881
 20
-77.0624600000000015
 30
0
 11
134.150496000000004
 21
-77.0573169999999976
 31
0
  0
LINE
  5
893
330
1B
100
AcDbEntity
  8
B.Cu
  6
CONTINUOUS
100
AcDbLine
 10
134.150496000000004
 20
-77.0573169999999976
 30
0
 11
134.1504999999999939
 21
-77.057313999999991
 31
0
  0
LINE
  5
894
330
1B
100
AcDbEntity
  8
B.Cu
  6
CONTINUOUS
100
AcDbLine
 10
134.1504999999999939
 20
-77.057313999999991
 30
0
 11
134.2163919999999848
 21
-76.9431859999999972
 31
0
  0
LINE
  5
895
330
1B
100
AcDbEntity
  8
B.Cu
  6
CONTINUOUS
100
AcDbLine
 10
134.2163919999999848
 20
-76.9431859999999972
 30
0
 11
134.2504999999999882
 21
-76.815891999999991
 31
0
  0
LINE
  5
896
330
1B
100
AcDbEntity
  8
B.Cu
  6
CONTINUOUS
100
AcDbLine
 10
134.2504999999999882
 20
-76.815891999999991
 30
0
 11
134.2504999999999882
 21
-76.6841079999999948
 31
0
  0
LINE
  5
897
330
1B
100
AcDbEntity
  8
B.Cu
  6
CONTINUOUS
100
AcDbLine
 10
134.2504999999999882
 20
-76.6841079999999948
 30
0
 11
134.2163919999999848
 21
-76.5568140000000028
 31
0
  0
LINE
  5
898
330
1B
100
AcDbEntity
  8
B.Cu
  6
CONTINUOUS
100
AcDbLine
 10
134.2163919999999848
 20
-76.5568140000000028
 30
0
 11
134.2163899999999899
 21
-76.5568109999999962
 31
0
  0
LINE
  5
899
330
1B
100
AcDbEntity
  8
B.Cu
  6
CONTINUOUS
100
AcDbLine
 10
134.2163899999999899
 20
-76.5568109999999962
 30
0
 11
134.2163899999999899
 21
-76.5568090000000012
 31
0
  0
LINE
  5
89A
330
1B
100
AcDbEntity
  8
B.Cu
  6
CONTINUOUS
100
AcDbLine
 10
134.2163899999999899
 20
-76.5568090000000012
 30
0
 11
134.1505029999999863
 21
-76.4426899999999989
 31
0
  0
LINE
  5
89B
330
1B
100
AcDbEntity
  8
B.Cu
  6
CONTINUOUS
100
AcDbLine
 10
134.1505029999999863
 20
-76.4426899999999989
 30
0
 11
134.1505009999999913
 21
-76.4426879999999898
 31
0
  0
LINE
  5
89C
330
1B
100
AcDbEntity
  8
B.Cu
  6
CONTINUOUS
100
AcDbLine
 10
134.1505009999999913
 20
-76.4426879999999898
 30
0
 11
134.1504999999999939
 21
-76.4426859999999948
 31
0
  0
LINE
  5
89D
330
1B
100
AcDbEntity
  8
B.Cu
  6
CONTINUOUS
100
AcDbLine
 10
134.1504999999999939
 20
-76.4426859999999948
 30
0
 11
134.057313999999991
 21
-76.3494999999999919
 31
0
  0
LINE
  5
89E
330
1B
100
AcDbEntity
  8
B.Cu
  6
CONTINUOUS
100
AcDbLine
 10
134.057313999999991
 20
-76.3494999999999919
 30
0
 11
134.0573109999999986
 21
-76.349497999999997
 31
0
  0
LINE
  5
89F
330
1B
100
AcDbEntity
  8
B.Cu
  6
CONTINUOUS
100
AcDbLine
 10
134.0573109999999986
 20
-76.349497999999997
 30
0
 11
134.0573090000000036
 21
-76.349496000000002
 31
0
  0
LINE
  5
8A0
330
1B
100
AcDbEntity
  8
B.Cu
  6
CONTINUOUS
100
AcDbLine
 10
134.0573090000000036
 20
-76.349496000000002
 30
0
 11
133.9431889999999896
 21
-76.2836089999999984
 31
0
  0
LINE
  5
8A1
330
1B
100
AcDbEntity
  8
B.Cu
  6
CONTINUOUS
100
AcDbLine
 10
133.9431889999999896
 20
-76.2836089999999984
 30
0
 11
133.9431909999999846
 21
-76.2836089999999984
 31
0
  0
LINE
  5
8A2
330
1B
100
AcDbEntity
  8
B.Cu
  6
CONTINUOUS
100
AcDbLine
 10
133.9431909999999846
 20
-76.2836089999999984
 30
0
 11
133.9173260000000028
 21
-76.2766790000000015
 31
0
  0
LINE
  5
8A3
330
1B
100
AcDbEntity
  8
B.Cu
  6
CONTINUOUS
100
AcDbLine
 10
133.9173260000000028
 20
-76.2766790000000015
 30
0
 11
133.8986579999999833
 21
-76.2716759999999994
 31
0
  0
LINE
  5
8A4
330
1B
100
AcDbEntity
  8
B.Cu
  6
CONTINUOUS
100
AcDbLine
 10
133.8986579999999833
 20
-76.2716759999999994
 30
0
 11
133.8473459999999875
 21
-76.2383540000000011
 31
0
  0
LINE
  5
8A5
330
1B
100
AcDbEntity
  8
B.Cu
  6
CONTINUOUS
100
AcDbLine
 10
133.8473459999999875
 20
-76.2383540000000011
 30
0
 11
133.8254189999999824
 21
-76.1812329999999918
 31
0
  0
LINE
  5
8A6
330
1B
100
AcDbEntity
  8
B.Cu
  6
CONTINUOUS
100
AcDbLine
 10
133.8254189999999824
 20
-76.1812329999999918
 30
0
 11
133.8412539999999922
 21
-76.1221319999999935
 31
0
  0
LINE
  5
8A7
330
1B
100
AcDbEntity
  8
B.Cu
  6
CONTINUOUS
100
AcDbLine
 10
133.8412539999999922
 20
-76.1221319999999935
 30
0
 11
133.8542740000000038
 21
-76.1060519999999912
 31
0
  0
LINE
  5
8A8
330
1B
100
AcDbEntity
  8
B.Cu
  6
CONTINUOUS
100
AcDbLine
 10
133.8542740000000038
 20
-76.1060519999999912
 30
0
 11
141.3058309999999835
 21
-68.6544959999999946
 31
0
  0
LINE
  5
8A9
330
1B
100
AcDbEntity
  8
B.Cu
  6
CONTINUOUS
100
AcDbLine
 10
141.3058309999999835
 20
-68.6544959999999946
 30
0
 11
141.3603479999999877
 21
-68.6267189999999943
 31
0
  0
LINE
  5
8AA
330
1B
100
AcDbEntity
  8
B.Cu
  6
CONTINUOUS
100
AcDbLine
 10
141.3603479999999877
 20
-68.6267189999999943
 30
0
 11
141.375834999999995
 21
-68.6255000000000024
 31
0
  0
LINE
  5
8AB
330
1B
100
AcDbEntity
  8
B.Cu
  6
CONTINUOUS
100
AcDbLine
 10
141.375834999999995
 20
-68.6255000000000024
 30
0
 11
141.3766789999999958
 21
-68.6255000000000024
 31
0
  0
LINE
  5
8AC
330
1B
100
AcDbEntity
  8
B.Cu
  6
CONTINUOUS
100
AcDbLine
 10
141.3766789999999958
 20
-68.6255000000000024
 30
0
 11
141.4348699999999894
 21
-68.6444070000000011
 31
0
  0
LINE
  5
8AD
330
1B
100
AcDbEntity
  8
B.Cu
  6
CONTINUOUS
100
AcDbLine
 10
141.4348699999999894
 20
-68.6444070000000011
 30
0
 11
141.4374760000000038
 21
-68.6466329999999942
 31
0
  0
LINE
  5
8AE
330
1B
100
AcDbEntity
  8
B.Cu
  6
CONTINUOUS
100
AcDbLine
 10
141.4374760000000038
 20
-68.6466329999999942
 30
0
 11
141.4375399999999843
 21
-68.6465510000000023
 31
0
  0
LINE
  5
8AF
330
1B
100
AcDbEntity
  8
B.Cu
  6
CONTINUOUS
100
AcDbLine
 10
141.4375399999999843
 20
-68.6465510000000023
 30
0
 11
141.4426899999999989
 21
-68.6505030000000005
 31
0
  0
LINE
  5
8B0
330
1B
100
AcDbEntity
  8
B.Cu
  6
CONTINUOUS
100
AcDbLine
 10
141.4426899999999989
 20
-68.6505030000000005
 30
0
 11
141.5568099999999845
 21
-68.7163899999999899
 31
0
  0
LINE
  5
8B1
330
1B
100
AcDbEntity
  8
B.Cu
  6
CONTINUOUS
100
AcDbLine
 10
141.5568099999999845
 20
-68.7163899999999899
 30
0
 11
141.5568079999999895
 21
-68.7163899999999899
 31
0
  0
LINE
  5
8B2
330
1B
100
AcDbEntity
  8
B.Cu
  6
CONTINUOUS
100
AcDbLine
 10
141.5568079999999895
 20
-68.7163899999999899
 30
0
 11
141.5568119999999794
 21
-68.7163910000000016
 31
0
  0
LINE
  5
8B3
330
1B
100
AcDbEntity
  8
B.Cu
  6
CONTINUOUS
100
AcDbLine
 10
141.5568119999999794
 20
-68.7163910000000016
 30
0
 11
141.5568140000000028
 21
-68.716391999999999
 31
0
  0
LINE
  5
8B4
330
1B
100
AcDbEntity
  8
B.Cu
  6
CONTINUOUS
100
AcDbLine
 10
141.5568140000000028
 20
-68.716391999999999
 30
0
 11
141.6841079999999806
 21
-68.7505000000000024
 31
0
  0
LINE
  5
8B5
330
1B
100
AcDbEntity
  8
B.Cu
  6
CONTINUOUS
100
AcDbLine
 10
141.6841079999999806
 20
-68.7505000000000024
 30
0
 11
141.684110000000004
 21
-68.7505000000000024
 31
0
  0
LINE
  5
8B6
330
1B
100
AcDbEntity
  8
B.Cu
  6
CONTINUOUS
100
AcDbLine
 10
141.684110000000004
 20
-68.7505000000000024
 30
0
 11
141.815889999999996
 21
-68.7505000000000024
 31
0
  0
LINE
  5
8B7
330
1B
100
AcDbEntity
  8
B.Cu
  6
CONTINUOUS
100
AcDbLine
 10
141.815889999999996
 20
-68.7505000000000024
 30
0
 11
141.815891999999991
 21
-68.7505000000000024
 31
0
  0
LINE
  5
8B8
330
1B
100
AcDbEntity
  8
B.Cu
  6
CONTINUOUS
100
AcDbLine
 10
141.815891999999991
 20
-68.7505000000000024
 30
0
 11
141.9431859999999972
 21
-68.716391999999999
 31
0
  0
LINE
  5
8B9
330
1B
100
AcDbEntity
  8
B.Cu
  6
CONTINUOUS
100
AcDbLine
 10
141.9431859999999972
 20
-68.716391999999999
 30
0
 11
141.9431879999999921
 21
-68.7163899999999899
 31
0
  0
LINE
  5
8BA
330
1B
100
AcDbEntity
  8
B.Cu
  6
CONTINUOUS
100
AcDbLine
 10
141.9431879999999921
 20
-68.7163899999999899
 30
0
 11
141.9431899999999871
 21
-68.7163899999999899
 31
0
  0
LINE
  5
8BB
330
1B
100
AcDbEntity
  8
B.Cu
  6
CONTINUOUS
100
AcDbLine
 10
141.9431899999999871
 20
-68.7163899999999899
 30
0
 11
142.0573090000000036
 21
-68.6505030000000005
 31
0
  0
LINE
  5
8BC
330
1B
100
AcDbEntity
  8
B.Cu
  6
CONTINUOUS
100
AcDbLine
 10
142.0573090000000036
 20
-68.6505030000000005
 30
0
 11
142.0573090000000036
 21
-68.650502000000003
 31
0
  0
LINE
  5
8BD
330
1B
100
AcDbEntity
  8
B.Cu
  6
CONTINUOUS
100
AcDbLine
 10
142.0573090000000036
 20
-68.650502000000003
 30
0
 11
142.057313999999991
 21
-68.6504999999999939
 31
0
  0
LINE
  5
8BE
330
1B
100
AcDbEntity
  8
B.Cu
  6
CONTINUOUS
100
AcDbLine
 10
142.057313999999991
 20
-68.6504999999999939
 30
0
 11
142.1504999999999939
 21
-68.557313999999991
 31
0
  0
LINE
  5
8BF
330
1B
100
AcDbEntity
  8
B.Cu
  6
CONTINUOUS
100
AcDbLine
 10
142.1504999999999939
 20
-68.557313999999991
 30
0
 11
142.2163919999999848
 21
-68.4431859999999972
 31
0
  0
LINE
  5
8C0
330
1B
100
AcDbEntity
  8
B.Cu
  6
CONTINUOUS
100
AcDbLine
 10
142.2163919999999848
 20
-68.4431859999999972
 30
0
 11
142.2504999999999882
 21
-68.315891999999991
 31
0
  0
LINE
  5
8C1
330
1B
100
AcDbEntity
  8
B.Cu
  6
CONTINUOUS
100
AcDbLine
 10
142.2504999999999882
 20
-68.315891999999991
 30
0
 11
142.2504999999999882
 21
-68.1841079999999948
 31
0
  0
LINE
  5
8C2
330
1B
100
AcDbEntity
  8
B.Cu
  6
CONTINUOUS
100
AcDbLine
 10
142.2504999999999882
 20
-68.1841079999999948
 30
0
 11
142.2163919999999848
 21
-68.0568140000000028
 31
0
  0
LINE
  5
8C3
330
1B
100
AcDbEntity
  8
B.Cu
  6
CONTINUOUS
100
AcDbLine
 10
142.2163919999999848
 20
-68.0568140000000028
 30
0
 11
142.2163909999999873
 21
-68.0568119999999936
 31
0
  0
LINE
  5
8C4
330
1B
100
AcDbEntity
  8
B.Cu
  6
CONTINUOUS
100
AcDbLine
 10
142.2163909999999873
 20
-68.0568119999999936
 30
0
 11
142.2147119999999916
 21
-68.0505459999999971
 31
0
  0
LINE
  5
8C5
330
1B
100
AcDbEntity
  8
B.Cu
  6
CONTINUOUS
100
AcDbLine
 10
142.2147119999999916
 20
-68.0505459999999971
 30
0
 11
142.2176969999999869
 21
-68.049745999999999
 31
0
  0
LINE
  5
8C6
330
1B
100
AcDbEntity
  8
B.Cu
  6
CONTINUOUS
100
AcDbLine
 10
142.2176969999999869
 20
-68.049745999999999
 30
0
 11
142.213909000000001
 21
-68.001347999999993
 31
0
  0
LINE
  5
8C7
330
1B
100
AcDbEntity
  8
B.Cu
  6
CONTINUOUS
100
AcDbLine
 10
142.213909000000001
 20
-68.001347999999993
 30
0
 11
142.2459010000000035
 21
-67.9491919999999965
 31
0
  0
LINE
  5
8C8
330
1B
100
AcDbEntity
  8
B.Cu
  6
CONTINUOUS
100
AcDbLine
 10
142.2459010000000035
 20
-67.9491919999999965
 30
0
 11
142.3024389999999926
 21
-67.9258019999999902
 31
0
  0
LINE
  5
8C9
330
1B
100
AcDbEntity
  8
B.Cu
  6
CONTINUOUS
100
AcDbLine
 10
142.3024389999999926
 20
-67.9258019999999902
 30
0
 11
142.3101639999999861
 21
-67.9254999999999995
 31
0
  0
LINE
  5
8CA
330
1B
100
AcDbEntity
  8
B.Cu
  6
CONTINUOUS
100
AcDbLine
 10
142.3101639999999861
 20
-67.9254999999999995
 30
0
 11
143.9241649999999879
 21
-67.9254999999999995
 31
0
  0
LINE
  5
8CB
330
1B
100
AcDbEntity
  8
B.Cu
  6
CONTINUOUS
100
AcDbLine
 10
143.9241649999999879
 20
-67.9254999999999995
 30
0
 11
143.9823559999999816
 21
-67.9444069999999982
 31
0
  0
LINE
  5
8CC
330
1B
100
AcDbEntity
  8
B.Cu
  6
CONTINUOUS
100
AcDbLine
 10
143.9823559999999816
 20
-67.9444069999999982
 30
0
 11
143.9941689999999994
 21
-67.9544959999999918
 31
0
  0
LINE
  5
8CD
330
1B
100
AcDbEntity
  8
B.Cu
  6
CONTINUOUS
100
AcDbLine
 10
143.9941689999999994
 20
-67.9544959999999918
 30
0
 11
163.0395350000000008
 21
-86.9998619999999931
 31
0
  0
LINE
  5
8CE
330
1B
100
AcDbEntity
  8
B.Cu
  6
CONTINUOUS
100
AcDbLine
 10
163.0395350000000008
 20
-86.9998619999999931
 30
0
 11
163.0395340000000033
 21
-86.9998619999999931
 31
0
  0
LINE
  5
8CF
330
1B
100
AcDbEntity
  8
B.Cu
  6
CONTINUOUS
100
AcDbLine
 10
163.0395340000000033
 20
-86.9998619999999931
 30
0
 11
163.096981999999997
 21
-87.0573089999999894
 31
0
  0
LINE
  5
8D0
330
1B
100
AcDbEntity
  8
B.Cu
  6
CONTINUOUS
100
AcDbLine
 10
163.096981999999997
 20
-87.0573089999999894
 30
0
 11
163.100137999999987
 21
-87.0604649999999936
 31
0
  0
LINE
  5
8D1
330
1B
100
AcDbEntity
  8
B.Cu
  6
CONTINUOUS
100
AcDbLine
 10
163.100137999999987
 20
-87.0604649999999936
 30
0
 11
163.1743620000000021
 21
-87.1033180000000016
 31
0
  0
LINE
  5
8D2
330
1B
100
AcDbEntity
  8
B.Cu
  6
CONTINUOUS
100
AcDbLine
 10
163.1743620000000021
 20
-87.1033180000000016
 30
0
 11
163.2571470000000033
 21
-87.1255000000000024
 31
0
  0
LINE
  5
8D3
330
1B
100
AcDbEntity
  8
B.Cu
  6
CONTINUOUS
100
AcDbLine
 10
163.2571470000000033
 20
-87.1255000000000024
 30
0
 11
167.3766789999999958
 21
-87.1255000000000024
 31
0
  0
LINE
  5
8D4
330
1B
100
AcDbEntity
  8
B.Cu
  6
CONTINUOUS
100
AcDbLine
 10
167.3766789999999958
 20
-87.1255000000000024
 30
0
 11
167.4348699999999894
 21
-87.1444070000000011
 31
0
  0
LINE
  5
8D5
330
1B
100
AcDbEntity
  8
B.Cu
  6
CONTINUOUS
100
AcDbLine
 10
167.4348699999999894
 20
-87.1444070000000011
 30
0
 11
167.4374760000000038
 21
-87.1466329999999942
 31
0
  0
LINE
  5
8D6
330
1B
100
AcDbEntity
  8
B.Cu
  6
CONTINUOUS
100
AcDbLine
 10
167.4374760000000038
 20
-87.1466329999999942
 30
0
 11
167.4375399999999843
 21
-87.1465510000000023
 31
0
  0
LINE
  5
8D7
330
1B
100
AcDbEntity
  8
B.Cu
  6
CONTINUOUS
100
AcDbLine
 10
167.4375399999999843
 20
-87.1465510000000023
 30
0
 11
167.4426899999999989
 21
-87.1505030000000005
 31
0
  0
LINE
  5
8D8
330
1B
100
AcDbEntity
  8
B.Cu
  6
CONTINUOUS
100
AcDbLine
 10
167.4426899999999989
 20
-87.1505030000000005
 30
0
 11
167.5568099999999845
 21
-87.2163899999999899
 31
0
  0
LINE
  5
8D9
330
1B
100
AcDbEntity
  8
B.Cu
  6
CONTINUOUS
100
AcDbLine
 10
167.5568099999999845
 20
-87.2163899999999899
 30
0
 11
167.5568079999999895
 21
-87.2163899999999899
 31
0
  0
LINE
  5
8DA
330
1B
100
AcDbEntity
  8
B.Cu
  6
CONTINUOUS
100
AcDbLine
 10
167.5568079999999895
 20
-87.2163899999999899
 30
0
 11
167.5568119999999794
 21
-87.2163910000000016
 31
0
  0
LINE
  5
8DB
330
1B
100
AcDbEntity
  8
B.Cu
  6
CONTINUOUS
100
AcDbLine
 10
167.5568119999999794
 20
-87.2163910000000016
 30
0
 11
167.5568140000000028
 21
-87.216391999999999
 31
0
  0
LINE
  5
8DC
330
1B
100
AcDbEntity
  8
B.Cu
  6
CONTINUOUS
100
AcDbLine
 10
167.5568140000000028
 20
-87.216391999999999
 30
0
 11
167.6841079999999806
 21
-87.2505000000000024
 31
0
  0
LINE
  5
8DD
330
1B
100
AcDbEntity
  8
B.Cu
  6
CONTINUOUS
100
AcDbLine
 10
167.6841079999999806
 20
-87.2505000000000024
 30
0
 11
167.684110000000004
 21
-87.2505000000000024
 31
0
  0
LINE
  5
8DE
330
1B
100
AcDbEntity
  8
B.Cu
  6
CONTINUOUS
100
AcDbLine
 10
167.684110000000004
 20
-87.2505000000000024
 30
0
 11
167.815889999999996
 21
-87.2505000000000024
 31
0
  0
LINE
  5
8DF
330
1B
100
AcDbEntity
  8
B.Cu
  6
CONTINUOUS
100
AcDbLine
 10
167.815889999999996
 20
-87.2505000000000024
 30
0
 11
167.815891999999991
 21
-87.2505000000000024
 31
0
  0
LINE
  5
8E0
330
1B
100
AcDbEntity
  8
B.Cu
  6
CONTINUOUS
100
AcDbLine
 10
167.815891999999991
 20
-87.2505000000000024
 30
0
 11
167.9431859999999972
 21
-87.216391999999999
 31
0
  0
LINE
  5
8E1
330
1B
100
AcDbEntity
  8
B.Cu
  6
CONTINUOUS
100
AcDbLine
 10
167.9431859999999972
 20
-87.216391999999999
 30
0
 11
167.9431879999999921
 21
-87.2163899999999899
 31
0
  0
LINE
  5
8E2
330
1B
100
AcDbEntity
  8
B.Cu
  6
CONTINUOUS
100
AcDbLine
 10
167.9431879999999921
 20
-87.2163899999999899
 30
0
 11
167.9431899999999871
 21
-87.2163899999999899
 31
0
  0
LINE
  5
8E3
330
1B
100
AcDbEntity
  8
B.Cu
  6
CONTINUOUS
100
AcDbLine
 10
167.9431899999999871
 20
-87.2163899999999899
 30
0
 11
168.0573090000000036
 21
-87.1505030000000005
 31
0
  0
LINE
  5
8E4
330
1B
100
AcDbEntity
  8
B.Cu
  6
CONTINUOUS
100
AcDbLine
 10
168.0573090000000036
 20
-87.1505030000000005
 30
0
 11
168.0573090000000036
 21
-87.150502000000003
 31
0
  0
LINE
  5
8E5
330
1B
100
AcDbEntity
  8
B.Cu
  6
CONTINUOUS
100
AcDbLine
 10
168.0573090000000036
 20
-87.150502000000003
 30
0
 11
168.057313999999991
 21
-87.1504999999999939
 31
0
  0
LINE
  5
8E6
330
1B
100
AcDbEntity
  8
B.Cu
  6
CONTINUOUS
100
AcDbLine
 10
168.057313999999991
 20
-87.1504999999999939
 30
0
 11
168.0573169999999834
 21
-87.1504959999999897
 31
0
  0
LINE
  5
8E7
330
1B
100
AcDbEntity
  8
B.Cu
  6
CONTINUOUS
100
AcDbLine
 10
168.0573169999999834
 20
-87.1504959999999897
 30
0
 11
168.0624599999999873
 21
-87.1465510000000023
 31
0
  0
LINE
  5
8E8
330
1B
100
AcDbEntity
  8
B.Cu
  6
CONTINUOUS
100
AcDbLine
 10
168.0624599999999873
 20
-87.1465510000000023
 30
0
 11
168.0642729999999858
 21
-87.1489129999999932
 31
0
  0
LINE
  5
8E9
330
1B
100
AcDbEntity
  8
B.Cu
  6
CONTINUOUS
100
AcDbLine
 10
168.0642729999999858
 20
-87.1489129999999932
 30
0
 11
168.1078339999999969
 21
-87.1267189999999943
 31
0
  0
LINE
  5
8EA
330
1B
100
AcDbEntity
  8
B.Cu
  6
CONTINUOUS
100
AcDbLine
 10
168.1078339999999969
 20
-87.1267189999999943
 30
0
 11
168.1233210000000042
 21
-87.1255000000000024
 31
0
  0
LINE
  5
8EB
330
1B
100
AcDbEntity
  8
B.Cu
  6
CONTINUOUS
100
AcDbLine
 10
168.1233210000000042
 20
-87.1255000000000024
 30
0
 11
176.8241649999999936
 21
-87.1255000000000024
 31
0
  0
LINE
  5
8EC
330
1B
100
AcDbEntity
  8
B.Cu
  6
CONTINUOUS
100
AcDbLine
 10
176.8241649999999936
 20
-87.1255000000000024
 30
0
 11
176.8823559999999873
 21
-87.1444070000000011
 31
0
  0
LINE
  5
8ED
330
1B
100
AcDbEntity
  8
B.Cu
  6
CONTINUOUS
100
AcDbLine
 10
176.8823559999999873
 20
-87.1444070000000011
 30
0
 11
176.8941690000000051
 21
-87.1544959999999946
 31
0
  0
LINE
  5
8EE
330
1B
100
AcDbEntity
  8
B.Cu
  6
CONTINUOUS
100
AcDbLine
 10
176.8941690000000051
 20
-87.1544959999999946
 30
0
 11
186.2459130000000016
 21
-96.5062399999999911
 31
0
  0
LINE
  5
8EF
330
1B
100
AcDbEntity
  8
B.Cu
  6
CONTINUOUS
100
AcDbLine
 10
186.2459130000000016
 20
-96.5062399999999911
 30
0
 11
186.2736899999999878
 21
-96.5607569999999953
 31
0
  0
LINE
  5
8F0
330
1B
100
AcDbEntity
  8
B.Cu
  6
CONTINUOUS
100
AcDbLine
 10
186.2736899999999878
 20
-96.5607569999999953
 30
0
 11
186.2715359999999976
 21
-96.6018660000000011
 31
0
  0
LINE
  5
8F1
330
1B
100
AcDbEntity
  8
B.Cu
  6
CONTINUOUS
100
AcDbLine
 10
186.2715359999999976
 20
-96.6018660000000011
 30
0
 11
186.2597859999999912
 21
-96.6457189999999997
 31
0
  0
LINE
  5
8F2
330
1B
100
AcDbEntity
  8
B.Cu
  6
CONTINUOUS
100
AcDbLine
 10
186.2597859999999912
 20
-96.6457189999999997
 30
0
 11
186.2494999999999834
 21
-96.6841079999999948
 31
0
  0
LINE
  5
8F3
330
1B
100
AcDbEntity
  8
B.Cu
  6
CONTINUOUS
100
AcDbLine
 10
186.2494999999999834
 20
-96.6841079999999948
 30
0
 11
186.2494999999999834
 21
-96.815891999999991
 31
0
  0
LINE
  5
8F4
330
1B
100
AcDbEntity
  8
B.Cu
  6
CONTINUOUS
100
AcDbLine
 10
186.2494999999999834
 20
-96.815891999999991
 30
0
 11
186.2716769999999826
 21
-96.898658999999995
 31
0
  0
LINE
  5
8F5
330
1B
100
AcDbEntity
  8
B.Cu
  6
CONTINUOUS
100
AcDbLine
 10
186.2716769999999826
 20
-96.898658999999995
 30
0
 11
186.2836089999999842
 21
-96.9431900000000013
 31
0
  0
LINE
  5
8F6
330
1B
100
AcDbEntity
  8
B.Cu
  6
CONTINUOUS
100
AcDbLine
 10
186.2836089999999842
 20
-96.9431900000000013
 30
0
 11
186.3494959999999878
 21
-97.0573089999999894
 31
0
  0
LINE
  5
8F7
330
1B
100
AcDbEntity
  8
B.Cu
  6
CONTINUOUS
100
AcDbLine
 10
186.3494959999999878
 20
-97.0573089999999894
 30
0
 11
186.3494979999999828
 21
-97.0573109999999986
 31
0
  0
LINE
  5
8F8
330
1B
100
AcDbEntity
  8
B.Cu
  6
CONTINUOUS
100
AcDbLine
 10
186.3494979999999828
 20
-97.0573109999999986
 30
0
 11
186.3494999999999777
 21
-97.057313999999991
 31
0
  0
LINE
  5
8F9
330
1B
100
AcDbEntity
  8
B.Cu
  6
CONTINUOUS
100
AcDbLine
 10
186.3494999999999777
 20
-97.057313999999991
 30
0
 11
186.4426859999999806
 21
-97.1504999999999939
 31
0
  0
LINE
  5
8FA
330
1B
100
AcDbEntity
  8
B.Cu
  6
CONTINUOUS
100
AcDbLine
 10
186.4426859999999806
 20
-97.1504999999999939
 30
0
 11
186.442688000000004
 21
-97.1505009999999913
 31
0
  0
LINE
  5
8FB
330
1B
100
AcDbEntity
  8
B.Cu
  6
CONTINUOUS
100
AcDbLine
 10
186.442688000000004
 20
-97.1505009999999913
 30
0
 11
186.4426899999999989
 21
-97.1505030000000005
 31
0
  0
LINE
  5
8FC
330
1B
100
AcDbEntity
  8
B.Cu
  6
CONTINUOUS
100
AcDbLine
 10
186.4426899999999989
 20
-97.1505030000000005
 30
0
 11
186.5568099999999845
 21
-97.2163899999999899
 31
0
  0
LINE
  5
8FD
330
1B
100
AcDbEntity
  8
B.Cu
  6
CONTINUOUS
100
AcDbLine
 10
186.5568099999999845
 20
-97.2163899999999899
 30
0
 11
186.5568079999999895
 21
-97.2163899999999899
 31
0
  0
LINE
  5
8FE
330
1B
100
AcDbEntity
  8
B.Cu
  6
CONTINUOUS
100
AcDbLine
 10
186.5568079999999895
 20
-97.2163899999999899
 30
0
 11
186.5568119999999794
 21
-97.2163910000000016
 31
0
  0
LINE
  5
8FF
330
1B
100
AcDbEntity
  8
B.Cu
  6
CONTINUOUS
100
AcDbLine
 10
186.5568119999999794
 20
-97.2163910000000016
 30
0
 11
186.5568140000000028
 21
-97.216391999999999
 31
0
  0
LINE
  5
900
330
1B
100
AcDbEntity
  8
B.Cu
  6
CONTINUOUS
100
AcDbLine
 10
186.5568140000000028
 20
-97.216391999999999
 30
0
 11
186.6841079999999806
 21
-97.2505000000000024
 31
0
  0
LINE
  5
901
330
1B
100
AcDbEntity
  8
B.Cu
  6
CONTINUOUS
100
AcDbLine
 10
186.6841079999999806
 20
-97.2505000000000024
 30
0
 11
186.684110000000004
 21
-97.2505000000000024
 31
0
  0
LINE
  5
902
330
1B
100
AcDbEntity
  8
B.Cu
  6
CONTINUOUS
100
AcDbLine
 10
186.684110000000004
 20
-97.2505000000000024
 30
0
 11
186.815889999999996
 21
-97.2505000000000024
 31
0
  0
LINE
  5
903
330
1B
100
AcDbEntity
  8
B.Cu
  6
CONTINUOUS
100
AcDbLine
 10
186.815889999999996
 20
-97.2505000000000024
 30
0
 11
186.815891999999991
 21
-97.2505000000000024
 31
0
  0
LINE
  5
904
330
1B
100
AcDbEntity
  8
B.Cu
  6
CONTINUOUS
100
AcDbLine
 10
186.815891999999991
 20
-97.2505000000000024
 30
0
 11
186.9431859999999972
 21
-97.216391999999999
 31
0
  0
LINE
  5
905
330
1B
100
AcDbEntity
  8
B.Cu
  6
CONTINUOUS
100
AcDbLine
 10
186.9431859999999972
 20
-97.216391999999999
 30
0
 11
186.9431879999999921
 21
-97.2163899999999899
 31
0
  0
LINE
  5
906
330
1B
100
AcDbEntity
  8
B.Cu
  6
CONTINUOUS
100
AcDbLine
 10
186.9431879999999921
 20
-97.2163899999999899
 30
0
 11
186.9431899999999871
 21
-97.2163899999999899
 31
0
  0
LINE
  5
907
330
1B
100
AcDbEntity
  8
B.Cu
  6
CONTINUOUS
100
AcDbLine
 10
186.9431899999999871
 20
-97.2163899999999899
 30
0
 11
187.0573090000000036
 21
-97.1505030000000005
 31
0
  0
LINE
  5
908
330
1B
100
AcDbEntity
  8
B.Cu
  6
CONTINUOUS
100
AcDbLine
 10
187.0573090000000036
 20
-97.1505030000000005
 30
0
 11
187.0573090000000036
 21
-97.1505019999999888
 31
0
  0
LINE
  5
909
330
1B
100
AcDbEntity
  8
B.Cu
  6
CONTINUOUS
100
AcDbLine
 10
187.0573090000000036
 20
-97.1505019999999888
 30
0
 11
187.057313999999991
 21
-97.1504999999999939
 31
0
  0
LINE
  5
90A
330
1B
100
AcDbEntity
  8
B.Cu
  6
CONTINUOUS
100
AcDbLine
 10
187.057313999999991
 20
-97.1504999999999939
 30
0
 11
187.1504999999999939
 21
-97.057313999999991
 31
0
  0
LINE
  5
90B
330
1B
100
AcDbEntity
  8
B.Cu
  6
CONTINUOUS
100
AcDbLine
 10
187.1504999999999939
 20
-97.057313999999991
 30
0
 11
187.1552059999999926
 21
-97.049162999999993
 31
0
  0
LINE
  5
90C
330
1B
100
AcDbEntity
  8
B.Cu
  6
CONTINUOUS
100
AcDbLine
 10
187.1552059999999926
 20
-97.049162999999993
 30
0
 11
187.2163899999999899
 21
-96.9431900000000013
 31
0
  0
LINE
  5
90D
330
1B
100
AcDbEntity
  8
B.Cu
  6
CONTINUOUS
100
AcDbLine
 10
187.2163899999999899
 20
-96.9431900000000013
 30
0
 11
187.2163899999999899
 21
-96.9431879999999921
 31
0
  0
LINE
  5
90E
330
1B
100
AcDbEntity
  8
B.Cu
  6
CONTINUOUS
100
AcDbLine
 10
187.2163899999999899
 20
-96.9431879999999921
 30
0
 11
187.2163919999999848
 21
-96.9431859999999972
 31
0
  0
LINE
  5
90F
330
1B
100
AcDbEntity
  8
B.Cu
  6
CONTINUOUS
100
AcDbLine
 10
187.2163919999999848
 20
-96.9431859999999972
 30
0
 11
187.2504999999999882
 21
-96.815891999999991
 31
0
  0
LINE
  5
910
330
1B
100
AcDbEntity
  8
B.Cu
  6
CONTINUOUS
100
AcDbLine
 10
187.2504999999999882
 20
-96.815891999999991
 30
0
 11
187.2504999999999882
 21
-96.6841079999999948
 31
0
  0
LINE
  5
911
330
1B
100
AcDbEntity
  8
B.Cu
  6
CONTINUOUS
100
AcDbLine
 10
187.2504999999999882
 20
-96.6841079999999948
 30
0
 11
187.2163919999999848
 21
-96.5568139999999886
 31
0
  0
LINE
  5
912
330
1B
100
AcDbEntity
  8
B.Cu
  6
CONTINUOUS
100
AcDbLine
 10
187.2163919999999848
 20
-96.5568139999999886
 30
0
 11
187.2163899999999899
 21
-96.5568099999999987
 31
0
  0
LINE
  5
913
330
1B
100
AcDbEntity
  8
B.Cu
  6
CONTINUOUS
100
AcDbLine
 10
187.2163899999999899
 20
-96.5568099999999987
 30
0
 11
187.2163899999999899
 21
-96.5568090000000012
 31
0
  0
LINE
  5
914
330
1B
100
AcDbEntity
  8
B.Cu
  6
CONTINUOUS
100
AcDbLine
 10
187.2163899999999899
 20
-96.5568090000000012
 30
0
 11
187.1505029999999863
 21
-96.4426899999999989
 31
0
  0
LINE
  5
915
330
1B
100
AcDbEntity
  8
B.Cu
  6
CONTINUOUS
100
AcDbLine
 10
187.1505029999999863
 20
-96.4426899999999989
 30
0
 11
187.1505009999999913
 21
-96.4426879999999898
 31
0
  0
LINE
  5
916
330
1B
100
AcDbEntity
  8
B.Cu
  6
CONTINUOUS
100
AcDbLine
 10
187.1505009999999913
 20
-96.4426879999999898
 30
0
 11
187.1504999999999939
 21
-96.4426859999999948
 31
0
  0
LINE
  5
917
330
1B
100
AcDbEntity
  8
B.Cu
  6
CONTINUOUS
100
AcDbLine
 10
187.1504999999999939
 20
-96.4426859999999948
 30
0
 11
187.057313999999991
 21
-96.3494999999999919
 31
0
  0
LINE
  5
918
330
1B
100
AcDbEntity
  8
B.Cu
  6
CONTINUOUS
100
AcDbLine
 10
187.057313999999991
 20
-96.3494999999999919
 30
0
 11
186.9562439999999981
 21
-96.2911469999999952
 31
0
  0
LINE
  5
919
330
1B
100
AcDbEntity
  8
B.Cu
  6
CONTINUOUS
100
AcDbLine
 10
186.9562439999999981
 20
-96.2911469999999952
 30
0
 11
186.9357439999999997
 21
-96.2754169999999903
 31
0
  0
LINE
  5
91A
330
1B
100
AcDbEntity
  8
B.Cu
  6
CONTINUOUS
100
AcDbLine
 10
186.9357439999999997
 20
-96.2754169999999903
 30
0
 11
185.4079499999999996
 21
-94.7476229999999902
 31
0
  0
LINE
  5
91B
330
1B
100
AcDbEntity
  8
B.Cu
  6
CONTINUOUS
100
AcDbLine
 10
185.4079499999999996
 20
-94.7476229999999902
 30
0
 11
185.3444350000000043
 21
-94.6841079999999948
 31
0
  0
LINE
  5
91C
330
1B
100
AcDbEntity
  8
B.Cu
  6
CONTINUOUS
100
AcDbLine
 10
185.3444350000000043
 20
-94.6841079999999948
 30
0
 11
184.18449099999998
 21
-93.524163999999999
 31
0
  0
LINE
  5
91D
330
1B
100
AcDbEntity
  8
B.Cu
  6
CONTINUOUS
100
AcDbLine
 10
184.18449099999998
 20
-93.524163999999999
 30
0
 11
181.3444350000000043
 21
-90.6841079999999948
 31
0
  0
LINE
  5
91E
330
1B
100
AcDbEntity
  8
B.Cu
  6
CONTINUOUS
100
AcDbLine
 10
181.3444350000000043
 20
-90.6841079999999948
 30
0
 11
178.3683350000000019
 21
-87.7080079999999924
 31
0
  0
LINE
  5
91F
330
1B
100
AcDbEntity
  8
B.Cu
  6
CONTINUOUS
100
AcDbLine
 10
178.3683350000000019
 20
-87.7080079999999924
 30
0
 11
177.199861999999996
 21
-86.5395350000000008
 31
0
  0
LINE
  5
920
330
1B
100
AcDbEntity
  8
B.Cu
  6
CONTINUOUS
100
AcDbLine
 10
177.199861999999996
 20
-86.5395350000000008
 30
0
 11
177.1998590000000036
 21
-86.5395329999999916
 31
0
  0
LINE
  5
921
330
1B
100
AcDbEntity
  8
B.Cu
  6
CONTINUOUS
100
AcDbLine
 10
177.1998590000000036
 20
-86.5395329999999916
 30
0
 11
177.1998569999999802
 21
-86.5395309999999967
 31
0
  0
LINE
  5
922
330
1B
100
AcDbEntity
  8
B.Cu
  6
CONTINUOUS
100
AcDbLine
 10
177.1998569999999802
 20
-86.5395309999999967
 30
0
 11
177.1256419999999991
 21
-86.4966829999999902
 31
0
  0
LINE
  5
923
330
1B
100
AcDbEntity
  8
B.Cu
  6
CONTINUOUS
100
AcDbLine
 10
177.1256419999999991
 20
-86.4966829999999902
 30
0
 11
177.1256439999999941
 21
-86.4966829999999902
 31
0
  0
LINE
  5
924
330
1B
100
AcDbEntity
  8
B.Cu
  6
CONTINUOUS
100
AcDbLine
 10
177.1256439999999941
 20
-86.4966829999999902
 30
0
 11
177.0935209999999813
 21
-86.4880759999999924
 31
0
  0
LINE
  5
925
330
1B
100
AcDbEntity
  8
B.Cu
  6
CONTINUOUS
100
AcDbLine
 10
177.0935209999999813
 20
-86.4880759999999924
 30
0
 11
177.0428529999999796
 21
-86.4744999999999919
 31
0
  0
LINE
  5
926
330
1B
100
AcDbEntity
  8
B.Cu
  6
CONTINUOUS
100
AcDbLine
 10
177.0428529999999796
 20
-86.4744999999999919
 30
0
 11
177.0428509999999847
 21
-86.4744999999999919
 31
0
  0
LINE
  5
927
330
1B
100
AcDbEntity
  8
B.Cu
  6
CONTINUOUS
100
AcDbLine
 10
177.0428509999999847
 20
-86.4744999999999919
 30
0
 11
168.2233209999999985
 21
-86.4744999999999919
 31
0
  0
LINE
  5
928
330
1B
100
AcDbEntity
  8
B.Cu
  6
CONTINUOUS
100
AcDbLine
 10
168.2233209999999985
 20
-86.4744999999999919
 30
0
 11
168.1651300000000049
 21
-86.4555929999999933
 31
0
  0
LINE
  5
929
330
1B
100
AcDbEntity
  8
B.Cu
  6
CONTINUOUS
100
AcDbLine
 10
168.1651300000000049
 20
-86.4555929999999933
 30
0
 11
168.153316999999987
 21
-86.4455039999999997
 31
0
  0
LINE
  5
92A
330
1B
100
AcDbEntity
  8
B.Cu
  6
CONTINUOUS
100
AcDbLine
 10
168.153316999999987
 20
-86.4455039999999997
 30
0
 11
168.1505009999999913
 21
-86.4426879999999898
 31
0
  0
LINE
  5
92B
330
1B
100
AcDbEntity
  8
B.Cu
  6
CONTINUOUS
100
AcDbLine
 10
168.1505009999999913
 20
-86.4426879999999898
 30
0
 11
168.1504999999999939
 21
-86.4426859999999948
 31
0
  0
LINE
  5
92C
330
1B
100
AcDbEntity
  8
B.Cu
  6
CONTINUOUS
100
AcDbLine
 10
168.1504999999999939
 20
-86.4426859999999948
 30
0
 11
168.057313999999991
 21
-86.3494999999999919
 31
0
  0
LINE
  5
92D
330
1B
100
AcDbEntity
  8
B.Cu
  6
CONTINUOUS
100
AcDbLine
 10
168.057313999999991
 20
-86.3494999999999919
 30
0
 11
168.0573109999999986
 21
-86.349497999999997
 31
0
  0
LINE
  5
92E
330
1B
100
AcDbEntity
  8
B.Cu
  6
CONTINUOUS
100
AcDbLine
 10
168.0573109999999986
 20
-86.349497999999997
 30
0
 11
168.0573090000000036
 21
-86.349496000000002
 31
0
  0
LINE
  5
92F
330
1B
100
AcDbEntity
  8
B.Cu
  6
CONTINUOUS
100
AcDbLine
 10
168.0573090000000036
 20
-86.349496000000002
 30
0
 11
167.9431889999999896
 21
-86.2836089999999984
 31
0
  0
LINE
  5
930
330
1B
100
AcDbEntity
  8
B.Cu
  6
CONTINUOUS
100
AcDbLine
 10
167.9431889999999896
 20
-86.2836089999999984
 30
0
 11
167.9431909999999846
 21
-86.2836089999999984
 31
0
  0
LINE
  5
931
330
1B
100
AcDbEntity
  8
B.Cu
  6
CONTINUOUS
100
AcDbLine
 10
167.9431909999999846
 20
-86.2836089999999984
 30
0
 11
167.8937990000000013
 21
-86.2703750000000014
 31
0
  0
LINE
  5
932
330
1B
100
AcDbEntity
  8
B.Cu
  6
CONTINUOUS
100
AcDbLine
 10
167.8937990000000013
 20
-86.2703750000000014
 30
0
 11
167.815891999999991
 21
-86.2494999999999976
 31
0
  0
LINE
  5
933
330
1B
100
AcDbEntity
  8
B.Cu
  6
CONTINUOUS
100
AcDbLine
 10
167.815891999999991
 20
-86.2494999999999976
 30
0
 11
167.6841079999999806
 21
-86.2494999999999976
 31
0
  0
LINE
  5
934
330
1B
100
AcDbEntity
  8
B.Cu
  6
CONTINUOUS
100
AcDbLine
 10
167.6841079999999806
 20
-86.2494999999999976
 30
0
 11
167.6062000000000012
 21
-86.2703750000000014
 31
0
  0
LINE
  5
935
330
1B
100
AcDbEntity
  8
B.Cu
  6
CONTINUOUS
100
AcDbLine
 10
167.6062000000000012
 20
-86.2703750000000014
 30
0
 11
167.556808999999987
 21
-86.2836089999999984
 31
0
  0
LINE
  5
936
330
1B
100
AcDbEntity
  8
B.Cu
  6
CONTINUOUS
100
AcDbLine
 10
167.556808999999987
 20
-86.2836089999999984
 30
0
 11
167.4426899999999989
 21
-86.349496000000002
 31
0
  0
LINE
  5
937
330
1B
100
AcDbEntity
  8
B.Cu
  6
CONTINUOUS
100
AcDbLine
 10
167.4426899999999989
 20
-86.349496000000002
 30
0
 11
167.4426890000000014
 21
-86.3494969999999995
 31
0
  0
LINE
  5
938
330
1B
100
AcDbEntity
  8
B.Cu
  6
CONTINUOUS
100
AcDbLine
 10
167.4426890000000014
 20
-86.3494969999999995
 30
0
 11
167.4426859999999806
 21
-86.3494989999999945
 31
0
  0
LINE
  5
939
330
1B
100
AcDbEntity
  8
B.Cu
  6
CONTINUOUS
100
AcDbLine
 10
167.4426859999999806
 20
-86.3494989999999945
 30
0
 11
167.4426859999999806
 21
-86.3494999999999919
 31
0
  0
LINE
  5
93A
330
1B
100
AcDbEntity
  8
B.Cu
  6
CONTINUOUS
100
AcDbLine
 10
167.4426859999999806
 20
-86.3494999999999919
 30
0
 11
167.3495000000000061
 21
-86.4426859999999948
 31
0
  0
LINE
  5
93B
330
1B
100
AcDbEntity
  8
B.Cu
  6
CONTINUOUS
100
AcDbLine
 10
167.3495000000000061
 20
-86.4426859999999948
 30
0
 11
167.3494979999999828
 21
-86.4426879999999898
 31
0
  0
LINE
  5
93C
330
1B
100
AcDbEntity
  8
B.Cu
  6
CONTINUOUS
100
AcDbLine
 10
167.3494979999999828
 20
-86.4426879999999898
 30
0
 11
167.3466829999999845
 21
-86.4455039999999997
 31
0
  0
LINE
  5
93D
330
1B
100
AcDbEntity
  8
B.Cu
  6
CONTINUOUS
100
AcDbLine
 10
167.3466829999999845
 20
-86.4455039999999997
 30
0
 11
167.2921659999999804
 21
-86.4732810000000001
 31
0
  0
LINE
  5
93E
330
1B
100
AcDbEntity
  8
B.Cu
  6
CONTINUOUS
100
AcDbLine
 10
167.2921659999999804
 20
-86.4732810000000001
 30
0
 11
167.2766790000000015
 21
-86.4744999999999919
 31
0
  0
LINE
  5
93F
330
1B
100
AcDbEntity
  8
B.Cu
  6
CONTINUOUS
100
AcDbLine
 10
167.2766790000000015
 20
-86.4744999999999919
 30
0
 11
163.4758349999999893
 21
-86.4744999999999919
 31
0
  0
LINE
  5
940
330
1B
100
AcDbEntity
  8
B.Cu
  6
CONTINUOUS
100
AcDbLine
 10
163.4758349999999893
 20
-86.4744999999999919
 30
0
 11
163.4176439999999957
 21
-86.4555929999999933
 31
0
  0
LINE
  5
941
330
1B
100
AcDbEntity
  8
B.Cu
  6
CONTINUOUS
100
AcDbLine
 10
163.4176439999999957
 20
-86.4555929999999933
 30
0
 11
163.4058310000000063
 21
-86.4455039999999997
 31
0
  0
LINE
  5
942
330
1B
100
AcDbEntity
  8
B.Cu
  6
CONTINUOUS
100
AcDbLine
 10
163.4058310000000063
 20
-86.4455039999999997
 30
0
 11
157.6444349999999872
 21
-80.6841079999999948
 31
0
  0
LINE
  5
943
330
1B
100
AcDbEntity
  8
B.Cu
  6
CONTINUOUS
100
AcDbLine
 10
157.6444349999999872
 20
-80.6841079999999948
 30
0
 11
146.8732109999999977
 21
-69.9128839999999911
 31
0
  0
LINE
  5
944
330
1B
100
AcDbEntity
  8
B.Cu
  6
CONTINUOUS
100
AcDbLine
 10
146.8732109999999977
 20
-69.9128839999999911
 30
0
 11
146.8454339999999831
 21
-69.8583670000000012
 31
0
  0
LINE
  5
945
330
1B
100
AcDbEntity
  8
B.Cu
  6
CONTINUOUS
100
AcDbLine
 10
146.8454339999999831
 20
-69.8583670000000012
 30
0
 11
146.8550050000000056
 21
-69.7979349999999954
 31
0
  0
LINE
  5
946
330
1B
100
AcDbEntity
  8
B.Cu
  6
CONTINUOUS
100
AcDbLine
 10
146.8550050000000056
 20
-69.7979349999999954
 30
0
 11
146.8982699999999966
 21
-69.7546699999999902
 31
0
  0
LINE
  5
947
330
1B
100
AcDbEntity
  8
B.Cu
  6
CONTINUOUS
100
AcDbLine
 10
146.8982699999999966
 20
-69.7546699999999902
 30
0
 11
146.9587019999999882
 21
-69.7450989999999962
 31
0
  0
LINE
  5
948
330
1B
100
AcDbEntity
  8
B.Cu
  6
CONTINUOUS
100
AcDbLine
 10
146.9587019999999882
 20
-69.7450989999999962
 30
0
 11
146.9811009999999953
 21
-69.7514159999999919
 31
0
  0
LINE
  5
949
330
1B
100
AcDbEntity
  8
B.Cu
  6
CONTINUOUS
100
AcDbLine
 10
146.9811009999999953
 20
-69.7514159999999919
 30
0
 11
147.1012350000000026
 21
-69.8011769999999956
 31
0
  0
LINE
  5
94A
330
1B
100
AcDbEntity
  8
B.Cu
  6
CONTINUOUS
100
AcDbLine
 10
147.1012350000000026
 20
-69.8011769999999956
 30
0
 11
147.1012340000000052
 21
-69.8011769999999956
 31
0
  0
LINE
  5
94B
330
1B
100
AcDbEntity
  8
B.Cu
  6
CONTINUOUS
100
AcDbLine
 10
147.1012340000000052
 20
-69.8011769999999956
 30
0
 11
147.1699999999999875
 21
-69.8148539999999969
 31
0
  0
LINE
  5
94C
330
1B
100
AcDbEntity
  8
B.Cu
  6
CONTINUOUS
100
AcDbLine
 10
147.1699999999999875
 20
-69.8148539999999969
 30
0
 11
147.1699999999999875
 21
-69.5530159999999995
 31
0
  0
LINE
  5
94D
330
1B
100
AcDbEntity
  8
B.Cu
  6
CONTINUOUS
100
AcDbLine
 10
147.1699999999999875
 20
-69.5530159999999995
 30
0
 11
147.1286580000000015
 21
-69.5419389999999993
 31
0
  0
LINE
  5
94E
330
1B
100
AcDbEntity
  8
B.Cu
  6
CONTINUOUS
100
AcDbLine
 10
147.1286580000000015
 20
-69.5419389999999993
 30
0
 11
147.0156189999999867
 21
-69.4766759999999977
 31
0
  0
LINE
  5
94F
330
1B
100
AcDbEntity
  8
B.Cu
  6
CONTINUOUS
100
AcDbLine
 10
147.0156189999999867
 20
-69.4766759999999977
 30
0
 11
146.9233229999999821
 21
-69.3843799999999931
 31
0
  0
LINE
  5
950
330
1B
100
AcDbEntity
  8
B.Cu
  6
CONTINUOUS
100
AcDbLine
 10
146.9233229999999821
 20
-69.3843799999999931
 30
0
 11
146.8580599999999947
 21
-69.2713409999999925
 31
0
  0
LINE
  5
951
330
1B
100
AcDbEntity
  8
B.Cu
  6
CONTINUOUS
100
AcDbLine
 10
146.8580599999999947
 20
-69.2713409999999925
 30
0
 11
146.8242779999999925
 21
-69.1452620000000024
 31
0
  0
LINE
  5
952
330
1B
100
AcDbEntity
  8
B.Cu
  6
CONTINUOUS
100
AcDbLine
 10
146.8242779999999925
 20
-69.1452620000000024
 30
0
 11
146.8199999999999932
 21
-69.0799990000000008
 31
0
  0
LINE
  5
953
330
1B
100
AcDbEntity
  8
B.Cu
  6
CONTINUOUS
100
AcDbLine
 10
146.8199999999999932
 20
-69.0799990000000008
 30
0
 11
146.8199999999999932
 21
-68.6799989999999951
 31
0
  0
LINE
  5
954
330
1B
100
AcDbEntity
  8
B.Cu
  6
CONTINUOUS
100
AcDbLine
 10
146.8199999999999932
 20
-68.6799989999999951
 30
0
 11
146.5700009999999907
 21
-68.6799989999999951
 31
0
  0
LINE
  5
955
330
1B
100
AcDbEntity
  8
B.Cu
  6
CONTINUOUS
100
AcDbLine
 10
146.5700009999999907
 20
-68.6799989999999951
 30
0
 11
146.5699999999999932
 21
-68.6799999999999926
 31
0
  0
LINE
  5
956
330
1B
100
AcDbEntity
  8
B.Cu
  6
CONTINUOUS
100
AcDbLine
 10
146.5699999999999932
 20
-68.6799999999999926
 30
0
 11
146.5699999999999932
 21
-69.1538699999999977
 31
0
  0
LINE
  5
957
330
1B
100
AcDbEntity
  8
B.Cu
  6
CONTINUOUS
100
AcDbLine
 10
146.5699999999999932
 20
-69.1538699999999977
 30
0
 11
146.5988209999999867
 21
-69.2987629999999939
 31
0
  0
LINE
  5
958
330
1B
100
AcDbEntity
  8
B.Cu
  6
CONTINUOUS
100
AcDbLine
 10
146.5988209999999867
 20
-69.2987629999999939
 30
0
 11
146.5988229999999817
 21
-69.298768999999993
 31
0
  0
LINE
  5
959
330
1B
100
AcDbEntity
  8
B.Cu
  6
CONTINUOUS
100
AcDbLine
 10
146.5988229999999817
 20
-69.298768999999993
 30
0
 11
146.6485820000000047
 21
-69.4188970000000012
 31
0
  0
LINE
  5
95A
330
1B
100
AcDbEntity
  8
B.Cu
  6
CONTINUOUS
100
AcDbLine
 10
146.6485820000000047
 20
-69.4188970000000012
 30
0
 11
146.6533829999999909
 21
-69.4798940000000016
 31
0
  0
LINE
  5
95B
330
1B
100
AcDbEntity
  8
B.Cu
  6
CONTINUOUS
100
AcDbLine
 10
146.6533829999999909
 20
-69.4798940000000016
 30
0
 11
146.6214129999999898
 21
-69.5320629999999937
 31
0
  0
LINE
  5
95C
330
1B
100
AcDbEntity
  8
B.Cu
  6
CONTINUOUS
100
AcDbLine
 10
146.6214129999999898
 20
-69.5320629999999937
 30
0
 11
146.5648850000000039
 21
-69.5554779999999937
 31
0
  0
LINE
  5
95D
330
1B
100
AcDbEntity
  8
B.Cu
  6
CONTINUOUS
100
AcDbLine
 10
146.5648850000000039
 20
-69.5554779999999937
 30
0
 11
146.505391000000003
 21
-69.5411939999999902
 31
0
  0
LINE
  5
95E
330
1B
100
AcDbEntity
  8
B.Cu
  6
CONTINUOUS
100
AcDbLine
 10
146.505391000000003
 20
-69.5411939999999902
 30
0
 11
146.4871139999999912
 21
-69.5267869999999988
 31
0
  0
LINE
  5
95F
330
1B
100
AcDbEntity
  8
B.Cu
  6
CONTINUOUS
100
AcDbLine
 10
146.4871139999999912
 20
-69.5267869999999988
 30
0
 11
145.8542789999999911
 21
-68.8939519999999987
 31
0
  0
LINE
  5
960
330
1B
100
AcDbEntity
  8
B.Cu
  6
CONTINUOUS
100
AcDbLine
 10
145.8542789999999911
 20
-68.8939519999999987
 30
0
 11
145.826502000000005
 21
-68.8394349999999946
 31
0
  0
LINE
  5
961
330
1B
100
AcDbEntity
  8
B.Cu
  6
CONTINUOUS
100
AcDbLine
 10
145.826502000000005
 20
-68.8394349999999946
 30
0
 11
145.836072999999999
 21
-68.779003000000003
 31
0
  0
LINE
  5
962
330
1B
100
AcDbEntity
  8
B.Cu
  6
CONTINUOUS
100
AcDbLine
 10
145.836072999999999
 20
-68.779003000000003
 30
0
 11
145.87933799999999
 21
-68.7357379999999978
 31
0
  0
LINE
  5
963
330
1B
100
AcDbEntity
  8
B.Cu
  6
CONTINUOUS
100
AcDbLine
 10
145.87933799999999
 20
-68.7357379999999978
 30
0
 11
145.8986519999999985
 21
-68.7283240000000006
 31
0
  0
LINE
  5
964
330
1B
100
AcDbEntity
  8
B.Cu
  6
CONTINUOUS
100
AcDbLine
 10
145.8986519999999985
 20
-68.7283240000000006
 30
0
 11
145.9431859999999972
 21
-68.716391999999999
 31
0
  0
LINE
  5
965
330
1B
100
AcDbEntity
  8
B.Cu
  6
CONTINUOUS
100
AcDbLine
 10
145.9431859999999972
 20
-68.716391999999999
 30
0
 11
146.057313999999991
 21
-68.6504999999999939
 31
0
  0
LINE
  5
966
330
1B
100
AcDbEntity
  8
B.Cu
  6
CONTINUOUS
100
AcDbLine
 10
146.057313999999991
 20
-68.6504999999999939
 30
0
 11
146.1504999999999939
 21
-68.557313999999991
 31
0
  0
LINE
  5
967
330
1B
100
AcDbEntity
  8
B.Cu
  6
CONTINUOUS
100
AcDbLine
 10
146.1504999999999939
 20
-68.557313999999991
 30
0
 11
146.2163919999999848
 21
-68.4431859999999972
 31
0
  0
LINE
  5
968
330
1B
100
AcDbEntity
  8
B.Cu
  6
CONTINUOUS
100
AcDbLine
 10
146.2163919999999848
 20
-68.4431859999999972
 30
0
 11
146.2504999999999882
 21
-68.315891999999991
 31
0
  0
LINE
  5
969
330
1B
100
AcDbEntity
  8
B.Cu
  6
CONTINUOUS
100
AcDbLine
 10
146.2504999999999882
 20
-68.315891999999991
 30
0
 11
146.2504999999999882
 21
-68.1841079999999948
 31
0
  0
LINE
  5
96A
330
1B
100
AcDbEntity
  8
B.Cu
  6
CONTINUOUS
100
AcDbLine
 10
146.2504999999999882
 20
-68.1841079999999948
 30
0
 11
146.2163919999999848
 21
-68.0568140000000028
 31
0
  0
LINE
  5
96B
330
1B
100
AcDbEntity
  8
B.Cu
  6
CONTINUOUS
100
AcDbLine
 10
146.2163919999999848
 20
-68.0568140000000028
 30
0
 11
146.2153979999999933
 21
-68.0550929999999994
 31
0
  0
LINE
  5
96C
330
1B
100
AcDbEntity
  8
B.Cu
  6
CONTINUOUS
100
AcDbLine
 10
146.2153979999999933
 20
-68.0550929999999994
 30
0
 11
146.1551649999999825
 21
-67.9507660000000016
 31
0
  0
LINE
  5
96D
330
1B
100
AcDbEntity
  8
B.Cu
  6
CONTINUOUS
100
AcDbLine
 10
146.1551649999999825
 20
-67.9507660000000016
 30
0
 11
146.155163999999985
 21
-67.9507639999999924
 31
0
  0
LINE
  5
96E
330
1B
100
AcDbEntity
  8
B.Cu
  6
CONTINUOUS
100
AcDbLine
 10
146.155163999999985
 20
-67.9507639999999924
 30
0
 11
146.1505009999999913
 21
-67.942688000000004
 31
0
  0
LINE
  5
96F
330
1B
100
AcDbEntity
  8
B.Cu
  6
CONTINUOUS
100
AcDbLine
 10
146.1505009999999913
 20
-67.942688000000004
 30
0
 11
146.1504999999999939
 21
-67.9426859999999948
 31
0
  0
LINE
  5
970
330
1B
100
AcDbEntity
  8
B.Cu
  6
CONTINUOUS
100
AcDbLine
 10
146.1504999999999939
 20
-67.9426859999999948
 30
0
 11
146.057313999999991
 21
-67.8494999999999919
 31
0
  0
LINE
  5
971
330
1B
100
AcDbEntity
  8
B.Cu
  6
CONTINUOUS
100
AcDbLine
 10
146.057313999999991
 20
-67.8494999999999919
 30
0
 11
146.0573109999999986
 21
-67.849497999999997
 31
0
  0
LINE
  5
972
330
1B
100
AcDbEntity
  8
B.Cu
  6
CONTINUOUS
100
AcDbLine
 10
146.0573109999999986
 20
-67.849497999999997
 30
0
 11
146.0573090000000036
 21
-67.849496000000002
 31
0
  0
LINE
  5
973
330
1B
100
AcDbEntity
  8
B.Cu
  6
CONTINUOUS
100
AcDbLine
 10
146.0573090000000036
 20
-67.849496000000002
 30
0
 11
145.9431889999999896
 21
-67.7836089999999984
 31
0
  0
LINE
  5
974
330
1B
100
AcDbEntity
  8
B.Cu
  6
CONTINUOUS
100
AcDbLine
 10
145.9431889999999896
 20
-67.7836089999999984
 30
0
 11
145.9431909999999846
 21
-67.7836089999999984
 31
0
  0
LINE
  5
975
330
1B
100
AcDbEntity
  8
B.Cu
  6
CONTINUOUS
100
AcDbLine
 10
145.9431909999999846
 20
-67.7836089999999984
 30
0
 11
145.8937990000000013
 21
-67.7703750000000014
 31
0
  0
LINE
  5
976
330
1B
100
AcDbEntity
  8
B.Cu
  6
CONTINUOUS
100
AcDbLine
 10
145.8937990000000013
 20
-67.7703750000000014
 30
0
 11
145.815891999999991
 21
-67.7494999999999976
 31
0
  0
LINE
  5
977
330
1B
100
AcDbEntity
  8
B.Cu
  6
CONTINUOUS
100
AcDbLine
 10
145.815891999999991
 20
-67.7494999999999976
 30
0
 11
145.6841079999999806
 21
-67.7494999999999976
 31
0
  0
LINE
  5
978
330
1B
100
AcDbEntity
  8
B.Cu
  6
CONTINUOUS
100
AcDbLine
 10
145.6841079999999806
 20
-67.7494999999999976
 30
0
 11
145.6062000000000012
 21
-67.7703750000000014
 31
0
  0
LINE
  5
979
330
1B
100
AcDbEntity
  8
B.Cu
  6
CONTINUOUS
100
AcDbLine
 10
145.6062000000000012
 20
-67.7703750000000014
 30
0
 11
145.556808999999987
 21
-67.7836089999999984
 31
0
  0
LINE
  5
97A
330
1B
100
AcDbEntity
  8
B.Cu
  6
CONTINUOUS
100
AcDbLine
 10
145.556808999999987
 20
-67.7836089999999984
 30
0
 11
145.4426899999999989
 21
-67.849496000000002
 31
0
  0
LINE
  5
97B
330
1B
100
AcDbEntity
  8
B.Cu
  6
CONTINUOUS
100
AcDbLine
 10
145.4426899999999989
 20
-67.849496000000002
 30
0
 11
145.3494959999999878
 21
-67.9426899999999989
 31
0
  0
LINE
  5
97C
330
1B
100
AcDbEntity
  8
B.Cu
  6
CONTINUOUS
100
AcDbLine
 10
145.3494959999999878
 20
-67.9426899999999989
 30
0
 11
145.2836089999999842
 21
-68.0568090000000012
 31
0
  0
LINE
  5
97D
330
1B
100
AcDbEntity
  8
B.Cu
  6
CONTINUOUS
100
AcDbLine
 10
145.2836089999999842
 20
-68.0568090000000012
 30
0
 11
145.2716779999999801
 21
-68.1013389999999958
 31
0
  0
LINE
  5
97E
330
1B
100
AcDbEntity
  8
B.Cu
  6
CONTINUOUS
100
AcDbLine
 10
145.2716779999999801
 20
-68.1013389999999958
 30
0
 11
145.2383539999999869
 21
-68.1526539999999983
 31
0
  0
LINE
  5
97F
330
1B
100
AcDbEntity
  8
B.Cu
  6
CONTINUOUS
100
AcDbLine
 10
145.2383539999999869
 20
-68.1526539999999983
 30
0
 11
145.1812319999999943
 21
-68.1745799999999917
 31
0
  0
LINE
  5
980
330
1B
100
AcDbEntity
  8
B.Cu
  6
CONTINUOUS
100
AcDbLine
 10
145.1812319999999943
 20
-68.1745799999999917
 30
0
 11
145.1221319999999935
 21
-68.1587439999999987
 31
0
  0
LINE
  5
981
330
1B
100
AcDbEntity
  8
B.Cu
  6
CONTINUOUS
100
AcDbLine
 10
145.1221319999999935
 20
-68.1587439999999987
 30
0
 11
145.1060469999999896
 21
-68.1457199999999972
 31
0
  0
LINE
  5
982
330
1B
100
AcDbEntity
  8
B.Cu
  6
CONTINUOUS
100
AcDbLine
 10
145.1060469999999896
 20
-68.1457199999999972
 30
0
 11
144.70982699999999
 21
-67.7494999999999976
 31
0
  0
LINE
  5
983
330
1B
100
AcDbEntity
  8
B.Cu
  6
CONTINUOUS
100
AcDbLine
 10
144.70982699999999
 20
-67.7494999999999976
 30
0
 11
144.2998619999999903
 21
-67.3395349999999979
 31
0
  0
LINE
  5
984
330
1B
100
AcDbEntity
  8
B.Cu
  6
CONTINUOUS
100
AcDbLine
 10
144.2998619999999903
 20
-67.3395349999999979
 30
0
 11
144.2998589999999979
 21
-67.339533000000003
 31
0
  0
LINE
  5
985
330
1B
100
AcDbEntity
  8
B.Cu
  6
CONTINUOUS
100
AcDbLine
 10
144.2998589999999979
 20
-67.339533000000003
 30
0
 11
144.2998580000000004
 21
-67.3395319999999913
 31
0
  0
LINE
  5
986
330
1B
100
AcDbEntity
  8
B.Cu
  6
CONTINUOUS
100
AcDbLine
 10
144.2998580000000004
 20
-67.3395319999999913
 30
0
 11
144.2998570000000029
 21
-67.3395309999999938
 31
0
  0
LINE
  5
987
330
1B
100
AcDbEntity
  8
B.Cu
  6
CONTINUOUS
100
AcDbLine
 10
144.2998570000000029
 20
-67.3395309999999938
 30
0
 11
144.2256419999999935
 21
-67.2966830000000016
 31
0
  0
LINE
  5
988
330
1B
100
AcDbEntity
  8
B.Cu
  6
CONTINUOUS
100
AcDbLine
 10
144.2256419999999935
 20
-67.2966830000000016
 30
0
 11
144.2256439999999884
 21
-67.2966830000000016
 31
0
  0
LINE
  5
989
330
1B
100
AcDbEntity
  8
B.Cu
  6
CONTINUOUS
100
AcDbLine
 10
144.2256439999999884
 20
-67.2966830000000016
 30
0
 11
144.1935210000000041
 21
-67.2880760000000038
 31
0
  0
LINE
  5
98A
330
1B
100
AcDbEntity
  8
B.Cu
  6
CONTINUOUS
100
AcDbLine
 10
144.1935210000000041
 20
-67.2880760000000038
 30
0
 11
144.1428530000000023
 21
-67.2745000000000033
 31
0
  0
LINE
  5
98B
330
1B
100
AcDbEntity
  8
B.Cu
  6
CONTINUOUS
100
AcDbLine
 10
144.1428530000000023
 20
-67.2745000000000033
 30
0
 11
139.4428529999999853
 21
-67.2745000000000033
 31
0
  0
LINE
  5
98C
330
1B
100
AcDbEntity
  8
B.Cu
  6
CONTINUOUS
100
AcDbLine
 10
139.4428529999999853
 20
-67.2745000000000033
 30
0
 11
139.3571469999999977
 21
-67.2745000000000033
 31
0
  0
LINE
  5
98D
330
1B
100
AcDbEntity
  8
B.Cu
  6
CONTINUOUS
100
AcDbLine
 10
139.3571469999999977
 20
-67.2745000000000033
 30
0
 11
139.3064779999999985
 21
-67.2880760000000038
 31
0
  0
LINE
  5
98E
330
1B
100
AcDbEntity
  8
B.Cu
  6
CONTINUOUS
100
AcDbLine
 10
167.2494999999999834
 20
-88.815891999999991
 30
0
 11
167.279578999999984
 21
-88.9281509999999997
 31
0
  0
LINE
  5
98F
330
1B
100
AcDbEntity
  8
B.Cu
  6
CONTINUOUS
100
AcDbLine
 10
167.279578999999984
 20
-88.9281509999999997
 30
0
 11
167.2836089999999842
 21
-88.9431900000000013
 31
0
  0
LINE
  5
990
330
1B
100
AcDbEntity
  8
B.Cu
  6
CONTINUOUS
100
AcDbLine
 10
167.2836089999999842
 20
-88.9431900000000013
 30
0
 11
167.3494959999999878
 21
-89.0573089999999894
 31
0
  0
LINE
  5
991
330
1B
100
AcDbEntity
  8
B.Cu
  6
CONTINUOUS
100
AcDbLine
 10
167.3494959999999878
 20
-89.0573089999999894
 30
0
 11
167.3494979999999828
 21
-89.0573109999999986
 31
0
  0
LINE
  5
992
330
1B
100
AcDbEntity
  8
B.Cu
  6
CONTINUOUS
100
AcDbLine
 10
167.3494979999999828
 20
-89.0573109999999986
 30
0
 11
167.3495000000000061
 21
-89.057313999999991
 31
0
  0
LINE
  5
993
330
1B
100
AcDbEntity
  8
B.Cu
  6
CONTINUOUS
100
AcDbLine
 10
167.3495000000000061
 20
-89.057313999999991
 30
0
 11
167.4426859999999806
 21
-89.1504999999999939
 31
0
  0
LINE
  5
994
330
1B
100
AcDbEntity
  8
B.Cu
  6
CONTINUOUS
100
AcDbLine
 10
167.4426859999999806
 20
-89.1504999999999939
 30
0
 11
167.442688000000004
 21
-89.1505009999999913
 31
0
  0
LINE
  5
995
330
1B
100
AcDbEntity
  8
B.Cu
  6
CONTINUOUS
100
AcDbLine
 10
167.442688000000004
 20
-89.1505009999999913
 30
0
 11
167.4455039999999997
 21
-89.1533170000000013
 31
0
  0
LINE
  5
996
330
1B
100
AcDbEntity
  8
B.Cu
  6
CONTINUOUS
100
AcDbLine
 10
167.4455039999999997
 20
-89.1533170000000013
 30
0
 11
167.4732809999999859
 21
-89.2078339999999912
 31
0
  0
LINE
  5
997
330
1B
100
AcDbEntity
  8
B.Cu
  6
CONTINUOUS
100
AcDbLine
 10
167.4732809999999859
 20
-89.2078339999999912
 30
0
 11
167.4745000000000061
 21
-89.2233209999999985
 31
0
  0
LINE
  5
998
330
1B
100
AcDbEntity
  8
B.Cu
  6
CONTINUOUS
100
AcDbLine
 10
167.4745000000000061
 20
-89.2233209999999985
 30
0
 11
167.4745000000000061
 21
-89.7571469999999891
 31
0
  0
LINE
  5
999
330
1B
100
AcDbEntity
  8
B.Cu
  6
CONTINUOUS
100
AcDbLine
 10
167.4745000000000061
 20
-89.7571469999999891
 30
0
 11
167.4745000000000061
 21
-89.842852999999991
 31
0
  0
LINE
  5
99A
330
1B
100
AcDbEntity
  8
B.Cu
  6
CONTINUOUS
100
AcDbLine
 10
167.4745000000000061
 20
-89.842852999999991
 30
0
 11
167.4940619999999853
 21
-89.9158630000000016
 31
0
  0
LINE
  5
99B
330
1B
100
AcDbEntity
  8
B.Cu
  6
CONTINUOUS
100
AcDbLine
 10
167.4940619999999853
 20
-89.9158630000000016
 30
0
 11
167.4966829999999902
 21
-89.9256429999999938
 31
0
  0
LINE
  5
99C
330
1B
100
AcDbEntity
  8
B.Cu
  6
CONTINUOUS
100
AcDbLine
 10
167.4966829999999902
 20
-89.9256429999999938
 30
0
 11
167.5395309999999824
 21
-89.9998569999999916
 31
0
  0
LINE
  5
99D
330
1B
100
AcDbEntity
  8
B.Cu
  6
CONTINUOUS
100
AcDbLine
 10
167.5395309999999824
 20
-89.9998569999999916
 30
0
 11
167.5395350000000008
 21
-89.9998619999999931
 31
0
  0
LINE
  5
99E
330
1B
100
AcDbEntity
  8
B.Cu
  6
CONTINUOUS
100
AcDbLine
 10
167.5395350000000008
 20
-89.9998619999999931
 30
0
 11
167.645719999999983
 21
-90.1060480000000013
 31
0
  0
LINE
  5
99F
330
1B
100
AcDbEntity
  8
B.Cu
  6
CONTINUOUS
100
AcDbLine
 10
167.645719999999983
 20
-90.1060480000000013
 30
0
 11
167.6734969999999976
 21
-90.1605639999999937
 31
0
  0
LINE
  5
9A0
330
1B
100
AcDbEntity
  8
B.Cu
  6
CONTINUOUS
100
AcDbLine
 10
167.6734969999999976
 20
-90.1605639999999937
 30
0
 11
167.6639250000000061
 21
-90.2209959999999995
 31
0
  0
LINE
  5
9A1
330
1B
100
AcDbEntity
  8
B.Cu
  6
CONTINUOUS
100
AcDbLine
 10
167.6639250000000061
 20
-90.2209959999999995
 30
0
 11
167.6206609999999841
 21
-90.2642609999999905
 31
0
  0
LINE
  5
9A2
330
1B
100
AcDbEntity
  8
B.Cu
  6
CONTINUOUS
100
AcDbLine
 10
167.6206609999999841
 20
-90.2642609999999905
 30
0
 11
167.6013409999999908
 21
-90.2716759999999994
 31
0
  0
LINE
  5
9A3
330
1B
100
AcDbEntity
  8
B.Cu
  6
CONTINUOUS
100
AcDbLine
 10
167.6013409999999908
 20
-90.2716759999999994
 30
0
 11
167.5795909999999935
 21
-90.2775039999999933
 31
0
  0
LINE
  5
9A4
330
1B
100
AcDbEntity
  8
B.Cu
  6
CONTINUOUS
100
AcDbLine
 10
167.5795909999999935
 20
-90.2775039999999933
 30
0
 11
167.556808999999987
 21
-90.2836089999999984
 31
0
  0
LINE
  5
9A5
330
1B
100
AcDbEntity
  8
B.Cu
  6
CONTINUOUS
100
AcDbLine
 10
167.556808999999987
 20
-90.2836089999999984
 30
0
 11
167.4426899999999989
 21
-90.349496000000002
 31
0
  0
LINE
  5
9A6
330
1B
100
AcDbEntity
  8
B.Cu
  6
CONTINUOUS
100
AcDbLine
 10
167.4426899999999989
 20
-90.349496000000002
 30
0
 11
167.3494959999999878
 21
-90.4426899999999989
 31
0
  0
LINE
  5
9A7
330
1B
100
AcDbEntity
  8
B.Cu
  6
CONTINUOUS
100
AcDbLine
 10
167.3494959999999878
 20
-90.4426899999999989
 30
0
 11
167.2836089999999842
 21
-90.5568090000000012
 31
0
  0
LINE
  5
9A8
330
1B
100
AcDbEntity
  8
B.Cu
  6
CONTINUOUS
100
AcDbLine
 10
167.2836089999999842
 20
-90.5568090000000012
 30
0
 11
167.2836079999999868
 21
-90.5568140000000028
 31
0
  0
LINE
  5
9A9
330
1B
100
AcDbEntity
  8
B.Cu
  6
CONTINUOUS
100
AcDbLine
 10
167.2836079999999868
 20
-90.5568140000000028
 30
0
 11
167.2494999999999834
 21
-90.6841079999999948
 31
0
  0
LINE
  5
9AA
330
1B
100
AcDbEntity
  8
B.Cu
  6
CONTINUOUS
100
AcDbLine
 10
167.2494999999999834
 20
-90.6841079999999948
 30
0
 11
167.2494999999999834
 21
-90.815891999999991
 31
0
  0
LINE
  5
9AB
330
1B
100
AcDbEntity
  8
B.Cu
  6
CONTINUOUS
100
AcDbLine
 10
167.2494999999999834
 20
-90.815891999999991
 30
0
 11
167.279578999999984
 21
-90.9281509999999997
 31
0
  0
LINE
  5
9AC
330
1B
100
AcDbEntity
  8
B.Cu
  6
CONTINUOUS
100
AcDbLine
 10
167.279578999999984
 20
-90.9281509999999997
 30
0
 11
167.2836089999999842
 21
-90.9431900000000013
 31
0
  0
LINE
  5
9AD
330
1B
100
AcDbEntity
  8
B.Cu
  6
CONTINUOUS
100
AcDbLine
 10
167.2836089999999842
 20
-90.9431900000000013
 30
0
 11
167.3494959999999878
 21
-91.0573089999999894
 31
0
  0
LINE
  5
9AE
330
1B
100
AcDbEntity
  8
B.Cu
  6
CONTINUOUS
100
AcDbLine
 10
167.3494959999999878
 20
-91.0573089999999894
 30
0
 11
167.3494979999999828
 21
-91.0573109999999986
 31
0
  0
LINE
  5
9AF
330
1B
100
AcDbEntity
  8
B.Cu
  6
CONTINUOUS
100
AcDbLine
 10
167.3494979999999828
 20
-91.0573109999999986
 30
0
 11
167.3495000000000061
 21
-91.057313999999991
 31
0
  0
LINE
  5
9B0
330
1B
100
AcDbEntity
  8
B.Cu
  6
CONTINUOUS
100
AcDbLine
 10
167.3495000000000061
 20
-91.057313999999991
 30
0
 11
167.4426859999999806
 21
-91.1504999999999939
 31
0
  0
LINE
  5
9B1
330
1B
100
AcDbEntity
  8
B.Cu
  6
CONTINUOUS
100
AcDbLine
 10
167.4426859999999806
 20
-91.1504999999999939
 30
0
 11
167.442688000000004
 21
-91.1505009999999913
 31
0
  0
LINE
  5
9B2
330
1B
100
AcDbEntity
  8
B.Cu
  6
CONTINUOUS
100
AcDbLine
 10
167.442688000000004
 20
-91.1505009999999913
 30
0
 11
167.4426899999999989
 21
-91.1505030000000005
 31
0
  0
LINE
  5
9B3
330
1B
100
AcDbEntity
  8
B.Cu
  6
CONTINUOUS
100
AcDbLine
 10
167.4426899999999989
 20
-91.1505030000000005
 30
0
 11
167.5568099999999845
 21
-91.2163899999999899
 31
0
  0
LINE
  5
9B4
330
1B
100
AcDbEntity
  8
B.Cu
  6
CONTINUOUS
100
AcDbLine
 10
167.5568099999999845
 20
-91.2163899999999899
 30
0
 11
167.5568079999999895
 21
-91.2163899999999899
 31
0
  0
LINE
  5
9B5
330
1B
100
AcDbEntity
  8
B.Cu
  6
CONTINUOUS
100
AcDbLine
 10
167.5568079999999895
 20
-91.2163899999999899
 30
0
 11
167.5568119999999794
 21
-91.2163910000000016
 31
0
  0
LINE
  5
9B6
330
1B
100
AcDbEntity
  8
B.Cu
  6
CONTINUOUS
100
AcDbLine
 10
167.5568119999999794
 20
-91.2163910000000016
 30
0
 11
167.5568140000000028
 21
-91.216391999999999
 31
0
  0
LINE
  5
9B7
330
1B
100
AcDbEntity
  8
B.Cu
  6
CONTINUOUS
100
AcDbLine
 10
167.5568140000000028
 20
-91.216391999999999
 30
0
 11
167.6841079999999806
 21
-91.2505000000000024
 31
0
  0
LINE
  5
9B8
330
1B
100
AcDbEntity
  8
B.Cu
  6
CONTINUOUS
100
AcDbLine
 10
167.6841079999999806
 20
-91.2505000000000024
 30
0
 11
167.684110000000004
 21
-91.2505000000000024
 31
0
  0
LINE
  5
9B9
330
1B
100
AcDbEntity
  8
B.Cu
  6
CONTINUOUS
100
AcDbLine
 10
167.684110000000004
 20
-91.2505000000000024
 30
0
 11
167.815889999999996
 21
-91.2505000000000024
 31
0
  0
LINE
  5
9BA
330
1B
100
AcDbEntity
  8
B.Cu
  6
CONTINUOUS
100
AcDbLine
 10
167.815889999999996
 20
-91.2505000000000024
 30
0
 11
167.815891999999991
 21
-91.2505000000000024
 31
0
  0
LINE
  5
9BB
330
1B
100
AcDbEntity
  8
B.Cu
  6
CONTINUOUS
100
AcDbLine
 10
167.815891999999991
 20
-91.2505000000000024
 30
0
 11
167.9431859999999972
 21
-91.216391999999999
 31
0
  0
LINE
  5
9BC
330
1B
100
AcDbEntity
  8
B.Cu
  6
CONTINUOUS
100
AcDbLine
 10
167.9431859999999972
 20
-91.216391999999999
 30
0
 11
167.9431879999999921
 21
-91.2163899999999899
 31
0
  0
LINE
  5
9BD
330
1B
100
AcDbEntity
  8
B.Cu
  6
CONTINUOUS
100
AcDbLine
 10
167.9431879999999921
 20
-91.2163899999999899
 30
0
 11
167.9431899999999871
 21
-91.2163899999999899
 31
0
  0
LINE
  5
9BE
330
1B
100
AcDbEntity
  8
B.Cu
  6
CONTINUOUS
100
AcDbLine
 10
167.9431899999999871
 20
-91.2163899999999899
 30
0
 11
168.0573090000000036
 21
-91.1505030000000005
 31
0
  0
LINE
  5
9BF
330
1B
100
AcDbEntity
  8
B.Cu
  6
CONTINUOUS
100
AcDbLine
 10
168.0573090000000036
 20
-91.1505030000000005
 30
0
 11
168.0573090000000036
 21
-91.1505019999999888
 31
0
  0
LINE
  5
9C0
330
1B
100
AcDbEntity
  8
B.Cu
  6
CONTINUOUS
100
AcDbLine
 10
168.0573090000000036
 20
-91.1505019999999888
 30
0
 11
168.057313999999991
 21
-91.1504999999999939
 31
0
  0
LINE
  5
9C1
330
1B
100
AcDbEntity
  8
B.Cu
  6
CONTINUOUS
100
AcDbLine
 10
168.057313999999991
 20
-91.1504999999999939
 30
0
 11
168.1504999999999939
 21
-91.057313999999991
 31
0
  0
LINE
  5
9C2
330
1B
100
AcDbEntity
  8
B.Cu
  6
CONTINUOUS
100
AcDbLine
 10
168.1504999999999939
 20
-91.057313999999991
 30
0
 11
168.2163919999999848
 21
-90.9431859999999972
 31
0
  0
LINE
  5
9C3
330
1B
100
AcDbEntity
  8
B.Cu
  6
CONTINUOUS
100
AcDbLine
 10
168.2163919999999848
 20
-90.9431859999999972
 30
0
 11
168.228322999999989
 21
-90.8986579999999975
 31
0
  0
LINE
  5
9C4
330
1B
100
AcDbEntity
  8
B.Cu
  6
CONTINUOUS
100
AcDbLine
 10
168.228322999999989
 20
-90.8986579999999975
 30
0
 11
168.2616459999999847
 21
-90.8473460000000017
 31
0
  0
LINE
  5
9C5
330
1B
100
AcDbEntity
  8
B.Cu
  6
CONTINUOUS
100
AcDbLine
 10
168.2616459999999847
 20
-90.8473460000000017
 30
0
 11
168.3187669999999798
 21
-90.8254189999999966
 31
0
  0
LINE
  5
9C6
330
1B
100
AcDbEntity
  8
B.Cu
  6
CONTINUOUS
100
AcDbLine
 10
168.3187669999999798
 20
-90.8254189999999966
 30
0
 11
168.3778680000000065
 21
-90.8412539999999922
 31
0
  0
LINE
  5
9C7
330
1B
100
AcDbEntity
  8
B.Cu
  6
CONTINUOUS
100
AcDbLine
 10
168.3778680000000065
 20
-90.8412539999999922
 30
0
 11
168.393952999999982
 21
-90.8542789999999911
 31
0
  0
LINE
  5
9C8
330
1B
100
AcDbEntity
  8
B.Cu
  6
CONTINUOUS
100
AcDbLine
 10
168.393952999999982
 20
-90.8542789999999911
 30
0
 11
168.7455039999999826
 21
-91.2058299999999917
 31
0
  0
LINE
  5
9C9
330
1B
100
AcDbEntity
  8
B.Cu
  6
CONTINUOUS
100
AcDbLine
 10
168.7455039999999826
 20
-91.2058299999999917
 30
0
 11
168.7732809999999972
 21
-91.2603469999999959
 31
0
  0
LINE
  5
9CA
330
1B
100
AcDbEntity
  8
B.Cu
  6
CONTINUOUS
100
AcDbLine
 10
168.7732809999999972
 20
-91.2603469999999959
 30
0
 11
168.7744999999999891
 21
-91.275833999999989
 31
0
  0
LINE
  5
9CB
330
1B
100
AcDbEntity
  8
B.Cu
  6
CONTINUOUS
100
AcDbLine
 10
168.7744999999999891
 20
-91.275833999999989
 30
0
 11
168.7744999999999891
 21
-97.957146999999992
 31
0
  0
LINE
  5
9CC
330
1B
100
AcDbEntity
  8
B.Cu
  6
CONTINUOUS
100
AcDbLine
 10
168.7744999999999891
 20
-97.957146999999992
 30
0
 11
168.7744999999999891
 21
-98.0428529999999938
 31
0
  0
LINE
  5
9CD
330
1B
100
AcDbEntity
  8
B.Cu
  6
CONTINUOUS
100
AcDbLine
 10
168.7744999999999891
 20
-98.0428529999999938
 30
0
 11
168.7940619999999967
 21
-98.1158629999999903
 31
0
  0
LINE
  5
9CE
330
1B
100
AcDbEntity
  8
B.Cu
  6
CONTINUOUS
100
AcDbLine
 10
168.7940619999999967
 20
-98.1158629999999903
 30
0
 11
168.7966830000000016
 21
-98.1256429999999966
 31
0
  0
LINE
  5
9CF
330
1B
100
AcDbEntity
  8
B.Cu
  6
CONTINUOUS
100
AcDbLine
 10
168.7966830000000016
 20
-98.1256429999999966
 30
0
 11
168.8395309999999938
 21
-98.1998569999999944
 31
0
  0
LINE
  5
9D0
330
1B
100
AcDbEntity
  8
B.Cu
  6
CONTINUOUS
100
AcDbLine
 10
168.8395309999999938
 20
-98.1998569999999944
 30
0
 11
168.8395349999999837
 21
-98.199861999999996
 31
0
  0
LINE
  5
9D1
330
1B
100
AcDbEntity
  8
B.Cu
  6
CONTINUOUS
100
AcDbLine
 10
168.8395349999999837
 20
-98.199861999999996
 30
0
 11
169.2247809999999788
 21
-98.5851089999999886
 31
0
  0
LINE
  5
9D2
330
1B
100
AcDbEntity
  8
B.Cu
  6
CONTINUOUS
100
AcDbLine
 10
169.2247809999999788
 20
-98.5851089999999886
 30
0
 11
169.2525579999999934
 21
-98.6396249999999952
 31
0
  0
LINE
  5
9D3
330
1B
100
AcDbEntity
  8
B.Cu
  6
CONTINUOUS
100
AcDbLine
 10
169.2525579999999934
 20
-98.6396249999999952
 30
0
 11
169.2504040000000032
 21
-98.6807319999999919
 31
0
  0
LINE
  5
9D4
330
1B
100
AcDbEntity
  8
B.Cu
  6
CONTINUOUS
100
AcDbLine
 10
169.2504040000000032
 20
-98.6807319999999919
 30
0
 11
169.2494999999999834
 21
-98.6841029999999932
 31
0
  0
LINE
  5
9D5
330
1B
100
AcDbEntity
  8
B.Cu
  6
CONTINUOUS
100
AcDbLine
 10
169.2494999999999834
 20
-98.6841029999999932
 30
0
 11
169.2494999999999834
 21
-98.6841079999999948
 31
0
  0
LINE
  5
9D6
330
1B
100
AcDbEntity
  8
B.Cu
  6
CONTINUOUS
100
AcDbLine
 10
169.2494999999999834
 20
-98.6841079999999948
 30
0
 11
169.2494999999999834
 21
-98.815891999999991
 31
0
  0
LINE
  5
9D7
330
1B
100
AcDbEntity
  8
B.Cu
  6
CONTINUOUS
100
AcDbLine
 10
169.2494999999999834
 20
-98.815891999999991
 30
0
 11
169.279578999999984
 21
-98.9281509999999997
 31
0
  0
LINE
  5
9D8
330
1B
100
AcDbEntity
  8
B.Cu
  6
CONTINUOUS
100
AcDbLine
 10
169.279578999999984
 20
-98.9281509999999997
 30
0
 11
169.2836089999999842
 21
-98.9431900000000013
 31
0
  0
LINE
  5
9D9
330
1B
100
AcDbEntity
  8
B.Cu
  6
CONTINUOUS
100
AcDbLine
 10
169.2836089999999842
 20
-98.9431900000000013
 30
0
 11
169.3494959999999878
 21
-99.0573089999999894
 31
0
  0
LINE
  5
9DA
330
1B
100
AcDbEntity
  8
B.Cu
  6
CONTINUOUS
100
AcDbLine
 10
169.3494959999999878
 20
-99.0573089999999894
 30
0
 11
169.3494979999999828
 21
-99.0573109999999986
 31
0
  0
LINE
  5
9DB
330
1B
100
AcDbEntity
  8
B.Cu
  6
CONTINUOUS
100
AcDbLine
 10
169.3494979999999828
 20
-99.0573109999999986
 30
0
 11
169.3495000000000061
 21
-99.057313999999991
 31
0
  0
LINE
  5
9DC
330
1B
100
AcDbEntity
  8
B.Cu
  6
CONTINUOUS
100
AcDbLine
 10
169.3495000000000061
 20
-99.057313999999991
 30
0
 11
169.4426859999999806
 21
-99.1504999999999939
 31
0
  0
LINE
  5
9DD
330
1B
100
AcDbEntity
  8
B.Cu
  6
CONTINUOUS
100
AcDbLine
 10
169.4426859999999806
 20
-99.1504999999999939
 30
0
 11
169.442688000000004
 21
-99.1505009999999913
 31
0
  0
LINE
  5
9DE
330
1B
100
AcDbEntity
  8
B.Cu
  6
CONTINUOUS
100
AcDbLine
 10
169.442688000000004
 20
-99.1505009999999913
 30
0
 11
169.4426899999999989
 21
-99.1505030000000005
 31
0
  0
LINE
  5
9DF
330
1B
100
AcDbEntity
  8
B.Cu
  6
CONTINUOUS
100
AcDbLine
 10
169.4426899999999989
 20
-99.1505030000000005
 30
0
 11
169.5568099999999845
 21
-99.2163899999999899
 31
0
  0
LINE
  5
9E0
330
1B
100
AcDbEntity
  8
B.Cu
  6
CONTINUOUS
100
AcDbLine
 10
169.5568099999999845
 20
-99.2163899999999899
 30
0
 11
169.5568079999999895
 21
-99.2163899999999899
 31
0
  0
LINE
  5
9E1
330
1B
100
AcDbEntity
  8
B.Cu
  6
CONTINUOUS
100
AcDbLine
 10
169.5568079999999895
 20
-99.2163899999999899
 30
0
 11
169.5568119999999794
 21
-99.2163910000000016
 31
0
  0
LINE
  5
9E2
330
1B
100
AcDbEntity
  8
B.Cu
  6
CONTINUOUS
100
AcDbLine
 10
169.5568119999999794
 20
-99.2163910000000016
 30
0
 11
169.5568140000000028
 21
-99.216391999999999
 31
0
  0
LINE
  5
9E3
330
1B
100
AcDbEntity
  8
B.Cu
  6
CONTINUOUS
100
AcDbLine
 10
169.5568140000000028
 20
-99.216391999999999
 30
0
 11
169.6841079999999806
 21
-99.2505000000000024
 31
0
  0
LINE
  5
9E4
330
1B
100
AcDbEntity
  8
B.Cu
  6
CONTINUOUS
100
AcDbLine
 10
169.6841079999999806
 20
-99.2505000000000024
 30
0
 11
169.684110000000004
 21
-99.2505000000000024
 31
0
  0
LINE
  5
9E5
330
1B
100
AcDbEntity
  8
B.Cu
  6
CONTINUOUS
100
AcDbLine
 10
169.684110000000004
 20
-99.2505000000000024
 30
0
 11
169.8158870000000036
 21
-99.2505000000000024
 31
0
  0
LINE
  5
9E6
330
1B
100
AcDbEntity
  8
B.Cu
  6
CONTINUOUS
100
AcDbLine
 10
169.8158870000000036
 20
-99.2505000000000024
 30
0
 11
169.815891999999991
 21
-99.2505000000000024
 31
0
  0
LINE
  5
9E7
330
1B
100
AcDbEntity
  8
B.Cu
  6
CONTINUOUS
100
AcDbLine
 10
169.815891999999991
 20
-99.2505000000000024
 30
0
 11
169.8192569999999932
 21
-99.2495979999999918
 31
0
  0
LINE
  5
9E8
330
1B
100
AcDbEntity
  8
B.Cu
  6
CONTINUOUS
100
AcDbLine
 10
169.8192569999999932
 20
-99.2495979999999918
 30
0
 11
169.8217510000000061
 21
-99.2497279999999904
 31
0
  0
LINE
  5
9E9
330
1B
100
AcDbEntity
  8
B.Cu
  6
CONTINUOUS
100
AcDbLine
 10
169.8217510000000061
 20
-99.2497279999999904
 30
0
 11
169.8223260000000039
 21
-99.249652999999995
 31
0
  0
LINE
  5
9EA
330
1B
100
AcDbEntity
  8
B.Cu
  6
CONTINUOUS
100
AcDbLine
 10
169.8223260000000039
 20
-99.249652999999995
 30
0
 11
169.822339999999997
 21
-99.2497589999999974
 31
0
  0
LINE
  5
9EB
330
1B
100
AcDbEntity
  8
B.Cu
  6
CONTINUOUS
100
AcDbLine
 10
169.822339999999997
 20
-99.2497589999999974
 30
0
 11
169.8803539999999828
 21
-99.2527929999999969
 31
0
  0
LINE
  5
9EC
330
1B
100
AcDbEntity
  8
B.Cu
  6
CONTINUOUS
100
AcDbLine
 10
169.8803539999999828
 20
-99.2527929999999969
 30
0
 11
169.914890999999983
 21
-99.2752179999999953
 31
0
  0
LINE
  5
9ED
330
1B
100
AcDbEntity
  8
B.Cu
  6
CONTINUOUS
100
AcDbLine
 10
169.914890999999983
 20
-99.2752179999999953
 30
0
 11
171.2247809999999788
 21
-100.5851069999999936
 31
0
  0
LINE
  5
9EE
330
1B
100
AcDbEntity
  8
B.Cu
  6
CONTINUOUS
100
AcDbLine
 10
171.2247809999999788
 20
-100.5851069999999936
 30
0
 11
171.2525579999999934
 21
-100.6396239999999977
 31
0
  0
LINE
  5
9EF
330
1B
100
AcDbEntity
  8
B.Cu
  6
CONTINUOUS
100
AcDbLine
 10
171.2525579999999934
 20
-100.6396239999999977
 30
0
 11
171.2504059999999981
 21
-100.6807259999999928
 31
0
  0
LINE
  5
9F0
330
1B
100
AcDbEntity
  8
B.Cu
  6
CONTINUOUS
100
AcDbLine
 10
171.2504059999999981
 20
-100.6807259999999928
 30
0
 11
171.2494999999999834
 21
-100.6841059999999999
 31
0
  0
LINE
  5
9F1
330
1B
100
AcDbEntity
  8
B.Cu
  6
CONTINUOUS
100
AcDbLine
 10
171.2494999999999834
 20
-100.6841059999999999
 30
0
 11
171.2494999999999834
 21
-100.6841079999999948
 31
0
  0
LINE
  5
9F2
330
1B
100
AcDbEntity
  8
B.Cu
  6
CONTINUOUS
100
AcDbLine
 10
171.2494999999999834
 20
-100.6841079999999948
 30
0
 11
171.2494999999999834
 21
-100.815891999999991
 31
0
  0
LINE
  5
9F3
330
1B
100
AcDbEntity
  8
B.Cu
  6
CONTINUOUS
100
AcDbLine
 10
171.2494999999999834
 20
-100.815891999999991
 30
0
 11
171.279578999999984
 21
-100.9281509999999997
 31
0
  0
LINE
  5
9F4
330
1B
100
AcDbEntity
  8
B.Cu
  6
CONTINUOUS
100
AcDbLine
 10
171.279578999999984
 20
-100.9281509999999997
 30
0
 11
171.2836089999999842
 21
-100.9431900000000013
 31
0
  0
LINE
  5
9F5
330
1B
100
AcDbEntity
  8
B.Cu
  6
CONTINUOUS
100
AcDbLine
 10
171.2836089999999842
 20
-100.9431900000000013
 30
0
 11
171.3494959999999878
 21
-101.0573089999999894
 31
0
  0
LINE
  5
9F6
330
1B
100
AcDbEntity
  8
B.Cu
  6
CONTINUOUS
100
AcDbLine
 10
171.3494959999999878
 20
-101.0573089999999894
 30
0
 11
171.3494979999999828
 21
-101.0573109999999986
 31
0
  0
LINE
  5
9F7
330
1B
100
AcDbEntity
  8
B.Cu
  6
CONTINUOUS
100
AcDbLine
 10
171.3494979999999828
 20
-101.0573109999999986
 30
0
 11
171.3495000000000061
 21
-101.057313999999991
 31
0
  0
LINE
  5
9F8
330
1B
100
AcDbEntity
  8
B.Cu
  6
CONTINUOUS
100
AcDbLine
 10
171.3495000000000061
 20
-101.057313999999991
 30
0
 11
171.4426859999999806
 21
-101.1504999999999939
 31
0
  0
LINE
  5
9F9
330
1B
100
AcDbEntity
  8
B.Cu
  6
CONTINUOUS
100
AcDbLine
 10
171.4426859999999806
 20
-101.1504999999999939
 30
0
 11
171.442688000000004
 21
-101.1505009999999913
 31
0
  0
LINE
  5
9FA
330
1B
100
AcDbEntity
  8
B.Cu
  6
CONTINUOUS
100
AcDbLine
 10
171.442688000000004
 20
-101.1505009999999913
 30
0
 11
171.4426899999999989
 21
-101.1505030000000005
 31
0
  0
LINE
  5
9FB
330
1B
100
AcDbEntity
  8
B.Cu
  6
CONTINUOUS
100
AcDbLine
 10
171.4426899999999989
 20
-101.1505030000000005
 30
0
 11
171.5568099999999845
 21
-101.2163899999999899
 31
0
  0
LINE
  5
9FC
330
1B
100
AcDbEntity
  8
B.Cu
  6
CONTINUOUS
100
AcDbLine
 10
171.5568099999999845
 20
-101.2163899999999899
 30
0
 11
171.5568079999999895
 21
-101.2163899999999899
 31
0
  0
LINE
  5
9FD
330
1B
100
AcDbEntity
  8
B.Cu
  6
CONTINUOUS
100
AcDbLine
 10
171.5568079999999895
 20
-101.2163899999999899
 30
0
 11
171.5568119999999794
 21
-101.2163910000000016
 31
0
  0
LINE
  5
9FE
330
1B
100
AcDbEntity
  8
B.Cu
  6
CONTINUOUS
100
AcDbLine
 10
171.5568119999999794
 20
-101.2163910000000016
 30
0
 11
171.5568140000000028
 21
-101.216391999999999
 31
0
  0
LINE
  5
9FF
330
1B
100
AcDbEntity
  8
B.Cu
  6
CONTINUOUS
100
AcDbLine
 10
171.5568140000000028
 20
-101.216391999999999
 30
0
 11
171.6841079999999806
 21
-101.2505000000000024
 31
0
  0
LINE
  5
A00
330
1B
100
AcDbEntity
  8
B.Cu
  6
CONTINUOUS
100
AcDbLine
 10
171.6841079999999806
 20
-101.2505000000000024
 30
0
 11
171.684110000000004
 21
-101.2505000000000024
 31
0
  0
LINE
  5
A01
330
1B
100
AcDbEntity
  8
B.Cu
  6
CONTINUOUS
100
AcDbLine
 10
171.684110000000004
 20
-101.2505000000000024
 30
0
 11
171.815889999999996
 21
-101.2505000000000024
 31
0
  0
LINE
  5
A02
330
1B
100
AcDbEntity
  8
B.Cu
  6
CONTINUOUS
100
AcDbLine
 10
171.815889999999996
 20
-101.2505000000000024
 30
0
 11
171.815891999999991
 21
-101.2505000000000024
 31
0
  0
LINE
  5
A03
330
1B
100
AcDbEntity
  8
B.Cu
  6
CONTINUOUS
100
AcDbLine
 10
171.815891999999991
 20
-101.2505000000000024
 30
0
 11
171.9431859999999972
 21
-101.216391999999999
 31
0
  0
LINE
  5
A04
330
1B
100
AcDbEntity
  8
B.Cu
  6
CONTINUOUS
100
AcDbLine
 10
171.9431859999999972
 20
-101.216391999999999
 30
0
 11
171.9431879999999921
 21
-101.2163899999999899
 31
0
  0
LINE
  5
A05
330
1B
100
AcDbEntity
  8
B.Cu
  6
CONTINUOUS
100
AcDbLine
 10
171.9431879999999921
 20
-101.2163899999999899
 30
0
 11
171.9431899999999871
 21
-101.2163899999999899
 31
0
  0
LINE
  5
A06
330
1B
100
AcDbEntity
  8
B.Cu
  6
CONTINUOUS
100
AcDbLine
 10
171.9431899999999871
 20
-101.2163899999999899
 30
0
 11
172.0573090000000036
 21
-101.1505030000000005
 31
0
  0
LINE
  5
A07
330
1B
100
AcDbEntity
  8
B.Cu
  6
CONTINUOUS
100
AcDbLine
 10
172.0573090000000036
 20
-101.1505030000000005
 30
0
 11
172.0573090000000036
 21
-101.1505019999999888
 31
0
  0
LINE
  5
A08
330
1B
100
AcDbEntity
  8
B.Cu
  6
CONTINUOUS
100
AcDbLine
 10
172.0573090000000036
 20
-101.1505019999999888
 30
0
 11
172.057313999999991
 21
-101.1504999999999939
 31
0
  0
LINE
  5
A09
330
1B
100
AcDbEntity
  8
B.Cu
  6
CONTINUOUS
100
AcDbLine
 10
172.057313999999991
 20
-101.1504999999999939
 30
0
 11
172.1504999999999939
 21
-101.057313999999991
 31
0
  0
LINE
  5
A0A
330
1B
100
AcDbEntity
  8
B.Cu
  6
CONTINUOUS
100
AcDbLine
 10
172.1504999999999939
 20
-101.057313999999991
 30
0
 11
172.2163919999999848
 21
-100.9431859999999972
 31
0
  0
LINE
  5
A0B
330
1B
100
AcDbEntity
  8
B.Cu
  6
CONTINUOUS
100
AcDbLine
 10
172.2163919999999848
 20
-100.9431859999999972
 30
0
 11
172.2504999999999882
 21
-100.815891999999991
 31
0
  0
LINE
  5
A0C
330
1B
100
AcDbEntity
  8
B.Cu
  6
CONTINUOUS
100
AcDbLine
 10
172.2504999999999882
 20
-100.815891999999991
 30
0
 11
172.2504999999999882
 21
-100.6841079999999948
 31
0
  0
LINE
  5
A0D
330
1B
100
AcDbEntity
  8
B.Cu
  6
CONTINUOUS
100
AcDbLine
 10
172.2504999999999882
 20
-100.6841079999999948
 30
0
 11
172.2163919999999848
 21
-100.5568139999999886
 31
0
  0
LINE
  5
A0E
330
1B
100
AcDbEntity
  8
B.Cu
  6
CONTINUOUS
100
AcDbLine
 10
172.2163919999999848
 20
-100.5568139999999886
 30
0
 11
172.2163899999999899
 21
-100.5568109999999962
 31
0
  0
LINE
  5
A0F
330
1B
100
AcDbEntity
  8
B.Cu
  6
CONTINUOUS
100
AcDbLine
 10
172.2163899999999899
 20
-100.5568109999999962
 30
0
 11
172.2163899999999899
 21
-100.5568090000000012
 31
0
  0
LINE
  5
A10
330
1B
100
AcDbEntity
  8
B.Cu
  6
CONTINUOUS
100
AcDbLine
 10
172.2163899999999899
 20
-100.5568090000000012
 30
0
 11
172.1505029999999863
 21
-100.4426899999999989
 31
0
  0
LINE
  5
A11
330
1B
100
AcDbEntity
  8
B.Cu
  6
CONTINUOUS
100
AcDbLine
 10
172.1505029999999863
 20
-100.4426899999999989
 30
0
 11
172.1505009999999913
 21
-100.4426879999999898
 31
0
  0
LINE
  5
A12
330
1B
100
AcDbEntity
  8
B.Cu
  6
CONTINUOUS
100
AcDbLine
 10
172.1505009999999913
 20
-100.4426879999999898
 30
0
 11
172.1504999999999939
 21
-100.4426859999999948
 31
0
  0
LINE
  5
A13
330
1B
100
AcDbEntity
  8
B.Cu
  6
CONTINUOUS
100
AcDbLine
 10
172.1504999999999939
 20
-100.4426859999999948
 30
0
 11
172.057313999999991
 21
-100.3494999999999919
 31
0
  0
LINE
  5
A14
330
1B
100
AcDbEntity
  8
B.Cu
  6
CONTINUOUS
100
AcDbLine
 10
172.057313999999991
 20
-100.3494999999999919
 30
0
 11
172.0573109999999986
 21
-100.349497999999997
 31
0
  0
LINE
  5
A15
330
1B
100
AcDbEntity
  8
B.Cu
  6
CONTINUOUS
100
AcDbLine
 10
172.0573109999999986
 20
-100.349497999999997
 30
0
 11
172.0573090000000036
 21
-100.349496000000002
 31
0
  0
LINE
  5
A16
330
1B
100
AcDbEntity
  8
B.Cu
  6
CONTINUOUS
100
AcDbLine
 10
172.0573090000000036
 20
-100.349496000000002
 30
0
 11
171.9431889999999896
 21
-100.2836089999999984
 31
0
  0
LINE
  5
A17
330
1B
100
AcDbEntity
  8
B.Cu
  6
CONTINUOUS
100
AcDbLine
 10
171.9431889999999896
 20
-100.2836089999999984
 30
0
 11
171.9431909999999846
 21
-100.2836089999999984
 31
0
  0
LINE
  5
A18
330
1B
100
AcDbEntity
  8
B.Cu
  6
CONTINUOUS
100
AcDbLine
 10
171.9431909999999846
 20
-100.2836089999999984
 30
0
 11
171.8883199999999931
 21
-100.2689069999999987
 31
0
  0
LINE
  5
A19
330
1B
100
AcDbEntity
  8
B.Cu
  6
CONTINUOUS
100
AcDbLine
 10
171.8883199999999931
 20
-100.2689069999999987
 30
0
 11
171.8332279999999912
 21
-100.2541449999999941
 31
0
  0
LINE
  5
A1A
330
1B
100
AcDbEntity
  8
B.Cu
  6
CONTINUOUS
100
AcDbLine
 10
171.8332279999999912
 20
-100.2541449999999941
 30
0
 11
171.788848999999999
 21
-100.2285229999999956
 31
0
  0
LINE
  5
A1B
330
1B
100
AcDbEntity
  8
B.Cu
  6
CONTINUOUS
100
AcDbLine
 10
171.788848999999999
 20
-100.2285229999999956
 30
0
 11
170.3079500000000053
 21
-98.7476229999999902
 31
0
  0
LINE
  5
A1C
330
1B
100
AcDbEntity
  8
B.Cu
  6
CONTINUOUS
100
AcDbLine
 10
170.3079500000000053
 20
-98.7476229999999902
 30
0
 11
170.2714759999999785
 21
-98.7111489999999918
 31
0
  0
LINE
  5
A1D
330
1B
100
AcDbEntity
  8
B.Cu
  6
CONTINUOUS
100
AcDbLine
 10
170.2714759999999785
 20
-98.7111489999999918
 30
0
 11
170.2558640000000025
 21
-98.6841079999999948
 31
0
  0
LINE
  5
A1E
330
1B
100
AcDbEntity
  8
B.Cu
  6
CONTINUOUS
100
AcDbLine
 10
170.2558640000000025
 20
-98.6841079999999948
 30
0
 11
170.24585399999998
 21
-98.6667699999999996
 31
0
  0
LINE
  5
A1F
330
1B
100
AcDbEntity
  8
B.Cu
  6
CONTINUOUS
100
AcDbLine
 10
170.24585399999998
 20
-98.6667699999999996
 30
0
 11
170.2163919999999848
 21
-98.5568139999999886
 31
0
  0
LINE
  5
A20
330
1B
100
AcDbEntity
  8
B.Cu
  6
CONTINUOUS
100
AcDbLine
 10
170.2163919999999848
 20
-98.5568139999999886
 30
0
 11
170.2163899999999899
 21
-98.5568109999999962
 31
0
  0
LINE
  5
A21
330
1B
100
AcDbEntity
  8
B.Cu
  6
CONTINUOUS
100
AcDbLine
 10
170.2163899999999899
 20
-98.5568109999999962
 30
0
 11
170.2163899999999899
 21
-98.5568090000000012
 31
0
  0
LINE
  5
A22
330
1B
100
AcDbEntity
  8
B.Cu
  6
CONTINUOUS
100
AcDbLine
 10
170.2163899999999899
 20
-98.5568090000000012
 30
0
 11
170.1505029999999863
 21
-98.4426899999999989
 31
0
  0
LINE
  5
A23
330
1B
100
AcDbEntity
  8
B.Cu
  6
CONTINUOUS
100
AcDbLine
 10
170.1505029999999863
 20
-98.4426899999999989
 30
0
 11
170.1505009999999913
 21
-98.4426879999999898
 31
0
  0
LINE
  5
A24
330
1B
100
AcDbEntity
  8
B.Cu
  6
CONTINUOUS
100
AcDbLine
 10
170.1505009999999913
 20
-98.4426879999999898
 30
0
 11
170.1504999999999939
 21
-98.4426859999999948
 31
0
  0
LINE
  5
A25
330
1B
100
AcDbEntity
  8
B.Cu
  6
CONTINUOUS
100
AcDbLine
 10
170.1504999999999939
 20
-98.4426859999999948
 30
0
 11
170.057313999999991
 21
-98.3494999999999919
 31
0
  0
LINE
  5
A26
330
1B
100
AcDbEntity
  8
B.Cu
  6
CONTINUOUS
100
AcDbLine
 10
170.057313999999991
 20
-98.3494999999999919
 30
0
 11
170.0573109999999986
 21
-98.349497999999997
 31
0
  0
LINE
  5
A27
330
1B
100
AcDbEntity
  8
B.Cu
  6
CONTINUOUS
100
AcDbLine
 10
170.0573109999999986
 20
-98.349497999999997
 30
0
 11
170.0573090000000036
 21
-98.349496000000002
 31
0
  0
LINE
  5
A28
330
1B
100
AcDbEntity
  8
B.Cu
  6
CONTINUOUS
100
AcDbLine
 10
170.0573090000000036
 20
-98.349496000000002
 30
0
 11
169.9431889999999896
 21
-98.2836089999999984
 31
0
  0
LINE
  5
A29
330
1B
100
AcDbEntity
  8
B.Cu
  6
CONTINUOUS
100
AcDbLine
 10
169.9431889999999896
 20
-98.2836089999999984
 30
0
 11
169.9431899999999871
 21
-98.2836089999999984
 31
0
  0
LINE
  5
A2A
330
1B
100
AcDbEntity
  8
B.Cu
  6
CONTINUOUS
100
AcDbLine
 10
169.9431899999999871
 20
-98.2836089999999984
 30
0
 11
169.8332309999999836
 21
-98.2541459999999915
 31
0
  0
LINE
  5
A2B
330
1B
100
AcDbEntity
  8
B.Cu
  6
CONTINUOUS
100
AcDbLine
 10
169.8332309999999836
 20
-98.2541459999999915
 30
0
 11
169.7888499999999965
 21
-98.2285229999999956
 31
0
  0
LINE
  5
A2C
330
1B
100
AcDbEntity
  8
B.Cu
  6
CONTINUOUS
100
AcDbLine
 10
169.7888499999999965
 20
-98.2285229999999956
 30
0
 11
169.454496000000006
 21
-97.8941689999999909
 31
0
  0
LINE
  5
A2D
330
1B
100
AcDbEntity
  8
B.Cu
  6
CONTINUOUS
100
AcDbLine
 10
169.454496000000006
 20
-97.8941689999999909
 30
0
 11
169.4267189999999914
 21
-97.839652000000001
 31
0
  0
LINE
  5
A2E
330
1B
100
AcDbEntity
  8
B.Cu
  6
CONTINUOUS
100
AcDbLine
 10
169.4267189999999914
 20
-97.839652000000001
 30
0
 11
169.4254999999999995
 21
-97.8241649999999936
 31
0
  0
LINE
  5
A2F
330
1B
100
AcDbEntity
  8
B.Cu
  6
CONTINUOUS
100
AcDbLine
 10
169.4254999999999995
 20
-97.8241649999999936
 30
0
 11
169.4254999999999995
 21
-97.3101629999999886
 31
0
  0
LINE
  5
A30
330
1B
100
AcDbEntity
  8
B.Cu
  6
CONTINUOUS
100
AcDbLine
 10
169.4254999999999995
 20
-97.3101629999999886
 30
0
 11
169.444406999999984
 21
-97.251971999999995
 31
0
  0
LINE
  5
A31
330
1B
100
AcDbEntity
  8
B.Cu
  6
CONTINUOUS
100
AcDbLine
 10
169.444406999999984
 20
-97.251971999999995
 30
0
 11
169.4939069999999788
 21
-97.2160080000000022
 31
0
  0
LINE
  5
A32
330
1B
100
AcDbEntity
  8
B.Cu
  6
CONTINUOUS
100
AcDbLine
 10
169.4939069999999788
 20
-97.2160080000000022
 30
0
 11
169.5501989999999921
 21
-97.2160080000000022
 31
0
  0
LINE
  5
A33
330
1B
100
AcDbEntity
  8
B.Cu
  6
CONTINUOUS
100
AcDbLine
 10
169.5501989999999921
 20
-97.2160080000000022
 30
0
 11
169.5505459999999971
 21
-97.2147119999999916
 31
0
  0
LINE
  5
A34
330
1B
100
AcDbEntity
  8
B.Cu
  6
CONTINUOUS
100
AcDbLine
 10
169.5505459999999971
 20
-97.2147119999999916
 30
0
 11
169.5568119999999794
 21
-97.2163910000000016
 31
0
  0
LINE
  5
A35
330
1B
100
AcDbEntity
  8
B.Cu
  6
CONTINUOUS
100
AcDbLine
 10
169.5568119999999794
 20
-97.2163910000000016
 30
0
 11
169.5568140000000028
 21
-97.216391999999999
 31
0
  0
LINE
  5
A36
330
1B
100
AcDbEntity
  8
B.Cu
  6
CONTINUOUS
100
AcDbLine
 10
169.5568140000000028
 20
-97.216391999999999
 30
0
 11
169.6841079999999806
 21
-97.2505000000000024
 31
0
  0
LINE
  5
A37
330
1B
100
AcDbEntity
  8
B.Cu
  6
CONTINUOUS
100
AcDbLine
 10
169.6841079999999806
 20
-97.2505000000000024
 30
0
 11
169.684110000000004
 21
-97.2505000000000024
 31
0
  0
LINE
  5
A38
330
1B
100
AcDbEntity
  8
B.Cu
  6
CONTINUOUS
100
AcDbLine
 10
169.684110000000004
 20
-97.2505000000000024
 30
0
 11
169.815889999999996
 21
-97.2505000000000024
 31
0
  0
LINE
  5
A39
330
1B
100
AcDbEntity
  8
B.Cu
  6
CONTINUOUS
100
AcDbLine
 10
169.815889999999996
 20
-97.2505000000000024
 30
0
 11
169.815891999999991
 21
-97.2505000000000024
 31
0
  0
LINE
  5
A3A
330
1B
100
AcDbEntity
  8
B.Cu
  6
CONTINUOUS
100
AcDbLine
 10
169.815891999999991
 20
-97.2505000000000024
 30
0
 11
169.9431859999999972
 21
-97.216391999999999
 31
0
  0
LINE
  5
A3B
330
1B
100
AcDbEntity
  8
B.Cu
  6
CONTINUOUS
100
AcDbLine
 10
169.9431859999999972
 20
-97.216391999999999
 30
0
 11
169.9431879999999921
 21
-97.2163899999999899
 31
0
  0
LINE
  5
A3C
330
1B
100
AcDbEntity
  8
B.Cu
  6
CONTINUOUS
100
AcDbLine
 10
169.9431879999999921
 20
-97.2163899999999899
 30
0
 11
169.9431899999999871
 21
-97.2163899999999899
 31
0
  0
LINE
  5
A3D
330
1B
100
AcDbEntity
  8
B.Cu
  6
CONTINUOUS
100
AcDbLine
 10
169.9431899999999871
 20
-97.2163899999999899
 30
0
 11
170.0573090000000036
 21
-97.1505030000000005
 31
0
  0
LINE
  5
A3E
330
1B
100
AcDbEntity
  8
B.Cu
  6
CONTINUOUS
100
AcDbLine
 10
170.0573090000000036
 20
-97.1505030000000005
 30
0
 11
170.0573090000000036
 21
-97.1505019999999888
 31
0
  0
LINE
  5
A3F
330
1B
100
AcDbEntity
  8
B.Cu
  6
CONTINUOUS
100
AcDbLine
 10
170.0573090000000036
 20
-97.1505019999999888
 30
0
 11
170.057313999999991
 21
-97.1504999999999939
 31
0
  0
LINE
  5
A40
330
1B
100
AcDbEntity
  8
B.Cu
  6
CONTINUOUS
100
AcDbLine
 10
170.057313999999991
 20
-97.1504999999999939
 30
0
 11
170.1504999999999939
 21
-97.057313999999991
 31
0
  0
LINE
  5
A41
330
1B
100
AcDbEntity
  8
B.Cu
  6
CONTINUOUS
100
AcDbLine
 10
170.1504999999999939
 20
-97.057313999999991
 30
0
 11
170.1504999999999939
 21
-97.057311999999996
 31
0
  0
LINE
  5
A42
330
1B
100
AcDbEntity
  8
B.Cu
  6
CONTINUOUS
100
AcDbLine
 10
170.1504999999999939
 20
-97.057311999999996
 30
0
 11
170.1586499999999944
 21
-97.049162999999993
 31
0
  0
LINE
  5
A43
330
1B
100
AcDbEntity
  8
B.Cu
  6
CONTINUOUS
100
AcDbLine
 10
170.1586499999999944
 20
-97.049162999999993
 30
0
 11
170.1586509999999919
 21
-97.0491600000000005
 31
0
  0
LINE
  5
A44
330
1B
100
AcDbEntity
  8
B.Cu
  6
CONTINUOUS
100
AcDbLine
 10
170.1586509999999919
 20
-97.0491600000000005
 30
0
 11
170.2005000000000052
 21
-97.0073129999999964
 31
0
  0
LINE
  5
A45
330
1B
100
AcDbEntity
  8
B.Cu
  6
CONTINUOUS
100
AcDbLine
 10
170.2005000000000052
 20
-97.0073129999999964
 30
0
 11
170.2005010000000027
 21
-97.0073099999999897
 31
0
  0
LINE
  5
A46
330
1B
100
AcDbEntity
  8
B.Cu
  6
CONTINUOUS
100
AcDbLine
 10
170.2005010000000027
 20
-97.0073099999999897
 30
0
 11
170.2005029999999977
 21
-97.0073089999999922
 31
0
  0
LINE
  5
A47
330
1B
100
AcDbEntity
  8
B.Cu
  6
CONTINUOUS
100
AcDbLine
 10
170.2005029999999977
 20
-97.0073089999999922
 30
0
 11
170.2663900000000012
 21
-96.8931889999999925
 31
0
  0
LINE
  5
A48
330
1B
100
AcDbEntity
  8
B.Cu
  6
CONTINUOUS
100
AcDbLine
 10
170.2663900000000012
 20
-96.8931889999999925
 30
0
 11
170.2663900000000012
 21
-96.8931869999999975
 31
0
  0
LINE
  5
A49
330
1B
100
AcDbEntity
  8
B.Cu
  6
CONTINUOUS
100
AcDbLine
 10
170.2663900000000012
 20
-96.8931869999999975
 30
0
 11
170.2663919999999962
 21
-96.8931850000000026
 31
0
  0
LINE
  5
A4A
330
1B
100
AcDbEntity
  8
B.Cu
  6
CONTINUOUS
100
AcDbLine
 10
170.2663919999999962
 20
-96.8931850000000026
 30
0
 11
170.3004999999999995
 21
-96.7658909999999963
 31
0
  0
LINE
  5
A4B
330
1B
100
AcDbEntity
  8
B.Cu
  6
CONTINUOUS
100
AcDbLine
 10
170.3004999999999995
 20
-96.7658909999999963
 30
0
 11
170.3004999999999995
 21
-88.6341079999999977
 31
0
  0
LINE
  5
A4C
330
1B
100
AcDbEntity
  8
B.Cu
  6
CONTINUOUS
100
AcDbLine
 10
170.3004999999999995
 20
-88.6341079999999977
 30
0
 11
170.2663919999999962
 21
-88.5068139999999914
 31
0
  0
LINE
  5
A4D
330
1B
100
AcDbEntity
  8
B.Cu
  6
CONTINUOUS
100
AcDbLine
 10
170.2663919999999962
 20
-88.5068139999999914
 30
0
 11
170.2663900000000012
 21
-88.506810999999999
 31
0
  0
LINE
  5
A4E
330
1B
100
AcDbEntity
  8
B.Cu
  6
CONTINUOUS
100
AcDbLine
 10
170.2663900000000012
 20
-88.506810999999999
 30
0
 11
170.2663900000000012
 21
-88.5068089999999899
 31
0
  0
LINE
  5
A4F
330
1B
100
AcDbEntity
  8
B.Cu
  6
CONTINUOUS
100
AcDbLine
 10
170.2663900000000012
 20
-88.5068089999999899
 30
0
 11
170.2005029999999977
 21
-88.3926900000000018
 31
0
  0
LINE
  5
A50
330
1B
100
AcDbEntity
  8
B.Cu
  6
CONTINUOUS
100
AcDbLine
 10
170.2005029999999977
 20
-88.3926900000000018
 30
0
 11
170.2005010000000027
 21
-88.3926879999999926
 31
0
  0
LINE
  5
A51
330
1B
100
AcDbEntity
  8
B.Cu
  6
CONTINUOUS
100
AcDbLine
 10
170.2005010000000027
 20
-88.3926879999999926
 30
0
 11
170.2005000000000052
 21
-88.3926859999999976
 31
0
  0
LINE
  5
A52
330
1B
100
AcDbEntity
  8
B.Cu
  6
CONTINUOUS
100
AcDbLine
 10
170.2005000000000052
 20
-88.3926859999999976
 30
0
 11
170.1073140000000024
 21
-88.2994999999999948
 31
0
  0
LINE
  5
A53
330
1B
100
AcDbEntity
  8
B.Cu
  6
CONTINUOUS
100
AcDbLine
 10
170.1073140000000024
 20
-88.2994999999999948
 30
0
 11
170.1073109999999815
 21
-88.2994979999999998
 31
0
  0
LINE
  5
A54
330
1B
100
AcDbEntity
  8
B.Cu
  6
CONTINUOUS
100
AcDbLine
 10
170.1073109999999815
 20
-88.2994979999999998
 30
0
 11
170.1073089999999866
 21
-88.2994959999999907
 31
0
  0
LINE
  5
A55
330
1B
100
AcDbEntity
  8
B.Cu
  6
CONTINUOUS
100
AcDbLine
 10
170.1073089999999866
 20
-88.2994959999999907
 30
0
 11
169.993189000000001
 21
-88.2336090000000013
 31
0
  0
LINE
  5
A56
330
1B
100
AcDbEntity
  8
B.Cu
  6
CONTINUOUS
100
AcDbLine
 10
169.993189000000001
 20
-88.2336090000000013
 30
0
 11
169.9931909999999959
 21
-88.2336090000000013
 31
0
  0
LINE
  5
A57
330
1B
100
AcDbEntity
  8
B.Cu
  6
CONTINUOUS
100
AcDbLine
 10
169.9931909999999959
 20
-88.2336090000000013
 30
0
 11
169.9404590000000042
 21
-88.2194799999999901
 31
0
  0
LINE
  5
A58
330
1B
100
AcDbEntity
  8
B.Cu
  6
CONTINUOUS
100
AcDbLine
 10
169.9404590000000042
 20
-88.2194799999999901
 30
0
 11
169.8658920000000023
 21
-88.1995000000000005
 31
0
  0
LINE
  5
A59
330
1B
100
AcDbEntity
  8
B.Cu
  6
CONTINUOUS
100
AcDbLine
 10
169.8658920000000023
 20
-88.1995000000000005
 30
0
 11
169.734107999999992
 21
-88.1995000000000005
 31
0
  0
LINE
  5
A5A
330
1B
100
AcDbEntity
  8
B.Cu
  6
CONTINUOUS
100
AcDbLine
 10
169.734107999999992
 20
-88.1995000000000005
 30
0
 11
169.6595409999999902
 21
-88.2194799999999901
 31
0
  0
LINE
  5
A5B
330
1B
100
AcDbEntity
  8
B.Cu
  6
CONTINUOUS
100
AcDbLine
 10
169.6595409999999902
 20
-88.2194799999999901
 30
0
 11
169.6068089999999984
 21
-88.2336090000000013
 31
0
  0
LINE
  5
A5C
330
1B
100
AcDbEntity
  8
B.Cu
  6
CONTINUOUS
100
AcDbLine
 10
169.6068089999999984
 20
-88.2336090000000013
 30
0
 11
169.4926899999999819
 21
-88.2994959999999907
 31
0
  0
LINE
  5
A5D
330
1B
100
AcDbEntity
  8
B.Cu
  6
CONTINUOUS
100
AcDbLine
 10
169.4926899999999819
 20
-88.2994959999999907
 30
0
 11
169.492683999999997
 21
-88.2994999999999948
 31
0
  0
LINE
  5
A5E
330
1B
100
AcDbEntity
  8
B.Cu
  6
CONTINUOUS
100
AcDbLine
 10
169.492683999999997
 20
-88.2994999999999948
 30
0
 11
169.4426849999999831
 21
-88.3494999999999919
 31
0
  0
LINE
  5
A5F
330
1B
100
AcDbEntity
  8
B.Cu
  6
CONTINUOUS
100
AcDbLine
 10
169.4426849999999831
 20
-88.3494999999999919
 30
0
 11
169.3495000000000061
 21
-88.4426849999999973
 31
0
  0
LINE
  5
A60
330
1B
100
AcDbEntity
  8
B.Cu
  6
CONTINUOUS
100
AcDbLine
 10
169.3495000000000061
 20
-88.4426849999999973
 30
0
 11
169.3494959999999878
 21
-88.4426899999999989
 31
0
  0
LINE
  5
A61
330
1B
100
AcDbEntity
  8
B.Cu
  6
CONTINUOUS
100
AcDbLine
 10
169.3494959999999878
 20
-88.4426899999999989
 30
0
 11
169.2836089999999842
 21
-88.5568090000000012
 31
0
  0
LINE
  5
A62
330
1B
100
AcDbEntity
  8
B.Cu
  6
CONTINUOUS
100
AcDbLine
 10
169.2836089999999842
 20
-88.5568090000000012
 30
0
 11
169.2836079999999868
 21
-88.5568140000000028
 31
0
  0
LINE
  5
A63
330
1B
100
AcDbEntity
  8
B.Cu
  6
CONTINUOUS
100
AcDbLine
 10
169.2836079999999868
 20
-88.5568140000000028
 30
0
 11
169.2494999999999834
 21
-88.6841079999999948
 31
0
  0
LINE
  5
A64
330
1B
100
AcDbEntity
  8
B.Cu
  6
CONTINUOUS
100
AcDbLine
 10
169.2494999999999834
 20
-88.6841079999999948
 30
0
 11
169.2494999999999834
 21
-88.815891999999991
 31
0
  0
LINE
  5
A65
330
1B
100
AcDbEntity
  8
B.Cu
  6
CONTINUOUS
100
AcDbLine
 10
169.2494999999999834
 20
-88.815891999999991
 30
0
 11
169.2836079999999868
 21
-88.9431859999999972
 31
0
  0
LINE
  5
A66
330
1B
100
AcDbEntity
  8
B.Cu
  6
CONTINUOUS
100
AcDbLine
 10
169.2836079999999868
 20
-88.9431859999999972
 30
0
 11
169.286233999999979
 21
-88.9477349999999944
 31
0
  0
LINE
  5
A67
330
1B
100
AcDbEntity
  8
B.Cu
  6
CONTINUOUS
100
AcDbLine
 10
169.286233999999979
 20
-88.9477349999999944
 30
0
 11
169.2994999999999948
 21
-88.9972379999999958
 31
0
  0
LINE
  5
A68
330
1B
100
AcDbEntity
  8
B.Cu
  6
CONTINUOUS
100
AcDbLine
 10
169.2994999999999948
 20
-88.9972379999999958
 30
0
 11
169.2994999999999948
 21
-90.6001649999999898
 31
0
  0
LINE
  5
A69
330
1B
100
AcDbEntity
  8
B.Cu
  6
CONTINUOUS
100
AcDbLine
 10
169.2994999999999948
 20
-90.6001649999999898
 30
0
 11
169.2805929999999819
 21
-90.6583559999999977
 31
0
  0
LINE
  5
A6A
330
1B
100
AcDbEntity
  8
B.Cu
  6
CONTINUOUS
100
AcDbLine
 10
169.2805929999999819
 20
-90.6583559999999977
 30
0
 11
169.2310929999999871
 21
-90.6943199999999905
 31
0
  0
LINE
  5
A6B
330
1B
100
AcDbEntity
  8
B.Cu
  6
CONTINUOUS
100
AcDbLine
 10
169.2310929999999871
 20
-90.6943199999999905
 30
0
 11
169.1699069999999949
 21
-90.6943199999999905
 31
0
  0
LINE
  5
A6C
330
1B
100
AcDbEntity
  8
B.Cu
  6
CONTINUOUS
100
AcDbLine
 10
169.1699069999999949
 20
-90.6943199999999905
 30
0
 11
169.1304959999999937
 21
-90.6701690000000013
 31
0
  0
LINE
  5
A6D
330
1B
100
AcDbEntity
  8
B.Cu
  6
CONTINUOUS
100
AcDbLine
 10
169.1304959999999937
 20
-90.6701690000000013
 30
0
 11
168.1544959999999946
 21
-89.6941690000000023
 31
0
  0
LINE
  5
A6E
330
1B
100
AcDbEntity
  8
B.Cu
  6
CONTINUOUS
100
AcDbLine
 10
168.1544959999999946
 20
-89.6941690000000023
 30
0
 11
168.12671899999998
 21
-89.6396519999999981
 31
0
  0
LINE
  5
A6F
330
1B
100
AcDbEntity
  8
B.Cu
  6
CONTINUOUS
100
AcDbLine
 10
168.12671899999998
 20
-89.6396519999999981
 30
0
 11
168.1254999999999882
 21
-89.6241649999999908
 31
0
  0
LINE
  5
A70
330
1B
100
AcDbEntity
  8
B.Cu
  6
CONTINUOUS
100
AcDbLine
 10
168.1254999999999882
 20
-89.6241649999999908
 30
0
 11
168.1254999999999882
 21
-89.12332099999999
 31
0
  0
LINE
  5
A71
330
1B
100
AcDbEntity
  8
B.Cu
  6
CONTINUOUS
100
AcDbLine
 10
168.1254999999999882
 20
-89.12332099999999
 30
0
 11
168.1444070000000011
 21
-89.0651299999999964
 31
0
  0
LINE
  5
A72
330
1B
100
AcDbEntity
  8
B.Cu
  6
CONTINUOUS
100
AcDbLine
 10
168.1444070000000011
 20
-89.0651299999999964
 30
0
 11
168.14663299999998
 21
-89.0625229999999988
 31
0
  0
LINE
  5
A73
330
1B
100
AcDbEntity
  8
B.Cu
  6
CONTINUOUS
100
AcDbLine
 10
168.14663299999998
 20
-89.0625229999999988
 30
0
 11
168.1465509999999881
 21
-89.0624600000000015
 31
0
  0
LINE
  5
A74
330
1B
100
AcDbEntity
  8
B.Cu
  6
CONTINUOUS
100
AcDbLine
 10
168.1465509999999881
 20
-89.0624600000000015
 30
0
 11
168.150496000000004
 21
-89.0573169999999976
 31
0
  0
LINE
  5
A75
330
1B
100
AcDbEntity
  8
B.Cu
  6
CONTINUOUS
100
AcDbLine
 10
168.150496000000004
 20
-89.0573169999999976
 30
0
 11
168.1504999999999939
 21
-89.057313999999991
 31
0
  0
LINE
  5
A76
330
1B
100
AcDbEntity
  8
B.Cu
  6
CONTINUOUS
100
AcDbLine
 10
168.1504999999999939
 20
-89.057313999999991
 30
0
 11
168.1851849999999899
 21
-88.9972379999999958
 31
0
  0
LINE
  5
A77
330
1B
100
AcDbEntity
  8
B.Cu
  6
CONTINUOUS
100
AcDbLine
 10
168.1851849999999899
 20
-88.9972379999999958
 30
0
 11
168.2163899999999899
 21
-88.9431900000000013
 31
0
  0
LINE
  5
A78
330
1B
100
AcDbEntity
  8
B.Cu
  6
CONTINUOUS
100
AcDbLine
 10
168.2163899999999899
 20
-88.9431900000000013
 30
0
 11
168.2163899999999899
 21
-88.9431879999999921
 31
0
  0
LINE
  5
A79
330
1B
100
AcDbEntity
  8
B.Cu
  6
CONTINUOUS
100
AcDbLine
 10
168.2163899999999899
 20
-88.9431879999999921
 30
0
 11
168.2163919999999848
 21
-88.9431859999999972
 31
0
  0
LINE
  5
A7A
330
1B
100
AcDbEntity
  8
B.Cu
  6
CONTINUOUS
100
AcDbLine
 10
168.2163919999999848
 20
-88.9431859999999972
 30
0
 11
168.2504999999999882
 21
-88.815891999999991
 31
0
  0
LINE
  5
A7B
330
1B
100
AcDbEntity
  8
B.Cu
  6
CONTINUOUS
100
AcDbLine
 10
168.2504999999999882
 20
-88.815891999999991
 30
0
 11
168.2504999999999882
 21
-88.6841079999999948
 31
0
  0
LINE
  5
A7C
330
1B
100
AcDbEntity
  8
B.Cu
  6
CONTINUOUS
100
AcDbLine
 10
168.2504999999999882
 20
-88.6841079999999948
 30
0
 11
168.2163919999999848
 21
-88.5568140000000028
 31
0
  0
LINE
  5
A7D
330
1B
100
AcDbEntity
  8
B.Cu
  6
CONTINUOUS
100
AcDbLine
 10
168.2163919999999848
 20
-88.5568140000000028
 30
0
 11
168.2163899999999899
 21
-88.5568109999999962
 31
0
  0
LINE
  5
A7E
330
1B
100
AcDbEntity
  8
B.Cu
  6
CONTINUOUS
100
AcDbLine
 10
168.2163899999999899
 20
-88.5568109999999962
 30
0
 11
168.2163899999999899
 21
-88.5568090000000012
 31
0
  0
LINE
  5
A7F
330
1B
100
AcDbEntity
  8
B.Cu
  6
CONTINUOUS
100
AcDbLine
 10
168.2163899999999899
 20
-88.5568090000000012
 30
0
 11
168.1505029999999863
 21
-88.4426899999999989
 31
0
  0
LINE
  5
A80
330
1B
100
AcDbEntity
  8
B.Cu
  6
CONTINUOUS
100
AcDbLine
 10
168.1505029999999863
 20
-88.4426899999999989
 30
0
 11
168.1505009999999913
 21
-88.4426879999999898
 31
0
  0
LINE
  5
A81
330
1B
100
AcDbEntity
  8
B.Cu
  6
CONTINUOUS
100
AcDbLine
 10
168.1505009999999913
 20
-88.4426879999999898
 30
0
 11
168.1504999999999939
 21
-88.4426859999999948
 31
0
  0
LINE
  5
A82
330
1B
100
AcDbEntity
  8
B.Cu
  6
CONTINUOUS
100
AcDbLine
 10
168.1504999999999939
 20
-88.4426859999999948
 30
0
 11
168.057313999999991
 21
-88.3494999999999919
 31
0
  0
LINE
  5
A83
330
1B
100
AcDbEntity
  8
B.Cu
  6
CONTINUOUS
100
AcDbLine
 10
168.057313999999991
 20
-88.3494999999999919
 30
0
 11
168.0573109999999986
 21
-88.349497999999997
 31
0
  0
LINE
  5
A84
330
1B
100
AcDbEntity
  8
B.Cu
  6
CONTINUOUS
100
AcDbLine
 10
168.0573109999999986
 20
-88.349497999999997
 30
0
 11
168.0573090000000036
 21
-88.349496000000002
 31
0
  0
LINE
  5
A85
330
1B
100
AcDbEntity
  8
B.Cu
  6
CONTINUOUS
100
AcDbLine
 10
168.0573090000000036
 20
-88.349496000000002
 30
0
 11
167.9431889999999896
 21
-88.2836089999999984
 31
0
  0
LINE
  5
A86
330
1B
100
AcDbEntity
  8
B.Cu
  6
CONTINUOUS
100
AcDbLine
 10
167.9431889999999896
 20
-88.2836089999999984
 30
0
 11
167.9431909999999846
 21
-88.2836089999999984
 31
0
  0
LINE
  5
A87
330
1B
100
AcDbEntity
  8
B.Cu
  6
CONTINUOUS
100
AcDbLine
 10
167.9431909999999846
 20
-88.2836089999999984
 30
0
 11
167.8937990000000013
 21
-88.2703750000000014
 31
0
  0
LINE
  5
A88
330
1B
100
AcDbEntity
  8
B.Cu
  6
CONTINUOUS
100
AcDbLine
 10
167.8937990000000013
 20
-88.2703750000000014
 30
0
 11
167.815891999999991
 21
-88.2494999999999976
 31
0
  0
LINE
  5
A89
330
1B
100
AcDbEntity
  8
B.Cu
  6
CONTINUOUS
100
AcDbLine
 10
167.815891999999991
 20
-88.2494999999999976
 30
0
 11
167.6841079999999806
 21
-88.2494999999999976
 31
0
  0
LINE
  5
A8A
330
1B
100
AcDbEntity
  8
B.Cu
  6
CONTINUOUS
100
AcDbLine
 10
167.6841079999999806
 20
-88.2494999999999976
 30
0
 11
167.6062000000000012
 21
-88.2703750000000014
 31
0
  0
LINE
  5
A8B
330
1B
100
AcDbEntity
  8
B.Cu
  6
CONTINUOUS
100
AcDbLine
 10
167.6062000000000012
 20
-88.2703750000000014
 30
0
 11
167.556808999999987
 21
-88.2836089999999984
 31
0
  0
LINE
  5
A8C
330
1B
100
AcDbEntity
  8
B.Cu
  6
CONTINUOUS
100
AcDbLine
 10
167.556808999999987
 20
-88.2836089999999984
 30
0
 11
167.4426899999999989
 21
-88.349496000000002
 31
0
  0
LINE
  5
A8D
330
1B
100
AcDbEntity
  8
B.Cu
  6
CONTINUOUS
100
AcDbLine
 10
167.4426899999999989
 20
-88.349496000000002
 30
0
 11
167.3494959999999878
 21
-88.4426899999999989
 31
0
  0
LINE
  5
A8E
330
1B
100
AcDbEntity
  8
B.Cu
  6
CONTINUOUS
100
AcDbLine
 10
167.3494959999999878
 20
-88.4426899999999989
 30
0
 11
167.2836089999999842
 21
-88.5568090000000012
 31
0
  0
LINE
  5
A8F
330
1B
100
AcDbEntity
  8
B.Cu
  6
CONTINUOUS
100
AcDbLine
 10
167.2836089999999842
 20
-88.5568090000000012
 30
0
 11
167.2836079999999868
 21
-88.5568140000000028
 31
0
  0
LINE
  5
A90
330
1B
100
AcDbEntity
  8
B.Cu
  6
CONTINUOUS
100
AcDbLine
 10
167.2836079999999868
 20
-88.5568140000000028
 30
0
 11
167.2494999999999834
 21
-88.6841079999999948
 31
0
  0
LINE
  5
A91
330
1B
100
AcDbEntity
  8
B.Cu
  6
CONTINUOUS
100
AcDbLine
 10
167.2494999999999834
 20
-88.6841079999999948
 30
0
 11
167.2494999999999834
 21
-88.815891999999991
 31
0
  0
LINE
  5
A92
330
1B
100
AcDbEntity
  8
B.Cu
  6
CONTINUOUS
100
AcDbLine
 10
129.6290189999999996
 20
-90.2642609999999905
 30
0
 11
129.556808999999987
 21
-90.2836089999999984
 31
0
  0
LINE
  5
A93
330
1B
100
AcDbEntity
  8
B.Cu
  6
CONTINUOUS
100
AcDbLine
 10
129.556808999999987
 20
-90.2836089999999984
 30
0
 11
129.4426899999999989
 21
-90.349496000000002
 31
0
  0
LINE
  5
A94
330
1B
100
AcDbEntity
  8
B.Cu
  6
CONTINUOUS
100
AcDbLine
 10
129.4426899999999989
 20
-90.349496000000002
 30
0
 11
129.3494959999999878
 21
-90.4426899999999989
 31
0
  0
LINE
  5
A95
330
1B
100
AcDbEntity
  8
B.Cu
  6
CONTINUOUS
100
AcDbLine
 10
129.3494959999999878
 20
-90.4426899999999989
 30
0
 11
129.2836089999999842
 21
-90.5568090000000012
 31
0
  0
LINE
  5
A96
330
1B
100
AcDbEntity
  8
B.Cu
  6
CONTINUOUS
100
AcDbLine
 10
129.2836089999999842
 20
-90.5568090000000012
 30
0
 11
129.2836079999999868
 21
-90.5568140000000028
 31
0
  0
LINE
  5
A97
330
1B
100
AcDbEntity
  8
B.Cu
  6
CONTINUOUS
100
AcDbLine
 10
129.2836079999999868
 20
-90.5568140000000028
 30
0
 11
129.2494999999999834
 21
-90.6841079999999948
 31
0
  0
LINE
  5
A98
330
1B
100
AcDbEntity
  8
B.Cu
  6
CONTINUOUS
100
AcDbLine
 10
129.2494999999999834
 20
-90.6841079999999948
 30
0
 11
129.2494999999999834
 21
-90.815891999999991
 31
0
  0
LINE
  5
A99
330
1B
100
AcDbEntity
  8
B.Cu
  6
CONTINUOUS
100
AcDbLine
 10
129.2494999999999834
 20
-90.815891999999991
 30
0
 11
129.279578999999984
 21
-90.9281509999999997
 31
0
  0
LINE
  5
A9A
330
1B
100
AcDbEntity
  8
B.Cu
  6
CONTINUOUS
100
AcDbLine
 10
129.279578999999984
 20
-90.9281509999999997
 30
0
 11
129.2836089999999842
 21
-90.9431900000000013
 31
0
  0
LINE
  5
A9B
330
1B
100
AcDbEntity
  8
B.Cu
  6
CONTINUOUS
100
AcDbLine
 10
129.2836089999999842
 20
-90.9431900000000013
 30
0
 11
129.3494959999999878
 21
-91.0573089999999894
 31
0
  0
LINE
  5
A9C
330
1B
100
AcDbEntity
  8
B.Cu
  6
CONTINUOUS
100
AcDbLine
 10
129.3494959999999878
 20
-91.0573089999999894
 30
0
 11
129.3494979999999828
 21
-91.0573109999999986
 31
0
  0
LINE
  5
A9D
330
1B
100
AcDbEntity
  8
B.Cu
  6
CONTINUOUS
100
AcDbLine
 10
129.3494979999999828
 20
-91.0573109999999986
 30
0
 11
129.3495000000000061
 21
-91.057313999999991
 31
0
  0
LINE
  5
A9E
330
1B
100
AcDbEntity
  8
B.Cu
  6
CONTINUOUS
100
AcDbLine
 10
129.3495000000000061
 20
-91.057313999999991
 30
0
 11
129.4426859999999806
 21
-91.1504999999999939
 31
0
  0
LINE
  5
A9F
330
1B
100
AcDbEntity
  8
B.Cu
  6
CONTINUOUS
100
AcDbLine
 10
129.4426859999999806
 20
-91.1504999999999939
 30
0
 11
129.442688000000004
 21
-91.1505009999999913
 31
0
  0
LINE
  5
AA0
330
1B
100
AcDbEntity
  8
B.Cu
  6
CONTINUOUS
100
AcDbLine
 10
129.442688000000004
 20
-91.1505009999999913
 30
0
 11
129.4455039999999997
 21
-91.1533170000000013
 31
0
  0
LINE
  5
AA1
330
1B
100
AcDbEntity
  8
B.Cu
  6
CONTINUOUS
100
AcDbLine
 10
129.4455039999999997
 20
-91.1533170000000013
 30
0
 11
129.4732809999999859
 21
-91.2078339999999912
 31
0
  0
LINE
  5
AA2
330
1B
100
AcDbEntity
  8
B.Cu
  6
CONTINUOUS
100
AcDbLine
 10
129.4732809999999859
 20
-91.2078339999999912
 30
0
 11
129.4745000000000061
 21
-91.2233209999999985
 31
0
  0
LINE
  5
AA3
330
1B
100
AcDbEntity
  8
B.Cu
  6
CONTINUOUS
100
AcDbLine
 10
129.4745000000000061
 20
-91.2233209999999985
 30
0
 11
129.4745000000000061
 21
-93.524163999999999
 31
0
  0
LINE
  5
AA4
330
1B
100
AcDbEntity
  8
B.Cu
  6
CONTINUOUS
100
AcDbLine
 10
129.4745000000000061
 20
-93.524163999999999
 30
0
 11
129.4555929999999933
 21
-93.5823549999999926
 31
0
  0
LINE
  5
AA5
330
1B
100
AcDbEntity
  8
B.Cu
  6
CONTINUOUS
100
AcDbLine
 10
129.4555929999999933
 20
-93.5823549999999926
 30
0
 11
129.4455039999999997
 21
-93.5941679999999963
 31
0
  0
LINE
  5
AA6
330
1B
100
AcDbEntity
  8
B.Cu
  6
CONTINUOUS
100
AcDbLine
 10
129.4455039999999997
 20
-93.5941679999999963
 30
0
 11
126.3939519999999987
 21
-96.6457189999999997
 31
0
  0
LINE
  5
AA7
330
1B
100
AcDbEntity
  8
B.Cu
  6
CONTINUOUS
100
AcDbLine
 10
126.3939519999999987
 20
-96.6457189999999997
 30
0
 11
126.3394349999999946
 21
-96.6734960000000001
 31
0
  0
LINE
  5
AA8
330
1B
100
AcDbEntity
  8
B.Cu
  6
CONTINUOUS
100
AcDbLine
 10
126.3394349999999946
 20
-96.6734960000000001
 30
0
 11
126.2790029999999888
 21
-96.6639249999999919
 31
0
  0
LINE
  5
AA9
330
1B
100
AcDbEntity
  8
B.Cu
  6
CONTINUOUS
100
AcDbLine
 10
126.2790029999999888
 20
-96.6639249999999919
 30
0
 11
126.2357379999999978
 21
-96.6206600000000009
 31
0
  0
LINE
  5
AAA
330
1B
100
AcDbEntity
  8
B.Cu
  6
CONTINUOUS
100
AcDbLine
 10
126.2357379999999978
 20
-96.6206600000000009
 30
0
 11
126.228322999999989
 21
-96.601343
 31
0
  0
LINE
  5
AAB
330
1B
100
AcDbEntity
  8
B.Cu
  6
CONTINUOUS
100
AcDbLine
 10
126.228322999999989
 20
-96.601343
 30
0
 11
126.216391999999999
 21
-96.5568139999999886
 31
0
  0
LINE
  5
AAC
330
1B
100
AcDbEntity
  8
B.Cu
  6
CONTINUOUS
100
AcDbLine
 10
126.216391999999999
 20
-96.5568139999999886
 30
0
 11
126.1652389999999997
 21
-96.468213999999989
 31
0
  0
LINE
  5
AAD
330
1B
100
AcDbEntity
  8
B.Cu
  6
CONTINUOUS
100
AcDbLine
 10
126.1652389999999997
 20
-96.468213999999989
 30
0
 11
126.1505030000000005
 21
-96.4426899999999989
 31
0
  0
LINE
  5
AAE
330
1B
100
AcDbEntity
  8
B.Cu
  6
CONTINUOUS
100
AcDbLine
 10
126.1505030000000005
 20
-96.4426899999999989
 30
0
 11
126.1505009999999913
 21
-96.4426879999999898
 31
0
  0
LINE
  5
AAF
330
1B
100
AcDbEntity
  8
B.Cu
  6
CONTINUOUS
100
AcDbLine
 10
126.1505009999999913
 20
-96.4426879999999898
 30
0
 11
126.1504999999999939
 21
-96.4426859999999948
 31
0
  0
LINE
  5
AB0
330
1B
100
AcDbEntity
  8
B.Cu
  6
CONTINUOUS
100
AcDbLine
 10
126.1504999999999939
 20
-96.4426859999999948
 30
0
 11
126.057313999999991
 21
-96.3494999999999919
 31
0
  0
LINE
  5
AB1
330
1B
100
AcDbEntity
  8
B.Cu
  6
CONTINUOUS
100
AcDbLine
 10
126.057313999999991
 20
-96.3494999999999919
 30
0
 11
126.0573109999999986
 21
-96.349497999999997
 31
0
  0
LINE
  5
AB2
330
1B
100
AcDbEntity
  8
B.Cu
  6
CONTINUOUS
100
AcDbLine
 10
126.0573109999999986
 20
-96.349497999999997
 30
0
 11
126.0573089999999894
 21
-96.349496000000002
 31
0
  0
LINE
  5
AB3
330
1B
100
AcDbEntity
  8
B.Cu
  6
CONTINUOUS
100
AcDbLine
 10
126.0573089999999894
 20
-96.349496000000002
 30
0
 11
125.9431889999999896
 21
-96.2836089999999984
 31
0
  0
LINE
  5
AB4
330
1B
100
AcDbEntity
  8
B.Cu
  6
CONTINUOUS
100
AcDbLine
 10
125.9431889999999896
 20
-96.2836089999999984
 30
0
 11
125.9431909999999988
 21
-96.2836089999999984
 31
0
  0
LINE
  5
AB5
330
1B
100
AcDbEntity
  8
B.Cu
  6
CONTINUOUS
100
AcDbLine
 10
125.9431909999999988
 20
-96.2836089999999984
 30
0
 11
125.8937990000000013
 21
-96.2703750000000014
 31
0
  0
LINE
  5
AB6
330
1B
100
AcDbEntity
  8
B.Cu
  6
CONTINUOUS
100
AcDbLine
 10
125.8937990000000013
 20
-96.2703750000000014
 30
0
 11
125.815891999999991
 21
-96.2494999999999976
 31
0
  0
LINE
  5
AB7
330
1B
100
AcDbEntity
  8
B.Cu
  6
CONTINUOUS
100
AcDbLine
 10
125.815891999999991
 20
-96.2494999999999976
 30
0
 11
125.6841079999999948
 21
-96.2494999999999976
 31
0
  0
LINE
  5
AB8
330
1B
100
AcDbEntity
  8
B.Cu
  6
CONTINUOUS
100
AcDbLine
 10
125.6841079999999948
 20
-96.2494999999999976
 30
0
 11
125.6062000000000012
 21
-96.2703750000000014
 31
0
  0
LINE
  5
AB9
330
1B
100
AcDbEntity
  8
B.Cu
  6
CONTINUOUS
100
AcDbLine
 10
125.6062000000000012
 20
-96.2703750000000014
 30
0
 11
125.5568090000000012
 21
-96.2836089999999984
 31
0
  0
LINE
  5
ABA
330
1B
100
AcDbEntity
  8
B.Cu
  6
CONTINUOUS
100
AcDbLine
 10
125.5568090000000012
 20
-96.2836089999999984
 30
0
 11
125.4426899999999989
 21
-96.349496000000002
 31
0
  0
LINE
  5
ABB
330
1B
100
AcDbEntity
  8
B.Cu
  6
CONTINUOUS
100
AcDbLine
 10
125.4426899999999989
 20
-96.349496000000002
 30
0
 11
125.3494959999999878
 21
-96.4426899999999989
 31
0
  0
LINE
  5
ABC
330
1B
100
AcDbEntity
  8
B.Cu
  6
CONTINUOUS
100
AcDbLine
 10
125.3494959999999878
 20
-96.4426899999999989
 30
0
 11
125.2836089999999984
 21
-96.5568090000000012
 31
0
  0
LINE
  5
ABD
330
1B
100
AcDbEntity
  8
B.Cu
  6
CONTINUOUS
100
AcDbLine
 10
125.2836089999999984
 20
-96.5568090000000012
 30
0
 11
125.283608000000001
 21
-96.5568139999999886
 31
0
  0
LINE
  5
ABE
330
1B
100
AcDbEntity
  8
B.Cu
  6
CONTINUOUS
100
AcDbLine
 10
125.283608000000001
 20
-96.5568139999999886
 30
0
 11
125.2494999999999976
 21
-96.6841079999999948
 31
0
  0
LINE
  5
ABF
330
1B
100
AcDbEntity
  8
B.Cu
  6
CONTINUOUS
100
AcDbLine
 10
125.2494999999999976
 20
-96.6841079999999948
 30
0
 11
125.2494999999999976
 21
-96.815891999999991
 31
0
  0
LINE
  5
AC0
330
1B
100
AcDbEntity
  8
B.Cu
  6
CONTINUOUS
100
AcDbLine
 10
125.2494999999999976
 20
-96.815891999999991
 30
0
 11
125.2716769999999968
 21
-96.898658999999995
 31
0
  0
LINE
  5
AC1
330
1B
100
AcDbEntity
  8
B.Cu
  6
CONTINUOUS
100
AcDbLine
 10
125.2716769999999968
 20
-96.898658999999995
 30
0
 11
125.2836089999999984
 21
-96.9431900000000013
 31
0
  0
LINE
  5
AC2
330
1B
100
AcDbEntity
  8
B.Cu
  6
CONTINUOUS
100
AcDbLine
 10
125.2836089999999984
 20
-96.9431900000000013
 30
0
 11
125.3494959999999878
 21
-97.0573089999999894
 31
0
  0
LINE
  5
AC3
330
1B
100
AcDbEntity
  8
B.Cu
  6
CONTINUOUS
100
AcDbLine
 10
125.3494959999999878
 20
-97.0573089999999894
 30
0
 11
125.349497999999997
 21
-97.0573109999999986
 31
0
  0
LINE
  5
AC4
330
1B
100
AcDbEntity
  8
B.Cu
  6
CONTINUOUS
100
AcDbLine
 10
125.349497999999997
 20
-97.0573109999999986
 30
0
 11
125.3494999999999919
 21
-97.057313999999991
 31
0
  0
LINE
  5
AC5
330
1B
100
AcDbEntity
  8
B.Cu
  6
CONTINUOUS
100
AcDbLine
 10
125.3494999999999919
 20
-97.057313999999991
 30
0
 11
125.4426859999999948
 21
-97.1504999999999939
 31
0
  0
LINE
  5
AC6
330
1B
100
AcDbEntity
  8
B.Cu
  6
CONTINUOUS
100
AcDbLine
 10
125.4426859999999948
 20
-97.1504999999999939
 30
0
 11
125.4426879999999898
 21
-97.1505009999999913
 31
0
  0
LINE
  5
AC7
330
1B
100
AcDbEntity
  8
B.Cu
  6
CONTINUOUS
100
AcDbLine
 10
125.4426879999999898
 20
-97.1505009999999913
 30
0
 11
125.4426899999999989
 21
-97.1505030000000005
 31
0
  0
LINE
  5
AC8
330
1B
100
AcDbEntity
  8
B.Cu
  6
CONTINUOUS
100
AcDbLine
 10
125.4426899999999989
 20
-97.1505030000000005
 30
0
 11
125.5568099999999987
 21
-97.2163899999999899
 31
0
  0
LINE
  5
AC9
330
1B
100
AcDbEntity
  8
B.Cu
  6
CONTINUOUS
100
AcDbLine
 10
125.5568099999999987
 20
-97.2163899999999899
 30
0
 11
125.5568109999999962
 21
-97.2163899999999899
 31
0
  0
LINE
  5
ACA
330
1B
100
AcDbEntity
  8
B.Cu
  6
CONTINUOUS
100
AcDbLine
 10
125.5568109999999962
 20
-97.2163899999999899
 30
0
 11
125.5568139999999886
 21
-97.216391999999999
 31
0
  0
LINE
  5
ACB
330
1B
100
AcDbEntity
  8
B.Cu
  6
CONTINUOUS
100
AcDbLine
 10
125.5568139999999886
 20
-97.216391999999999
 30
0
 11
125.6013389999999958
 21
-97.2283219999999915
 31
0
  0
LINE
  5
ACC
330
1B
100
AcDbEntity
  8
B.Cu
  6
CONTINUOUS
100
AcDbLine
 10
125.6013389999999958
 20
-97.2283219999999915
 30
0
 11
125.6526519999999891
 21
-97.2616439999999898
 31
0
  0
LINE
  5
ACD
330
1B
100
AcDbEntity
  8
B.Cu
  6
CONTINUOUS
100
AcDbLine
 10
125.6526519999999891
 20
-97.2616439999999898
 30
0
 11
125.6745789999999943
 21
-97.3187659999999966
 31
0
  0
LINE
  5
ACE
330
1B
100
AcDbEntity
  8
B.Cu
  6
CONTINUOUS
100
AcDbLine
 10
125.6745789999999943
 20
-97.3187659999999966
 30
0
 11
125.6587439999999987
 21
-97.3778659999999974
 31
0
  0
LINE
  5
ACF
330
1B
100
AcDbEntity
  8
B.Cu
  6
CONTINUOUS
100
AcDbLine
 10
125.6587439999999987
 20
-97.3778659999999974
 30
0
 11
125.6457189999999997
 21
-97.3939510000000013
 31
0
  0
LINE
  5
AD0
330
1B
100
AcDbEntity
  8
B.Cu
  6
CONTINUOUS
100
AcDbLine
 10
125.6457189999999997
 20
-97.3939510000000013
 30
0
 11
125.5395350000000008
 21
-97.5001350000000002
 31
0
  0
LINE
  5
AD1
330
1B
100
AcDbEntity
  8
B.Cu
  6
CONTINUOUS
100
AcDbLine
 10
125.5395350000000008
 20
-97.5001350000000002
 30
0
 11
125.5395309999999967
 21
-97.5001409999999993
 31
0
  0
LINE
  5
AD2
330
1B
100
AcDbEntity
  8
B.Cu
  6
CONTINUOUS
100
AcDbLine
 10
125.5395309999999967
 20
-97.5001409999999993
 30
0
 11
125.4966819999999927
 21
-97.5743590000000012
 31
0
  0
LINE
  5
AD3
330
1B
100
AcDbEntity
  8
B.Cu
  6
CONTINUOUS
100
AcDbLine
 10
125.4966819999999927
 20
-97.5743590000000012
 30
0
 11
125.4966809999999953
 21
-97.5743590000000012
 31
0
  0
LINE
  5
AD4
330
1B
100
AcDbEntity
  8
B.Cu
  6
CONTINUOUS
100
AcDbLine
 10
125.4966809999999953
 20
-97.5743590000000012
 30
0
 11
125.4966819999999927
 21
-97.5743599999999986
 31
0
  0
LINE
  5
AD5
330
1B
100
AcDbEntity
  8
B.Cu
  6
CONTINUOUS
100
AcDbLine
 10
125.4966819999999927
 20
-97.5743599999999986
 30
0
 11
125.4744999999999919
 21
-97.6571459999999973
 31
0
  0
LINE
  5
AD6
330
1B
100
AcDbEntity
  8
B.Cu
  6
CONTINUOUS
100
AcDbLine
 10
125.4744999999999919
 20
-97.6571459999999973
 30
0
 11
125.4744999999999919
 21
-98.2766790000000015
 31
0
  0
LINE
  5
AD7
330
1B
100
AcDbEntity
  8
B.Cu
  6
CONTINUOUS
100
AcDbLine
 10
125.4744999999999919
 20
-98.2766790000000015
 30
0
 11
125.4555929999999933
 21
-98.3348699999999951
 31
0
  0
LINE
  5
AD8
330
1B
100
AcDbEntity
  8
B.Cu
  6
CONTINUOUS
100
AcDbLine
 10
125.4555929999999933
 20
-98.3348699999999951
 30
0
 11
125.4455039999999997
 21
-98.3466829999999987
 31
0
  0
LINE
  5
AD9
330
1B
100
AcDbEntity
  8
B.Cu
  6
CONTINUOUS
100
AcDbLine
 10
125.4455039999999997
 20
-98.3466829999999987
 30
0
 11
125.4426879999999898
 21
-98.349497999999997
 31
0
  0
LINE
  5
ADA
330
1B
100
AcDbEntity
  8
B.Cu
  6
CONTINUOUS
100
AcDbLine
 10
125.4426879999999898
 20
-98.349497999999997
 30
0
 11
125.4426859999999948
 21
-98.3494999999999919
 31
0
  0
LINE
  5
ADB
330
1B
100
AcDbEntity
  8
B.Cu
  6
CONTINUOUS
100
AcDbLine
 10
125.4426859999999948
 20
-98.3494999999999919
 30
0
 11
125.3744999999999976
 21
-98.4176859999999891
 31
0
  0
LINE
  5
ADC
330
1B
100
AcDbEntity
  8
B.Cu
  6
CONTINUOUS
100
AcDbLine
 10
125.3744999999999976
 20
-98.4176859999999891
 30
0
 11
125.3494969999999995
 21
-98.4426890000000014
 31
0
  0
LINE
  5
ADD
330
1B
100
AcDbEntity
  8
B.Cu
  6
CONTINUOUS
100
AcDbLine
 10
125.3494969999999995
 20
-98.4426890000000014
 30
0
 11
125.3494959999999878
 21
-98.4426899999999989
 31
0
  0
LINE
  5
ADE
330
1B
100
AcDbEntity
  8
B.Cu
  6
CONTINUOUS
100
AcDbLine
 10
125.3494959999999878
 20
-98.4426899999999989
 30
0
 11
125.2836089999999984
 21
-98.5568090000000012
 31
0
  0
LINE
  5
ADF
330
1B
100
AcDbEntity
  8
B.Cu
  6
CONTINUOUS
100
AcDbLine
 10
125.2836089999999984
 20
-98.5568090000000012
 30
0
 11
125.283608000000001
 21
-98.5568139999999886
 31
0
  0
LINE
  5
AE0
330
1B
100
AcDbEntity
  8
B.Cu
  6
CONTINUOUS
100
AcDbLine
 10
125.283608000000001
 20
-98.5568139999999886
 30
0
 11
125.2494999999999976
 21
-98.6841079999999948
 31
0
  0
LINE
  5
AE1
330
1B
100
AcDbEntity
  8
B.Cu
  6
CONTINUOUS
100
AcDbLine
 10
125.2494999999999976
 20
-98.6841079999999948
 30
0
 11
125.2494999999999976
 21
-98.815891999999991
 31
0
  0
LINE
  5
AE2
330
1B
100
AcDbEntity
  8
B.Cu
  6
CONTINUOUS
100
AcDbLine
 10
125.2494999999999976
 20
-98.815891999999991
 30
0
 11
125.2795789999999982
 21
-98.9281509999999997
 31
0
  0
LINE
  5
AE3
330
1B
100
AcDbEntity
  8
B.Cu
  6
CONTINUOUS
100
AcDbLine
 10
125.2795789999999982
 20
-98.9281509999999997
 30
0
 11
125.2836089999999984
 21
-98.9431900000000013
 31
0
  0
LINE
  5
AE4
330
1B
100
AcDbEntity
  8
B.Cu
  6
CONTINUOUS
100
AcDbLine
 10
125.2836089999999984
 20
-98.9431900000000013
 30
0
 11
125.3494959999999878
 21
-99.0573089999999894
 31
0
  0
LINE
  5
AE5
330
1B
100
AcDbEntity
  8
B.Cu
  6
CONTINUOUS
100
AcDbLine
 10
125.3494959999999878
 20
-99.0573089999999894
 30
0
 11
125.349497999999997
 21
-99.0573109999999986
 31
0
  0
LINE
  5
AE6
330
1B
100
AcDbEntity
  8
B.Cu
  6
CONTINUOUS
100
AcDbLine
 10
125.349497999999997
 20
-99.0573109999999986
 30
0
 11
125.3494999999999919
 21
-99.057313999999991
 31
0
  0
LINE
  5
AE7
330
1B
100
AcDbEntity
  8
B.Cu
  6
CONTINUOUS
100
AcDbLine
 10
125.3494999999999919
 20
-99.057313999999991
 30
0
 11
125.4426859999999948
 21
-99.1504999999999939
 31
0
  0
LINE
  5
AE8
330
1B
100
AcDbEntity
  8
B.Cu
  6
CONTINUOUS
100
AcDbLine
 10
125.4426859999999948
 20
-99.1504999999999939
 30
0
 11
125.4426879999999898
 21
-99.1505009999999913
 31
0
  0
LINE
  5
AE9
330
1B
100
AcDbEntity
  8
B.Cu
  6
CONTINUOUS
100
AcDbLine
 10
125.4426879999999898
 20
-99.1505009999999913
 30
0
 11
125.4426899999999989
 21
-99.1505030000000005
 31
0
  0
LINE
  5
AEA
330
1B
100
AcDbEntity
  8
B.Cu
  6
CONTINUOUS
100
AcDbLine
 10
125.4426899999999989
 20
-99.1505030000000005
 30
0
 11
125.5568099999999987
 21
-99.2163899999999899
 31
0
  0
LINE
  5
AEB
330
1B
100
AcDbEntity
  8
B.Cu
  6
CONTINUOUS
100
AcDbLine
 10
125.5568099999999987
 20
-99.2163899999999899
 30
0
 11
125.5568079999999895
 21
-99.2163899999999899
 31
0
  0
LINE
  5
AEC
330
1B
100
AcDbEntity
  8
B.Cu
  6
CONTINUOUS
100
AcDbLine
 10
125.5568079999999895
 20
-99.2163899999999899
 30
0
 11
125.5568119999999936
 21
-99.2163910000000016
 31
0
  0
LINE
  5
AED
330
1B
100
AcDbEntity
  8
B.Cu
  6
CONTINUOUS
100
AcDbLine
 10
125.5568119999999936
 20
-99.2163910000000016
 30
0
 11
125.5568139999999886
 21
-99.216391999999999
 31
0
  0
LINE
  5
AEE
330
1B
100
AcDbEntity
  8
B.Cu
  6
CONTINUOUS
100
AcDbLine
 10
125.5568139999999886
 20
-99.216391999999999
 30
0
 11
125.6841079999999948
 21
-99.2505000000000024
 31
0
  0
LINE
  5
AEF
330
1B
100
AcDbEntity
  8
B.Cu
  6
CONTINUOUS
100
AcDbLine
 10
125.6841079999999948
 20
-99.2505000000000024
 30
0
 11
125.6841099999999898
 21
-99.2505000000000024
 31
0
  0
LINE
  5
AF0
330
1B
100
AcDbEntity
  8
B.Cu
  6
CONTINUOUS
100
AcDbLine
 10
125.6841099999999898
 20
-99.2505000000000024
 30
0
 11
125.815889999999996
 21
-99.2505000000000024
 31
0
  0
LINE
  5
AF1
330
1B
100
AcDbEntity
  8
B.Cu
  6
CONTINUOUS
100
AcDbLine
 10
125.815889999999996
 20
-99.2505000000000024
 30
0
 11
125.815891999999991
 21
-99.2505000000000024
 31
0
  0
LINE
  5
AF2
330
1B
100
AcDbEntity
  8
B.Cu
  6
CONTINUOUS
100
AcDbLine
 10
125.815891999999991
 20
-99.2505000000000024
 30
0
 11
125.9431859999999972
 21
-99.216391999999999
 31
0
  0
LINE
  5
AF3
330
1B
100
AcDbEntity
  8
B.Cu
  6
CONTINUOUS
100
AcDbLine
 10
125.9431859999999972
 20
-99.216391999999999
 30
0
 11
125.9431879999999921
 21
-99.2163899999999899
 31
0
  0
LINE
  5
AF4
330
1B
100
AcDbEntity
  8
B.Cu
  6
CONTINUOUS
100
AcDbLine
 10
125.9431879999999921
 20
-99.2163899999999899
 30
0
 11
125.9431900000000013
 21
-99.2163899999999899
 31
0
  0
LINE
  5
AF5
330
1B
100
AcDbEntity
  8
B.Cu
  6
CONTINUOUS
100
AcDbLine
 10
125.9431900000000013
 20
-99.2163899999999899
 30
0
 11
126.0573089999999894
 21
-99.1505030000000005
 31
0
  0
LINE
  5
AF6
330
1B
100
AcDbEntity
  8
B.Cu
  6
CONTINUOUS
100
AcDbLine
 10
126.0573089999999894
 20
-99.1505030000000005
 30
0
 11
126.0573089999999894
 21
-99.1505019999999888
 31
0
  0
LINE
  5
AF7
330
1B
100
AcDbEntity
  8
B.Cu
  6
CONTINUOUS
100
AcDbLine
 10
126.0573089999999894
 20
-99.1505019999999888
 30
0
 11
126.057313999999991
 21
-99.1504999999999939
 31
0
  0
LINE
  5
AF8
330
1B
100
AcDbEntity
  8
B.Cu
  6
CONTINUOUS
100
AcDbLine
 10
126.057313999999991
 20
-99.1504999999999939
 30
0
 11
126.1504999999999939
 21
-99.057313999999991
 31
0
  0
LINE
  5
AF9
330
1B
100
AcDbEntity
  8
B.Cu
  6
CONTINUOUS
100
AcDbLine
 10
126.1504999999999939
 20
-99.057313999999991
 30
0
 11
126.216391999999999
 21
-98.9431859999999972
 31
0
  0
LINE
  5
AFA
330
1B
100
AcDbEntity
  8
B.Cu
  6
CONTINUOUS
100
AcDbLine
 10
126.216391999999999
 20
-98.9431859999999972
 30
0
 11
126.2504999999999882
 21
-98.815891999999991
 31
0
  0
LINE
  5
AFB
330
1B
100
AcDbEntity
  8
B.Cu
  6
CONTINUOUS
100
AcDbLine
 10
126.2504999999999882
 20
-98.815891999999991
 30
0
 11
126.2504999999999882
 21
-98.6841079999999948
 31
0
  0
LINE
  5
AFC
330
1B
100
AcDbEntity
  8
B.Cu
  6
CONTINUOUS
100
AcDbLine
 10
126.2504999999999882
 20
-98.6841079999999948
 30
0
 11
126.216391999999999
 21
-98.5568139999999886
 31
0
  0
LINE
  5
AFD
330
1B
100
AcDbEntity
  8
B.Cu
  6
CONTINUOUS
100
AcDbLine
 10
126.216391999999999
 20
-98.5568139999999886
 30
0
 11
126.2163899999999899
 21
-98.5568109999999962
 31
0
  0
LINE
  5
AFE
330
1B
100
AcDbEntity
  8
B.Cu
  6
CONTINUOUS
100
AcDbLine
 10
126.2163899999999899
 20
-98.5568109999999962
 30
0
 11
126.2163899999999899
 21
-98.5568090000000012
 31
0
  0
LINE
  5
AFF
330
1B
100
AcDbEntity
  8
B.Cu
  6
CONTINUOUS
100
AcDbLine
 10
126.2163899999999899
 20
-98.5568090000000012
 30
0
 11
126.1505030000000005
 21
-98.4426899999999989
 31
0
  0
LINE
  5
B00
330
1B
100
AcDbEntity
  8
B.Cu
  6
CONTINUOUS
100
AcDbLine
 10
126.1505030000000005
 20
-98.4426899999999989
 30
0
 11
126.1465509999999881
 21
-98.4375399999999985
 31
0
  0
LINE
  5
B01
330
1B
100
AcDbEntity
  8
B.Cu
  6
CONTINUOUS
100
AcDbLine
 10
126.1465509999999881
 20
-98.4375399999999985
 30
0
 11
126.1489009999999951
 21
-98.435734999999994
 31
0
  0
LINE
  5
B02
330
1B
100
AcDbEntity
  8
B.Cu
  6
CONTINUOUS
100
AcDbLine
 10
126.1489009999999951
 20
-98.435734999999994
 30
0
 11
126.1267059999999987
 21
-98.392082000000002
 31
0
  0
LINE
  5
B03
330
1B
100
AcDbEntity
  8
B.Cu
  6
CONTINUOUS
100
AcDbLine
 10
126.1267059999999987
 20
-98.392082000000002
 30
0
 11
126.1254999999999882
 21
-98.3766779999999983
 31
0
  0
LINE
  5
B04
330
1B
100
AcDbEntity
  8
B.Cu
  6
CONTINUOUS
100
AcDbLine
 10
126.1254999999999882
 20
-98.3766779999999983
 30
0
 11
126.1254999999999882
 21
-97.8758339999999976
 31
0
  0
LINE
  5
B05
330
1B
100
AcDbEntity
  8
B.Cu
  6
CONTINUOUS
100
AcDbLine
 10
126.1254999999999882
 20
-97.8758339999999976
 30
0
 11
126.1444070000000011
 21
-97.8176429999999897
 31
0
  0
LINE
  5
B06
330
1B
100
AcDbEntity
  8
B.Cu
  6
CONTINUOUS
100
AcDbLine
 10
126.1444070000000011
 20
-97.8176429999999897
 30
0
 11
126.1544959999999946
 21
-97.8058300000000003
 31
0
  0
LINE
  5
B07
330
1B
100
AcDbEntity
  8
B.Cu
  6
CONTINUOUS
100
AcDbLine
 10
126.1544959999999946
 20
-97.8058300000000003
 30
0
 11
126.5824599999999975
 21
-97.3778659999999974
 31
0
  0
LINE
  5
B08
330
1B
100
AcDbEntity
  8
B.Cu
  6
CONTINUOUS
100
AcDbLine
 10
126.5824599999999975
 20
-97.3778659999999974
 30
0
 11
127.1060480000000013
 21
-96.8542769999999962
 31
0
  0
LINE
  5
B09
330
1B
100
AcDbEntity
  8
B.Cu
  6
CONTINUOUS
100
AcDbLine
 10
127.1060480000000013
 20
-96.8542769999999962
 30
0
 11
127.1605629999999962
 21
-96.8265019999999907
 31
0
  0
LINE
  5
B0A
330
1B
100
AcDbEntity
  8
B.Cu
  6
CONTINUOUS
100
AcDbLine
 10
127.1605629999999962
 20
-96.8265019999999907
 30
0
 11
127.2209949999999878
 21
-96.836072999999999
 31
0
  0
LINE
  5
B0B
330
1B
100
AcDbEntity
  8
B.Cu
  6
CONTINUOUS
100
AcDbLine
 10
127.2209949999999878
 20
-96.836072999999999
 30
0
 11
127.2642599999999931
 21
-96.87933799999999
 31
0
  0
LINE
  5
B0C
330
1B
100
AcDbEntity
  8
B.Cu
  6
CONTINUOUS
100
AcDbLine
 10
127.2642599999999931
 20
-96.87933799999999
 30
0
 11
127.2716759999999994
 21
-96.898658999999995
 31
0
  0
LINE
  5
B0D
330
1B
100
AcDbEntity
  8
B.Cu
  6
CONTINUOUS
100
AcDbLine
 10
127.2716759999999994
 20
-96.898658999999995
 30
0
 11
127.2836069999999893
 21
-96.9431849999999997
 31
0
  0
LINE
  5
B0E
330
1B
100
AcDbEntity
  8
B.Cu
  6
CONTINUOUS
100
AcDbLine
 10
127.2836069999999893
 20
-96.9431849999999997
 30
0
 11
127.2836089999999984
 21
-96.9431889999999896
 31
0
  0
LINE
  5
B0F
330
1B
100
AcDbEntity
  8
B.Cu
  6
CONTINUOUS
100
AcDbLine
 10
127.2836089999999984
 20
-96.9431889999999896
 30
0
 11
127.3494959999999878
 21
-97.0573089999999894
 31
0
  0
LINE
  5
B10
330
1B
100
AcDbEntity
  8
B.Cu
  6
CONTINUOUS
100
AcDbLine
 10
127.3494959999999878
 20
-97.0573089999999894
 30
0
 11
127.349497999999997
 21
-97.0573109999999986
 31
0
  0
LINE
  5
B11
330
1B
100
AcDbEntity
  8
B.Cu
  6
CONTINUOUS
100
AcDbLine
 10
127.349497999999997
 20
-97.0573109999999986
 30
0
 11
127.3494999999999919
 21
-97.057313999999991
 31
0
  0
LINE
  5
B12
330
1B
100
AcDbEntity
  8
B.Cu
  6
CONTINUOUS
100
AcDbLine
 10
127.3494999999999919
 20
-97.057313999999991
 30
0
 11
127.4426859999999948
 21
-97.1504999999999939
 31
0
  0
LINE
  5
B13
330
1B
100
AcDbEntity
  8
B.Cu
  6
CONTINUOUS
100
AcDbLine
 10
127.4426859999999948
 20
-97.1504999999999939
 30
0
 11
127.4426879999999898
 21
-97.1505009999999913
 31
0
  0
LINE
  5
B14
330
1B
100
AcDbEntity
  8
B.Cu
  6
CONTINUOUS
100
AcDbLine
 10
127.4426879999999898
 20
-97.1505009999999913
 30
0
 11
127.4426899999999989
 21
-97.1505030000000005
 31
0
  0
LINE
  5
B15
330
1B
100
AcDbEntity
  8
B.Cu
  6
CONTINUOUS
100
AcDbLine
 10
127.4426899999999989
 20
-97.1505030000000005
 30
0
 11
127.5568099999999987
 21
-97.2163899999999899
 31
0
  0
LINE
  5
B16
330
1B
100
AcDbEntity
  8
B.Cu
  6
CONTINUOUS
100
AcDbLine
 10
127.5568099999999987
 20
-97.2163899999999899
 30
0
 11
127.5568079999999895
 21
-97.2163899999999899
 31
0
  0
LINE
  5
B17
330
1B
100
AcDbEntity
  8
B.Cu
  6
CONTINUOUS
100
AcDbLine
 10
127.5568079999999895
 20
-97.2163899999999899
 30
0
 11
127.5568119999999936
 21
-97.2163910000000016
 31
0
  0
LINE
  5
B18
330
1B
100
AcDbEntity
  8
B.Cu
  6
CONTINUOUS
100
AcDbLine
 10
127.5568119999999936
 20
-97.2163910000000016
 30
0
 11
127.5568139999999886
 21
-97.216391999999999
 31
0
  0
LINE
  5
B19
330
1B
100
AcDbEntity
  8
B.Cu
  6
CONTINUOUS
100
AcDbLine
 10
127.5568139999999886
 20
-97.216391999999999
 30
0
 11
127.6841079999999948
 21
-97.2505000000000024
 31
0
  0
LINE
  5
B1A
330
1B
100
AcDbEntity
  8
B.Cu
  6
CONTINUOUS
100
AcDbLine
 10
127.6841079999999948
 20
-97.2505000000000024
 30
0
 11
127.6841099999999898
 21
-97.2505000000000024
 31
0
  0
LINE
  5
B1B
330
1B
100
AcDbEntity
  8
B.Cu
  6
CONTINUOUS
100
AcDbLine
 10
127.6841099999999898
 20
-97.2505000000000024
 30
0
 11
127.815889999999996
 21
-97.2505000000000024
 31
0
  0
LINE
  5
B1C
330
1B
100
AcDbEntity
  8
B.Cu
  6
CONTINUOUS
100
AcDbLine
 10
127.815889999999996
 20
-97.2505000000000024
 30
0
 11
127.815891999999991
 21
-97.2505000000000024
 31
0
  0
LINE
  5
B1D
330
1B
100
AcDbEntity
  8
B.Cu
  6
CONTINUOUS
100
AcDbLine
 10
127.815891999999991
 20
-97.2505000000000024
 30
0
 11
127.9431859999999972
 21
-97.216391999999999
 31
0
  0
LINE
  5
B1E
330
1B
100
AcDbEntity
  8
B.Cu
  6
CONTINUOUS
100
AcDbLine
 10
127.9431859999999972
 20
-97.216391999999999
 30
0
 11
127.9431879999999921
 21
-97.2163899999999899
 31
0
  0
LINE
  5
B1F
330
1B
100
AcDbEntity
  8
B.Cu
  6
CONTINUOUS
100
AcDbLine
 10
127.9431879999999921
 20
-97.2163899999999899
 30
0
 11
127.9431900000000013
 21
-97.2163899999999899
 31
0
  0
LINE
  5
B20
330
1B
100
AcDbEntity
  8
B.Cu
  6
CONTINUOUS
100
AcDbLine
 10
127.9431900000000013
 20
-97.2163899999999899
 30
0
 11
128.0573090000000036
 21
-97.1505030000000005
 31
0
  0
LINE
  5
B21
330
1B
100
AcDbEntity
  8
B.Cu
  6
CONTINUOUS
100
AcDbLine
 10
128.0573090000000036
 20
-97.1505030000000005
 30
0
 11
128.0573090000000036
 21
-97.1505019999999888
 31
0
  0
LINE
  5
B22
330
1B
100
AcDbEntity
  8
B.Cu
  6
CONTINUOUS
100
AcDbLine
 10
128.0573090000000036
 20
-97.1505019999999888
 30
0
 11
128.057313999999991
 21
-97.1504999999999939
 31
0
  0
LINE
  5
B23
330
1B
100
AcDbEntity
  8
B.Cu
  6
CONTINUOUS
100
AcDbLine
 10
128.057313999999991
 20
-97.1504999999999939
 30
0
 11
128.1504999999999939
 21
-97.057313999999991
 31
0
  0
LINE
  5
B24
330
1B
100
AcDbEntity
  8
B.Cu
  6
CONTINUOUS
100
AcDbLine
 10
128.1504999999999939
 20
-97.057313999999991
 30
0
 11
128.1552059999999926
 21
-97.049162999999993
 31
0
  0
LINE
  5
B25
330
1B
100
AcDbEntity
  8
B.Cu
  6
CONTINUOUS
100
AcDbLine
 10
128.1552059999999926
 20
-97.049162999999993
 30
0
 11
128.2163899999999899
 21
-96.9431900000000013
 31
0
  0
LINE
  5
B26
330
1B
100
AcDbEntity
  8
B.Cu
  6
CONTINUOUS
100
AcDbLine
 10
128.2163899999999899
 20
-96.9431900000000013
 30
0
 11
128.2163899999999899
 21
-96.9431879999999921
 31
0
  0
LINE
  5
B27
330
1B
100
AcDbEntity
  8
B.Cu
  6
CONTINUOUS
100
AcDbLine
 10
128.2163899999999899
 20
-96.9431879999999921
 30
0
 11
128.2163919999999848
 21
-96.9431859999999972
 31
0
  0
LINE
  5
B28
330
1B
100
AcDbEntity
  8
B.Cu
  6
CONTINUOUS
100
AcDbLine
 10
128.2163919999999848
 20
-96.9431859999999972
 30
0
 11
128.2504999999999882
 21
-96.815891999999991
 31
0
  0
LINE
  5
B29
330
1B
100
AcDbEntity
  8
B.Cu
  6
CONTINUOUS
100
AcDbLine
 10
128.2504999999999882
 20
-96.815891999999991
 30
0
 11
128.2504999999999882
 21
-96.6841079999999948
 31
0
  0
LINE
  5
B2A
330
1B
100
AcDbEntity
  8
B.Cu
  6
CONTINUOUS
100
AcDbLine
 10
128.2504999999999882
 20
-96.6841079999999948
 30
0
 11
128.2163919999999848
 21
-96.5568139999999886
 31
0
  0
LINE
  5
B2B
330
1B
100
AcDbEntity
  8
B.Cu
  6
CONTINUOUS
100
AcDbLine
 10
128.2163919999999848
 20
-96.5568139999999886
 30
0
 11
128.2163899999999899
 21
-96.5568099999999987
 31
0
  0
LINE
  5
B2C
330
1B
100
AcDbEntity
  8
B.Cu
  6
CONTINUOUS
100
AcDbLine
 10
128.2163899999999899
 20
-96.5568099999999987
 30
0
 11
128.2163899999999899
 21
-96.5568090000000012
 31
0
  0
LINE
  5
B2D
330
1B
100
AcDbEntity
  8
B.Cu
  6
CONTINUOUS
100
AcDbLine
 10
128.2163899999999899
 20
-96.5568090000000012
 30
0
 11
128.1505029999999863
 21
-96.4426899999999989
 31
0
  0
LINE
  5
B2E
330
1B
100
AcDbEntity
  8
B.Cu
  6
CONTINUOUS
100
AcDbLine
 10
128.1505029999999863
 20
-96.4426899999999989
 30
0
 11
128.1505009999999913
 21
-96.4426879999999898
 31
0
  0
LINE
  5
B2F
330
1B
100
AcDbEntity
  8
B.Cu
  6
CONTINUOUS
100
AcDbLine
 10
128.1505009999999913
 20
-96.4426879999999898
 30
0
 11
128.1504999999999939
 21
-96.4426859999999948
 31
0
  0
LINE
  5
B30
330
1B
100
AcDbEntity
  8
B.Cu
  6
CONTINUOUS
100
AcDbLine
 10
128.1504999999999939
 20
-96.4426859999999948
 30
0
 11
128.057313999999991
 21
-96.3494999999999919
 31
0
  0
LINE
  5
B31
330
1B
100
AcDbEntity
  8
B.Cu
  6
CONTINUOUS
100
AcDbLine
 10
128.057313999999991
 20
-96.3494999999999919
 30
0
 11
128.0573109999999986
 21
-96.349497999999997
 31
0
  0
LINE
  5
B32
330
1B
100
AcDbEntity
  8
B.Cu
  6
CONTINUOUS
100
AcDbLine
 10
128.0573109999999986
 20
-96.349497999999997
 30
0
 11
128.0573090000000036
 21
-96.349496000000002
 31
0
  0
LINE
  5
B33
330
1B
100
AcDbEntity
  8
B.Cu
  6
CONTINUOUS
100
AcDbLine
 10
128.0573090000000036
 20
-96.349496000000002
 30
0
 11
127.9431889999999896
 21
-96.2836089999999984
 31
0
  0
LINE
  5
B34
330
1B
100
AcDbEntity
  8
B.Cu
  6
CONTINUOUS
100
AcDbLine
 10
127.9431889999999896
 20
-96.2836089999999984
 30
0
 11
127.9431849999999997
 21
-96.2836069999999893
 31
0
  0
LINE
  5
B35
330
1B
100
AcDbEntity
  8
B.Cu
  6
CONTINUOUS
100
AcDbLine
 10
127.9431849999999997
 20
-96.2836069999999893
 30
0
 11
127.898658999999995
 21
-96.2716759999999994
 31
0
  0
LINE
  5
B36
330
1B
100
AcDbEntity
  8
B.Cu
  6
CONTINUOUS
100
AcDbLine
 10
127.898658999999995
 20
-96.2716759999999994
 30
0
 11
127.84734499999999
 21
-96.2383519999999919
 31
0
  0
LINE
  5
B37
330
1B
100
AcDbEntity
  8
B.Cu
  6
CONTINUOUS
100
AcDbLine
 10
127.84734499999999
 20
-96.2383519999999919
 30
0
 11
127.8254189999999966
 21
-96.1812299999999993
 31
0
  0
LINE
  5
B38
330
1B
100
AcDbEntity
  8
B.Cu
  6
CONTINUOUS
100
AcDbLine
 10
127.8254189999999966
 20
-96.1812299999999993
 30
0
 11
127.8412549999999896
 21
-96.1221299999999985
 31
0
  0
LINE
  5
B39
330
1B
100
AcDbEntity
  8
B.Cu
  6
CONTINUOUS
100
AcDbLine
 10
127.8412549999999896
 20
-96.1221299999999985
 30
0
 11
127.8542739999999895
 21
-96.1060509999999937
 31
0
  0
LINE
  5
B3A
330
1B
100
AcDbEntity
  8
B.Cu
  6
CONTINUOUS
100
AcDbLine
 10
127.8542739999999895
 20
-96.1060509999999937
 30
0
 11
130.0604649999999936
 21
-93.8998610000000014
 31
0
  0
LINE
  5
B3B
330
1B
100
AcDbEntity
  8
B.Cu
  6
CONTINUOUS
100
AcDbLine
 10
130.0604649999999936
 20
-93.8998610000000014
 30
0
 11
130.1033180000000016
 21
-93.8256379999999979
 31
0
  0
LINE
  5
B3C
330
1B
100
AcDbEntity
  8
B.Cu
  6
CONTINUOUS
100
AcDbLine
 10
130.1033180000000016
 20
-93.8256379999999979
 30
0
 11
130.1254999999999882
 21
-93.7428519999999992
 31
0
  0
LINE
  5
B3D
330
1B
100
AcDbEntity
  8
B.Cu
  6
CONTINUOUS
100
AcDbLine
 10
130.1254999999999882
 20
-93.7428519999999992
 30
0
 11
130.1254999999999882
 21
-93.6571459999999973
 31
0
  0
LINE
  5
B3E
330
1B
100
AcDbEntity
  8
B.Cu
  6
CONTINUOUS
100
AcDbLine
 10
130.1254999999999882
 20
-93.6571459999999973
 30
0
 11
130.1254999999999882
 21
-91.12332099999999
 31
0
  0
LINE
  5
B3F
330
1B
100
AcDbEntity
  8
B.Cu
  6
CONTINUOUS
100
AcDbLine
 10
130.1254999999999882
 20
-91.12332099999999
 30
0
 11
130.1444070000000011
 21
-91.0651299999999964
 31
0
  0
LINE
  5
B40
330
1B
100
AcDbEntity
  8
B.Cu
  6
CONTINUOUS
100
AcDbLine
 10
130.1444070000000011
 20
-91.0651299999999964
 30
0
 11
130.14663299999998
 21
-91.0625229999999988
 31
0
  0
LINE
  5
B41
330
1B
100
AcDbEntity
  8
B.Cu
  6
CONTINUOUS
100
AcDbLine
 10
130.14663299999998
 20
-91.0625229999999988
 30
0
 11
130.1465509999999881
 21
-91.0624600000000015
 31
0
  0
LINE
  5
B42
330
1B
100
AcDbEntity
  8
B.Cu
  6
CONTINUOUS
100
AcDbLine
 10
130.1465509999999881
 20
-91.0624600000000015
 30
0
 11
130.150496000000004
 21
-91.0573169999999976
 31
0
  0
LINE
  5
B43
330
1B
100
AcDbEntity
  8
B.Cu
  6
CONTINUOUS
100
AcDbLine
 10
130.150496000000004
 20
-91.0573169999999976
 30
0
 11
130.1504999999999939
 21
-91.057313999999991
 31
0
  0
LINE
  5
B44
330
1B
100
AcDbEntity
  8
B.Cu
  6
CONTINUOUS
100
AcDbLine
 10
130.1504999999999939
 20
-91.057313999999991
 30
0
 11
130.2163919999999848
 21
-90.9431859999999972
 31
0
  0
LINE
  5
B45
330
1B
100
AcDbEntity
  8
B.Cu
  6
CONTINUOUS
100
AcDbLine
 10
130.2163919999999848
 20
-90.9431859999999972
 30
0
 11
130.2504999999999882
 21
-90.815891999999991
 31
0
  0
LINE
  5
B46
330
1B
100
AcDbEntity
  8
B.Cu
  6
CONTINUOUS
100
AcDbLine
 10
130.2504999999999882
 20
-90.815891999999991
 30
0
 11
130.2504999999999882
 21
-90.6841079999999948
 31
0
  0
LINE
  5
B47
330
1B
100
AcDbEntity
  8
B.Cu
  6
CONTINUOUS
100
AcDbLine
 10
130.2504999999999882
 20
-90.6841079999999948
 30
0
 11
130.2163919999999848
 21
-90.5568140000000028
 31
0
  0
LINE
  5
B48
330
1B
100
AcDbEntity
  8
B.Cu
  6
CONTINUOUS
100
AcDbLine
 10
130.2163919999999848
 20
-90.5568140000000028
 30
0
 11
130.2163899999999899
 21
-90.5568109999999962
 31
0
  0
LINE
  5
B49
330
1B
100
AcDbEntity
  8
B.Cu
  6
CONTINUOUS
100
AcDbLine
 10
130.2163899999999899
 20
-90.5568109999999962
 30
0
 11
130.2163899999999899
 21
-90.5568090000000012
 31
0
  0
LINE
  5
B4A
330
1B
100
AcDbEntity
  8
B.Cu
  6
CONTINUOUS
100
AcDbLine
 10
130.2163899999999899
 20
-90.5568090000000012
 30
0
 11
130.1505029999999863
 21
-90.4426899999999989
 31
0
  0
LINE
  5
B4B
330
1B
100
AcDbEntity
  8
B.Cu
  6
CONTINUOUS
100
AcDbLine
 10
130.1505029999999863
 20
-90.4426899999999989
 30
0
 11
130.1505009999999913
 21
-90.4426879999999898
 31
0
  0
LINE
  5
B4C
330
1B
100
AcDbEntity
  8
B.Cu
  6
CONTINUOUS
100
AcDbLine
 10
130.1505009999999913
 20
-90.4426879999999898
 30
0
 11
130.1504999999999939
 21
-90.4426859999999948
 31
0
  0
LINE
  5
B4D
330
1B
100
AcDbEntity
  8
B.Cu
  6
CONTINUOUS
100
AcDbLine
 10
130.1504999999999939
 20
-90.4426859999999948
 30
0
 11
130.057313999999991
 21
-90.3494999999999919
 31
0
  0
LINE
  5
B4E
330
1B
100
AcDbEntity
  8
B.Cu
  6
CONTINUOUS
100
AcDbLine
 10
130.057313999999991
 20
-90.3494999999999919
 30
0
 11
130.0573109999999986
 21
-90.349497999999997
 31
0
  0
LINE
  5
B4F
330
1B
100
AcDbEntity
  8
B.Cu
  6
CONTINUOUS
100
AcDbLine
 10
130.0573109999999986
 20
-90.349497999999997
 30
0
 11
130.0573090000000036
 21
-90.349496000000002
 31
0
  0
LINE
  5
B50
330
1B
100
AcDbEntity
  8
B.Cu
  6
CONTINUOUS
100
AcDbLine
 10
130.0573090000000036
 20
-90.349496000000002
 30
0
 11
129.9431889999999896
 21
-90.2836089999999984
 31
0
  0
LINE
  5
B51
330
1B
100
AcDbEntity
  8
B.Cu
  6
CONTINUOUS
100
AcDbLine
 10
129.9431889999999896
 20
-90.2836089999999984
 30
0
 11
129.9431909999999846
 21
-90.2836089999999984
 31
0
  0
LINE
  5
B52
330
1B
100
AcDbEntity
  8
B.Cu
  6
CONTINUOUS
100
AcDbLine
 10
129.9431909999999846
 20
-90.2836089999999984
 30
0
 11
129.8709810000000004
 21
-90.2642609999999905
 31
0
  0
LINE
  5
B53
330
1B
100
AcDbEntity
  8
B.Cu
  6
CONTINUOUS
100
AcDbLine
 10
129.8709810000000004
 20
-90.2642609999999905
 30
0
 11
129.815891999999991
 21
-90.2494999999999976
 31
0
  0
LINE
  5
B54
330
1B
100
AcDbEntity
  8
B.Cu
  6
CONTINUOUS
100
AcDbLine
 10
129.815891999999991
 20
-90.2494999999999976
 30
0
 11
129.6841079999999806
 21
-90.2494999999999976
 31
0
  0
LINE
  5
B55
330
1B
100
AcDbEntity
  8
B.Cu
  6
CONTINUOUS
100
AcDbLine
 10
129.6841079999999806
 20
-90.2494999999999976
 30
0
 11
129.6290189999999996
 21
-90.2642609999999905
 31
0
  0
LINE
  5
B56
330
1B
100
AcDbEntity
  8
B.Cu
  6
CONTINUOUS
100
AcDbLine
 10
171.2494999999999834
 20
-98.815891999999991
 30
0
 11
171.279578999999984
 21
-98.9281509999999997
 31
0
  0
LINE
  5
B57
330
1B
100
AcDbEntity
  8
B.Cu
  6
CONTINUOUS
100
AcDbLine
 10
171.279578999999984
 20
-98.9281509999999997
 30
0
 11
171.2836089999999842
 21
-98.9431900000000013
 31
0
  0
LINE
  5
B58
330
1B
100
AcDbEntity
  8
B.Cu
  6
CONTINUOUS
100
AcDbLine
 10
171.2836089999999842
 20
-98.9431900000000013
 30
0
 11
171.3494959999999878
 21
-99.0573089999999894
 31
0
  0
LINE
  5
B59
330
1B
100
AcDbEntity
  8
B.Cu
  6
CONTINUOUS
100
AcDbLine
 10
171.3494959999999878
 20
-99.0573089999999894
 30
0
 11
171.3494979999999828
 21
-99.0573109999999986
 31
0
  0
LINE
  5
B5A
330
1B
100
AcDbEntity
  8
B.Cu
  6
CONTINUOUS
100
AcDbLine
 10
171.3494979999999828
 20
-99.0573109999999986
 30
0
 11
171.3495000000000061
 21
-99.057313999999991
 31
0
  0
LINE
  5
B5B
330
1B
100
AcDbEntity
  8
B.Cu
  6
CONTINUOUS
100
AcDbLine
 10
171.3495000000000061
 20
-99.057313999999991
 30
0
 11
171.4426859999999806
 21
-99.1504999999999939
 31
0
  0
LINE
  5
B5C
330
1B
100
AcDbEntity
  8
B.Cu
  6
CONTINUOUS
100
AcDbLine
 10
171.4426859999999806
 20
-99.1504999999999939
 30
0
 11
171.442688000000004
 21
-99.1505009999999913
 31
0
  0
LINE
  5
B5D
330
1B
100
AcDbEntity
  8
B.Cu
  6
CONTINUOUS
100
AcDbLine
 10
171.442688000000004
 20
-99.1505009999999913
 30
0
 11
171.4426899999999989
 21
-99.1505030000000005
 31
0
  0
LINE
  5
B5E
330
1B
100
AcDbEntity
  8
B.Cu
  6
CONTINUOUS
100
AcDbLine
 10
171.4426899999999989
 20
-99.1505030000000005
 30
0
 11
171.5568099999999845
 21
-99.2163899999999899
 31
0
  0
LINE
  5
B5F
330
1B
100
AcDbEntity
  8
B.Cu
  6
CONTINUOUS
100
AcDbLine
 10
171.5568099999999845
 20
-99.2163899999999899
 30
0
 11
171.5568079999999895
 21
-99.2163899999999899
 31
0
  0
LINE
  5
B60
330
1B
100
AcDbEntity
  8
B.Cu
  6
CONTINUOUS
100
AcDbLine
 10
171.5568079999999895
 20
-99.2163899999999899
 30
0
 11
171.5568119999999794
 21
-99.2163910000000016
 31
0
  0
LINE
  5
B61
330
1B
100
AcDbEntity
  8
B.Cu
  6
CONTINUOUS
100
AcDbLine
 10
171.5568119999999794
 20
-99.2163910000000016
 30
0
 11
171.5568140000000028
 21
-99.216391999999999
 31
0
  0
LINE
  5
B62
330
1B
100
AcDbEntity
  8
B.Cu
  6
CONTINUOUS
100
AcDbLine
 10
171.5568140000000028
 20
-99.216391999999999
 30
0
 11
171.6841079999999806
 21
-99.2505000000000024
 31
0
  0
LINE
  5
B63
330
1B
100
AcDbEntity
  8
B.Cu
  6
CONTINUOUS
100
AcDbLine
 10
171.6841079999999806
 20
-99.2505000000000024
 30
0
 11
171.684110000000004
 21
-99.2505000000000024
 31
0
  0
LINE
  5
B64
330
1B
100
AcDbEntity
  8
B.Cu
  6
CONTINUOUS
100
AcDbLine
 10
171.684110000000004
 20
-99.2505000000000024
 30
0
 11
171.815889999999996
 21
-99.2505000000000024
 31
0
  0
LINE
  5
B65
330
1B
100
AcDbEntity
  8
B.Cu
  6
CONTINUOUS
100
AcDbLine
 10
171.815889999999996
 20
-99.2505000000000024
 30
0
 11
171.815891999999991
 21
-99.2505000000000024
 31
0
  0
LINE
  5
B66
330
1B
100
AcDbEntity
  8
B.Cu
  6
CONTINUOUS
100
AcDbLine
 10
171.815891999999991
 20
-99.2505000000000024
 30
0
 11
171.9431859999999972
 21
-99.216391999999999
 31
0
  0
LINE
  5
B67
330
1B
100
AcDbEntity
  8
B.Cu
  6
CONTINUOUS
100
AcDbLine
 10
171.9431859999999972
 20
-99.216391999999999
 30
0
 11
171.9431879999999921
 21
-99.2163899999999899
 31
0
  0
LINE
  5
B68
330
1B
100
AcDbEntity
  8
B.Cu
  6
CONTINUOUS
100
AcDbLine
 10
171.9431879999999921
 20
-99.2163899999999899
 30
0
 11
171.9431899999999871
 21
-99.2163899999999899
 31
0
  0
LINE
  5
B69
330
1B
100
AcDbEntity
  8
B.Cu
  6
CONTINUOUS
100
AcDbLine
 10
171.9431899999999871
 20
-99.2163899999999899
 30
0
 11
172.0573090000000036
 21
-99.1505030000000005
 31
0
  0
LINE
  5
B6A
330
1B
100
AcDbEntity
  8
B.Cu
  6
CONTINUOUS
100
AcDbLine
 10
172.0573090000000036
 20
-99.1505030000000005
 30
0
 11
172.0573090000000036
 21
-99.1505019999999888
 31
0
  0
LINE
  5
B6B
330
1B
100
AcDbEntity
  8
B.Cu
  6
CONTINUOUS
100
AcDbLine
 10
172.0573090000000036
 20
-99.1505019999999888
 30
0
 11
172.057313999999991
 21
-99.1504999999999939
 31
0
  0
LINE
  5
B6C
330
1B
100
AcDbEntity
  8
B.Cu
  6
CONTINUOUS
100
AcDbLine
 10
172.057313999999991
 20
-99.1504999999999939
 30
0
 11
172.1504999999999939
 21
-99.057313999999991
 31
0
  0
LINE
  5
B6D
330
1B
100
AcDbEntity
  8
B.Cu
  6
CONTINUOUS
100
AcDbLine
 10
172.1504999999999939
 20
-99.057313999999991
 30
0
 11
172.2163919999999848
 21
-98.9431859999999972
 31
0
  0
LINE
  5
B6E
330
1B
100
AcDbEntity
  8
B.Cu
  6
CONTINUOUS
100
AcDbLine
 10
172.2163919999999848
 20
-98.9431859999999972
 30
0
 11
172.2504999999999882
 21
-98.815891999999991
 31
0
  0
LINE
  5
B6F
330
1B
100
AcDbEntity
  8
B.Cu
  6
CONTINUOUS
100
AcDbLine
 10
172.2504999999999882
 20
-98.815891999999991
 30
0
 11
172.2504999999999882
 21
-98.6841079999999948
 31
0
  0
LINE
  5
B70
330
1B
100
AcDbEntity
  8
B.Cu
  6
CONTINUOUS
100
AcDbLine
 10
172.2504999999999882
 20
-98.6841079999999948
 30
0
 11
172.2163919999999848
 21
-98.5568139999999886
 31
0
  0
LINE
  5
B71
330
1B
100
AcDbEntity
  8
B.Cu
  6
CONTINUOUS
100
AcDbLine
 10
172.2163919999999848
 20
-98.5568139999999886
 30
0
 11
172.2163899999999899
 21
-98.5568109999999962
 31
0
  0
LINE
  5
B72
330
1B
100
AcDbEntity
  8
B.Cu
  6
CONTINUOUS
100
AcDbLine
 10
172.2163899999999899
 20
-98.5568109999999962
 30
0
 11
172.2163899999999899
 21
-98.5568090000000012
 31
0
  0
LINE
  5
B73
330
1B
100
AcDbEntity
  8
B.Cu
  6
CONTINUOUS
100
AcDbLine
 10
172.2163899999999899
 20
-98.5568090000000012
 30
0
 11
172.1505029999999863
 21
-98.4426899999999989
 31
0
  0
LINE
  5
B74
330
1B
100
AcDbEntity
  8
B.Cu
  6
CONTINUOUS
100
AcDbLine
 10
172.1505029999999863
 20
-98.4426899999999989
 30
0
 11
172.1505009999999913
 21
-98.4426879999999898
 31
0
  0
LINE
  5
B75
330
1B
100
AcDbEntity
  8
B.Cu
  6
CONTINUOUS
100
AcDbLine
 10
172.1505009999999913
 20
-98.4426879999999898
 30
0
 11
172.1504999999999939
 21
-98.4426859999999948
 31
0
  0
LINE
  5
B76
330
1B
100
AcDbEntity
  8
B.Cu
  6
CONTINUOUS
100
AcDbLine
 10
172.1504999999999939
 20
-98.4426859999999948
 30
0
 11
172.057313999999991
 21
-98.3494999999999919
 31
0
  0
LINE
  5
B77
330
1B
100
AcDbEntity
  8
B.Cu
  6
CONTINUOUS
100
AcDbLine
 10
172.057313999999991
 20
-98.3494999999999919
 30
0
 11
172.0573109999999986
 21
-98.349497999999997
 31
0
  0
LINE
  5
B78
330
1B
100
AcDbEntity
  8
B.Cu
  6
CONTINUOUS
100
AcDbLine
 10
172.0573109999999986
 20
-98.349497999999997
 30
0
 11
172.0573090000000036
 21
-98.349496000000002
 31
0
  0
LINE
  5
B79
330
1B
100
AcDbEntity
  8
B.Cu
  6
CONTINUOUS
100
AcDbLine
 10
172.0573090000000036
 20
-98.349496000000002
 30
0
 11
171.9431889999999896
 21
-98.2836089999999984
 31
0
  0
LINE
  5
B7A
330
1B
100
AcDbEntity
  8
B.Cu
  6
CONTINUOUS
100
AcDbLine
 10
171.9431889999999896
 20
-98.2836089999999984
 30
0
 11
171.9431909999999846
 21
-98.2836089999999984
 31
0
  0
LINE
  5
B7B
330
1B
100
AcDbEntity
  8
B.Cu
  6
CONTINUOUS
100
AcDbLine
 10
171.9431909999999846
 20
-98.2836089999999984
 30
0
 11
171.8937990000000013
 21
-98.2703750000000014
 31
0
  0
LINE
  5
B7C
330
1B
100
AcDbEntity
  8
B.Cu
  6
CONTINUOUS
100
AcDbLine
 10
171.8937990000000013
 20
-98.2703750000000014
 30
0
 11
171.815891999999991
 21
-98.2494999999999976
 31
0
  0
LINE
  5
B7D
330
1B
100
AcDbEntity
  8
B.Cu
  6
CONTINUOUS
100
AcDbLine
 10
171.815891999999991
 20
-98.2494999999999976
 30
0
 11
171.6841079999999806
 21
-98.2494999999999976
 31
0
  0
LINE
  5
B7E
330
1B
100
AcDbEntity
  8
B.Cu
  6
CONTINUOUS
100
AcDbLine
 10
171.6841079999999806
 20
-98.2494999999999976
 30
0
 11
171.6062000000000012
 21
-98.2703750000000014
 31
0
  0
LINE
  5
B7F
330
1B
100
AcDbEntity
  8
B.Cu
  6
CONTINUOUS
100
AcDbLine
 10
171.6062000000000012
 20
-98.2703750000000014
 30
0
 11
171.556808999999987
 21
-98.2836089999999984
 31
0
  0
LINE
  5
B80
330
1B
100
AcDbEntity
  8
B.Cu
  6
CONTINUOUS
100
AcDbLine
 10
171.556808999999987
 20
-98.2836089999999984
 30
0
 11
171.4426899999999989
 21
-98.349496000000002
 31
0
  0
LINE
  5
B81
330
1B
100
AcDbEntity
  8
B.Cu
  6
CONTINUOUS
100
AcDbLine
 10
171.4426899999999989
 20
-98.349496000000002
 30
0
 11
171.3494959999999878
 21
-98.4426899999999989
 31
0
  0
LINE
  5
B82
330
1B
100
AcDbEntity
  8
B.Cu
  6
CONTINUOUS
100
AcDbLine
 10
171.3494959999999878
 20
-98.4426899999999989
 30
0
 11
171.2836089999999842
 21
-98.5568090000000012
 31
0
  0
LINE
  5
B83
330
1B
100
AcDbEntity
  8
B.Cu
  6
CONTINUOUS
100
AcDbLine
 10
171.2836089999999842
 20
-98.5568090000000012
 30
0
 11
171.2836079999999868
 21
-98.5568139999999886
 31
0
  0
LINE
  5
B84
330
1B
100
AcDbEntity
  8
B.Cu
  6
CONTINUOUS
100
AcDbLine
 10
171.2836079999999868
 20
-98.5568139999999886
 30
0
 11
171.2494999999999834
 21
-98.6841079999999948
 31
0
  0
LINE
  5
B85
330
1B
100
AcDbEntity
  8
B.Cu
  6
CONTINUOUS
100
AcDbLine
 10
171.2494999999999834
 20
-98.6841079999999948
 30
0
 11
171.2494999999999834
 21
-98.815891999999991
 31
0
  0
LINE
  5
B86
330
1B
100
AcDbEntity
  8
B.Cu
  6
CONTINUOUS
100
AcDbLine
 10
163.199499000000003
 20
-96.7790559999999971
 30
0
 11
163.2404229999999927
 21
-96.9317839999999933
 31
0
  0
LINE
  5
B87
330
1B
100
AcDbEntity
  8
B.Cu
  6
CONTINUOUS
100
AcDbLine
 10
163.2404229999999927
 20
-96.9317839999999933
 30
0
 11
163.2404239999999902
 21
-96.9317860000000024
 31
0
  0
LINE
  5
B88
330
1B
100
AcDbEntity
  8
B.Cu
  6
CONTINUOUS
100
AcDbLine
 10
163.2404239999999902
 20
-96.9317860000000024
 30
0
 11
163.2404249999999877
 21
-96.9317889999999949
 31
0
  0
LINE
  5
B89
330
1B
100
AcDbEntity
  8
B.Cu
  6
CONTINUOUS
100
AcDbLine
 10
163.2404249999999877
 20
-96.9317889999999949
 30
0
 11
163.3194770000000062
 21
-97.0687099999999958
 31
0
  0
LINE
  5
B8A
330
1B
100
AcDbEntity
  8
B.Cu
  6
CONTINUOUS
100
AcDbLine
 10
163.3194770000000062
 20
-97.0687099999999958
 30
0
 11
163.3194790000000012
 21
-97.0687119999999908
 31
0
  0
LINE
  5
B8B
330
1B
100
AcDbEntity
  8
B.Cu
  6
CONTINUOUS
100
AcDbLine
 10
163.3194790000000012
 20
-97.0687119999999908
 30
0
 11
163.3194809999999961
 21
-97.0687149999999974
 31
0
  0
LINE
  5
B8C
330
1B
100
AcDbEntity
  8
B.Cu
  6
CONTINUOUS
100
AcDbLine
 10
163.3194809999999961
 20
-97.0687149999999974
 30
0
 11
163.4312840000000051
 21
-97.1805179999999922
 31
0
  0
LINE
  5
B8D
330
1B
100
AcDbEntity
  8
B.Cu
  6
CONTINUOUS
100
AcDbLine
 10
163.4312840000000051
 20
-97.1805179999999922
 30
0
 11
163.4312860000000001
 21
-97.1805189999999897
 31
0
  0
LINE
  5
B8E
330
1B
100
AcDbEntity
  8
B.Cu
  6
CONTINUOUS
100
AcDbLine
 10
163.4312860000000001
 20
-97.1805189999999897
 30
0
 11
163.431287999999995
 21
-97.1805209999999988
 31
0
  0
LINE
  5
B8F
330
1B
100
AcDbEntity
  8
B.Cu
  6
CONTINUOUS
100
AcDbLine
 10
163.431287999999995
 20
-97.1805209999999988
 30
0
 11
163.568208999999996
 21
-97.259572999999989
 31
0
  0
LINE
  5
B90
330
1B
100
AcDbEntity
  8
B.Cu
  6
CONTINUOUS
100
AcDbLine
 10
163.568208999999996
 20
-97.259572999999989
 30
0
 11
163.5682099999999934
 21
-97.259572999999989
 31
0
  0
LINE
  5
B91
330
1B
100
AcDbEntity
  8
B.Cu
  6
CONTINUOUS
100
AcDbLine
 10
163.5682099999999934
 20
-97.259572999999989
 30
0
 11
163.5682149999999808
 21
-97.2595759999999956
 31
0
  0
LINE
  5
B92
330
1B
100
AcDbEntity
  8
B.Cu
  6
CONTINUOUS
100
AcDbLine
 10
163.5682149999999808
 20
-97.2595759999999956
 30
0
 11
163.7209430000000054
 21
-97.3004999999999995
 31
0
  0
LINE
  5
B93
330
1B
100
AcDbEntity
  8
B.Cu
  6
CONTINUOUS
100
AcDbLine
 10
163.7209430000000054
 20
-97.3004999999999995
 30
0
 11
163.7209450000000004
 21
-97.3004999999999995
 31
0
  0
LINE
  5
B94
330
1B
100
AcDbEntity
  8
B.Cu
  6
CONTINUOUS
100
AcDbLine
 10
163.7209450000000004
 20
-97.3004999999999995
 30
0
 11
163.8790549999999939
 21
-97.3004999999999995
 31
0
  0
LINE
  5
B95
330
1B
100
AcDbEntity
  8
B.Cu
  6
CONTINUOUS
100
AcDbLine
 10
163.8790549999999939
 20
-97.3004999999999995
 30
0
 11
163.8790569999999889
 21
-97.3004999999999995
 31
0
  0
LINE
  5
B96
330
1B
100
AcDbEntity
  8
B.Cu
  6
CONTINUOUS
100
AcDbLine
 10
163.8790569999999889
 20
-97.3004999999999995
 30
0
 11
164.0317849999999851
 21
-97.2595759999999956
 31
0
  0
LINE
  5
B97
330
1B
100
AcDbEntity
  8
B.Cu
  6
CONTINUOUS
100
AcDbLine
 10
164.0317849999999851
 20
-97.2595759999999956
 30
0
 11
164.1687159999999892
 21
-97.1805179999999922
 31
0
  0
LINE
  5
B98
330
1B
100
AcDbEntity
  8
B.Cu
  6
CONTINUOUS
100
AcDbLine
 10
164.1687159999999892
 20
-97.1805179999999922
 30
0
 11
166.1687129999999968
 21
-95.1805200000000013
 31
0
  0
LINE
  5
B99
330
1B
100
AcDbEntity
  8
B.Cu
  6
CONTINUOUS
100
AcDbLine
 10
166.1687129999999968
 20
-95.1805200000000013
 30
0
 11
166.1687159999999892
 21
-95.1805189999999897
 31
0
  0
LINE
  5
B9A
330
1B
100
AcDbEntity
  8
B.Cu
  6
CONTINUOUS
100
AcDbLine
 10
166.1687159999999892
 20
-95.1805189999999897
 30
0
 11
166.2805199999999957
 21
-95.0687149999999974
 31
0
  0
LINE
  5
B9B
330
1B
100
AcDbEntity
  8
B.Cu
  6
CONTINUOUS
100
AcDbLine
 10
166.2805199999999957
 20
-95.0687149999999974
 30
0
 11
166.3529939999999954
 21
-94.9431859999999972
 31
0
  0
LINE
  5
B9C
330
1B
100
AcDbEntity
  8
B.Cu
  6
CONTINUOUS
100
AcDbLine
 10
166.3529939999999954
 20
-94.9431859999999972
 30
0
 11
166.3595770000000016
 21
-94.9317839999999933
 31
0
  0
LINE
  5
B9D
330
1B
100
AcDbEntity
  8
B.Cu
  6
CONTINUOUS
100
AcDbLine
 10
166.3595770000000016
 20
-94.9317839999999933
 30
0
 11
166.4004999999999939
 21
-94.7790559999999971
 31
0
  0
LINE
  5
B9E
330
1B
100
AcDbEntity
  8
B.Cu
  6
CONTINUOUS
100
AcDbLine
 10
166.4004999999999939
 20
-94.7790559999999971
 30
0
 11
166.4004999999999939
 21
-94.6209419999999994
 31
0
  0
LINE
  5
B9F
330
1B
100
AcDbEntity
  8
B.Cu
  6
CONTINUOUS
100
AcDbLine
 10
166.4004999999999939
 20
-94.6209419999999994
 30
0
 11
166.4004999999999939
 21
-88.6841079999999948
 31
0
  0
LINE
  5
BA0
330
1B
100
AcDbEntity
  8
B.Cu
  6
CONTINUOUS
100
AcDbLine
 10
166.4004999999999939
 20
-88.6841079999999948
 30
0
 11
166.4004999999999939
 21
-88.6209429999999969
 31
0
  0
LINE
  5
BA1
330
1B
100
AcDbEntity
  8
B.Cu
  6
CONTINUOUS
100
AcDbLine
 10
166.4004999999999939
 20
-88.6209429999999969
 30
0
 11
166.3595770000000016
 21
-88.4682159999999982
 31
0
  0
LINE
  5
BA2
330
1B
100
AcDbEntity
  8
B.Cu
  6
CONTINUOUS
100
AcDbLine
 10
166.3595770000000016
 20
-88.4682159999999982
 30
0
 11
166.2805199999999957
 21
-88.3312839999999966
 31
0
  0
LINE
  5
BA3
330
1B
100
AcDbEntity
  8
B.Cu
  6
CONTINUOUS
100
AcDbLine
 10
166.2805199999999957
 20
-88.3312839999999966
 30
0
 11
166.1687159999999892
 21
-88.2194799999999901
 31
0
  0
LINE
  5
BA4
330
1B
100
AcDbEntity
  8
B.Cu
  6
CONTINUOUS
100
AcDbLine
 10
166.1687159999999892
 20
-88.2194799999999901
 30
0
 11
166.0317839999999876
 21
-88.1404229999999984
 31
0
  0
LINE
  5
BA5
330
1B
100
AcDbEntity
  8
B.Cu
  6
CONTINUOUS
100
AcDbLine
 10
166.0317839999999876
 20
-88.1404229999999984
 30
0
 11
165.8790569999999889
 21
-88.0994999999999919
 31
0
  0
LINE
  5
BA6
330
1B
100
AcDbEntity
  8
B.Cu
  6
CONTINUOUS
100
AcDbLine
 10
165.8790569999999889
 20
-88.0994999999999919
 30
0
 11
165.7209430000000054
 21
-88.0994999999999919
 31
0
  0
LINE
  5
BA7
330
1B
100
AcDbEntity
  8
B.Cu
  6
CONTINUOUS
100
AcDbLine
 10
165.7209430000000054
 20
-88.0994999999999919
 30
0
 11
165.5682160000000067
 21
-88.1404229999999984
 31
0
  0
LINE
  5
BA8
330
1B
100
AcDbEntity
  8
B.Cu
  6
CONTINUOUS
100
AcDbLine
 10
165.5682160000000067
 20
-88.1404229999999984
 30
0
 11
165.4312840000000051
 21
-88.2194799999999901
 31
0
  0
LINE
  5
BA9
330
1B
100
AcDbEntity
  8
B.Cu
  6
CONTINUOUS
100
AcDbLine
 10
165.4312840000000051
 20
-88.2194799999999901
 30
0
 11
165.3194799999999987
 21
-88.3312839999999966
 31
0
  0
LINE
  5
BAA
330
1B
100
AcDbEntity
  8
B.Cu
  6
CONTINUOUS
100
AcDbLine
 10
165.3194799999999987
 20
-88.3312839999999966
 30
0
 11
165.2404229999999927
 21
-88.4682159999999982
 31
0
  0
LINE
  5
BAB
330
1B
100
AcDbEntity
  8
B.Cu
  6
CONTINUOUS
100
AcDbLine
 10
165.2404229999999927
 20
-88.4682159999999982
 30
0
 11
165.2372660000000053
 21
-88.4799999999999898
 31
0
  0
LINE
  5
BAC
330
1B
100
AcDbEntity
  8
B.Cu
  6
CONTINUOUS
100
AcDbLine
 10
165.2372660000000053
 20
-88.4799999999999898
 30
0
 11
165.1995000000000005
 21
-88.6209439999999944
 31
0
  0
LINE
  5
BAD
330
1B
100
AcDbEntity
  8
B.Cu
  6
CONTINUOUS
100
AcDbLine
 10
165.1995000000000005
 20
-88.6209439999999944
 30
0
 11
165.1995000000000005
 21
-94.4102559999999897
 31
0
  0
LINE
  5
BAE
330
1B
100
AcDbEntity
  8
B.Cu
  6
CONTINUOUS
100
AcDbLine
 10
165.1995000000000005
 20
-94.4102559999999897
 30
0
 11
165.1805929999999876
 21
-94.4684469999999976
 31
0
  0
LINE
  5
BAF
330
1B
100
AcDbEntity
  8
B.Cu
  6
CONTINUOUS
100
AcDbLine
 10
165.1805929999999876
 20
-94.4684469999999976
 30
0
 11
165.170503999999994
 21
-94.4802600000000012
 31
0
  0
LINE
  5
BB0
330
1B
100
AcDbEntity
  8
B.Cu
  6
CONTINUOUS
100
AcDbLine
 10
165.170503999999994
 20
-94.4802600000000012
 30
0
 11
163.3194770000000062
 21
-96.331286999999989
 31
0
  0
LINE
  5
BB1
330
1B
100
AcDbEntity
  8
B.Cu
  6
CONTINUOUS
100
AcDbLine
 10
163.3194770000000062
 20
-96.331286999999989
 30
0
 11
163.2404249999999877
 21
-96.46820799999999
 31
0
  0
LINE
  5
BB2
330
1B
100
AcDbEntity
  8
B.Cu
  6
CONTINUOUS
100
AcDbLine
 10
163.2404249999999877
 20
-96.46820799999999
 30
0
 11
163.2404229999999927
 21
-96.4682119999999941
 31
0
  0
LINE
  5
BB3
330
1B
100
AcDbEntity
  8
B.Cu
  6
CONTINUOUS
100
AcDbLine
 10
163.2404229999999927
 20
-96.4682119999999941
 30
0
 11
163.2404229999999927
 21
-96.468213999999989
 31
0
  0
LINE
  5
BB4
330
1B
100
AcDbEntity
  8
B.Cu
  6
CONTINUOUS
100
AcDbLine
 10
163.2404229999999927
 20
-96.468213999999989
 30
0
 11
163.199499000000003
 21
-96.6209419999999994
 31
0
  0
LINE
  5
BB5
330
1B
100
AcDbEntity
  8
B.Cu
  6
CONTINUOUS
100
AcDbLine
 10
163.199499000000003
 20
-96.6209419999999994
 30
0
 11
163.199499000000003
 21
-96.7790559999999971
 31
0
  0
LINE
  5
BB6
330
1B
100
AcDbEntity
  8
B.Cu
  6
CONTINUOUS
100
AcDbLine
 10
129.2494999999999834
 20
-96.815891999999991
 30
0
 11
129.2716769999999826
 21
-96.898658999999995
 31
0
  0
LINE
  5
BB7
330
1B
100
AcDbEntity
  8
B.Cu
  6
CONTINUOUS
100
AcDbLine
 10
129.2716769999999826
 20
-96.898658999999995
 30
0
 11
129.2836089999999842
 21
-96.9431900000000013
 31
0
  0
LINE
  5
BB8
330
1B
100
AcDbEntity
  8
B.Cu
  6
CONTINUOUS
100
AcDbLine
 10
129.2836089999999842
 20
-96.9431900000000013
 30
0
 11
129.3494959999999878
 21
-97.0573089999999894
 31
0
  0
LINE
  5
BB9
330
1B
100
AcDbEntity
  8
B.Cu
  6
CONTINUOUS
100
AcDbLine
 10
129.3494959999999878
 20
-97.0573089999999894
 30
0
 11
129.3494979999999828
 21
-97.0573109999999986
 31
0
  0
LINE
  5
BBA
330
1B
100
AcDbEntity
  8
B.Cu
  6
CONTINUOUS
100
AcDbLine
 10
129.3494979999999828
 20
-97.0573109999999986
 30
0
 11
129.3495000000000061
 21
-97.057313999999991
 31
0
  0
LINE
  5
BBB
330
1B
100
AcDbEntity
  8
B.Cu
  6
CONTINUOUS
100
AcDbLine
 10
129.3495000000000061
 20
-97.057313999999991
 30
0
 11
129.4426859999999806
 21
-97.1504999999999939
 31
0
  0
LINE
  5
BBC
330
1B
100
AcDbEntity
  8
B.Cu
  6
CONTINUOUS
100
AcDbLine
 10
129.4426859999999806
 20
-97.1504999999999939
 30
0
 11
129.442688000000004
 21
-97.1505009999999913
 31
0
  0
LINE
  5
BBD
330
1B
100
AcDbEntity
  8
B.Cu
  6
CONTINUOUS
100
AcDbLine
 10
129.442688000000004
 20
-97.1505009999999913
 30
0
 11
129.4426899999999989
 21
-97.1505030000000005
 31
0
  0
LINE
  5
BBE
330
1B
100
AcDbEntity
  8
B.Cu
  6
CONTINUOUS
100
AcDbLine
 10
129.4426899999999989
 20
-97.1505030000000005
 30
0
 11
129.5568099999999845
 21
-97.2163899999999899
 31
0
  0
LINE
  5
BBF
330
1B
100
AcDbEntity
  8
B.Cu
  6
CONTINUOUS
100
AcDbLine
 10
129.5568099999999845
 20
-97.2163899999999899
 30
0
 11
129.5568079999999895
 21
-97.2163899999999899
 31
0
  0
LINE
  5
BC0
330
1B
100
AcDbEntity
  8
B.Cu
  6
CONTINUOUS
100
AcDbLine
 10
129.5568079999999895
 20
-97.2163899999999899
 30
0
 11
129.5568120000000079
 21
-97.2163910000000016
 31
0
  0
LINE
  5
BC1
330
1B
100
AcDbEntity
  8
B.Cu
  6
CONTINUOUS
100
AcDbLine
 10
129.5568120000000079
 20
-97.2163910000000016
 30
0
 11
129.5568140000000028
 21
-97.216391999999999
 31
0
  0
LINE
  5
BC2
330
1B
100
AcDbEntity
  8
B.Cu
  6
CONTINUOUS
100
AcDbLine
 10
129.5568140000000028
 20
-97.216391999999999
 30
0
 11
129.6841079999999806
 21
-97.2505000000000024
 31
0
  0
LINE
  5
BC3
330
1B
100
AcDbEntity
  8
B.Cu
  6
CONTINUOUS
100
AcDbLine
 10
129.6841079999999806
 20
-97.2505000000000024
 30
0
 11
129.684110000000004
 21
-97.2505000000000024
 31
0
  0
LINE
  5
BC4
330
1B
100
AcDbEntity
  8
B.Cu
  6
CONTINUOUS
100
AcDbLine
 10
129.684110000000004
 20
-97.2505000000000024
 30
0
 11
129.815889999999996
 21
-97.2505000000000024
 31
0
  0
LINE
  5
BC5
330
1B
100
AcDbEntity
  8
B.Cu
  6
CONTINUOUS
100
AcDbLine
 10
129.815889999999996
 20
-97.2505000000000024
 30
0
 11
129.815891999999991
 21
-97.2505000000000024
 31
0
  0
LINE
  5
BC6
330
1B
100
AcDbEntity
  8
B.Cu
  6
CONTINUOUS
100
AcDbLine
 10
129.815891999999991
 20
-97.2505000000000024
 30
0
 11
129.9431859999999972
 21
-97.216391999999999
 31
0
  0
LINE
  5
BC7
330
1B
100
AcDbEntity
  8
B.Cu
  6
CONTINUOUS
100
AcDbLine
 10
129.9431859999999972
 20
-97.216391999999999
 30
0
 11
129.9431879999999921
 21
-97.2163899999999899
 31
0
  0
LINE
  5
BC8
330
1B
100
AcDbEntity
  8
B.Cu
  6
CONTINUOUS
100
AcDbLine
 10
129.9431879999999921
 20
-97.2163899999999899
 30
0
 11
129.9431899999999871
 21
-97.2163899999999899
 31
0
  0
LINE
  5
BC9
330
1B
100
AcDbEntity
  8
B.Cu
  6
CONTINUOUS
100
AcDbLine
 10
129.9431899999999871
 20
-97.2163899999999899
 30
0
 11
130.0573090000000036
 21
-97.1505030000000005
 31
0
  0
LINE
  5
BCA
330
1B
100
AcDbEntity
  8
B.Cu
  6
CONTINUOUS
100
AcDbLine
 10
130.0573090000000036
 20
-97.1505030000000005
 30
0
 11
130.0573090000000036
 21
-97.1505019999999888
 31
0
  0
LINE
  5
BCB
330
1B
100
AcDbEntity
  8
B.Cu
  6
CONTINUOUS
100
AcDbLine
 10
130.0573090000000036
 20
-97.1505019999999888
 30
0
 11
130.057313999999991
 21
-97.1504999999999939
 31
0
  0
LINE
  5
BCC
330
1B
100
AcDbEntity
  8
B.Cu
  6
CONTINUOUS
100
AcDbLine
 10
130.057313999999991
 20
-97.1504999999999939
 30
0
 11
130.1504999999999939
 21
-97.057313999999991
 31
0
  0
LINE
  5
BCD
330
1B
100
AcDbEntity
  8
B.Cu
  6
CONTINUOUS
100
AcDbLine
 10
130.1504999999999939
 20
-97.057313999999991
 30
0
 11
130.1552059999999926
 21
-97.049162999999993
 31
0
  0
LINE
  5
BCE
330
1B
100
AcDbEntity
  8
B.Cu
  6
CONTINUOUS
100
AcDbLine
 10
130.1552059999999926
 20
-97.049162999999993
 30
0
 11
130.2163899999999899
 21
-96.9431900000000013
 31
0
  0
LINE
  5
BCF
330
1B
100
AcDbEntity
  8
B.Cu
  6
CONTINUOUS
100
AcDbLine
 10
130.2163899999999899
 20
-96.9431900000000013
 30
0
 11
130.2163899999999899
 21
-96.9431879999999921
 31
0
  0
LINE
  5
BD0
330
1B
100
AcDbEntity
  8
B.Cu
  6
CONTINUOUS
100
AcDbLine
 10
130.2163899999999899
 20
-96.9431879999999921
 30
0
 11
130.2163919999999848
 21
-96.9431859999999972
 31
0
  0
LINE
  5
BD1
330
1B
100
AcDbEntity
  8
B.Cu
  6
CONTINUOUS
100
AcDbLine
 10
130.2163919999999848
 20
-96.9431859999999972
 30
0
 11
130.2504999999999882
 21
-96.815891999999991
 31
0
  0
LINE
  5
BD2
330
1B
100
AcDbEntity
  8
B.Cu
  6
CONTINUOUS
100
AcDbLine
 10
130.2504999999999882
 20
-96.815891999999991
 30
0
 11
130.2504999999999882
 21
-96.6841079999999948
 31
0
  0
LINE
  5
BD3
330
1B
100
AcDbEntity
  8
B.Cu
  6
CONTINUOUS
100
AcDbLine
 10
130.2504999999999882
 20
-96.6841079999999948
 30
0
 11
130.2163919999999848
 21
-96.5568139999999886
 31
0
  0
LINE
  5
BD4
330
1B
100
AcDbEntity
  8
B.Cu
  6
CONTINUOUS
100
AcDbLine
 10
130.2163919999999848
 20
-96.5568139999999886
 30
0
 11
130.2163899999999899
 21
-96.5568099999999987
 31
0
  0
LINE
  5
BD5
330
1B
100
AcDbEntity
  8
B.Cu
  6
CONTINUOUS
100
AcDbLine
 10
130.2163899999999899
 20
-96.5568099999999987
 30
0
 11
130.2163899999999899
 21
-96.5568090000000012
 31
0
  0
LINE
  5
BD6
330
1B
100
AcDbEntity
  8
B.Cu
  6
CONTINUOUS
100
AcDbLine
 10
130.2163899999999899
 20
-96.5568090000000012
 30
0
 11
130.1505029999999863
 21
-96.4426899999999989
 31
0
  0
LINE
  5
BD7
330
1B
100
AcDbEntity
  8
B.Cu
  6
CONTINUOUS
100
AcDbLine
 10
130.1505029999999863
 20
-96.4426899999999989
 30
0
 11
130.1505009999999913
 21
-96.4426879999999898
 31
0
  0
LINE
  5
BD8
330
1B
100
AcDbEntity
  8
B.Cu
  6
CONTINUOUS
100
AcDbLine
 10
130.1505009999999913
 20
-96.4426879999999898
 30
0
 11
130.1504999999999939
 21
-96.4426859999999948
 31
0
  0
LINE
  5
BD9
330
1B
100
AcDbEntity
  8
B.Cu
  6
CONTINUOUS
100
AcDbLine
 10
130.1504999999999939
 20
-96.4426859999999948
 30
0
 11
130.057313999999991
 21
-96.3494999999999919
 31
0
  0
LINE
  5
BDA
330
1B
100
AcDbEntity
  8
B.Cu
  6
CONTINUOUS
100
AcDbLine
 10
130.057313999999991
 20
-96.3494999999999919
 30
0
 11
130.0573109999999986
 21
-96.349497999999997
 31
0
  0
LINE
  5
BDB
330
1B
100
AcDbEntity
  8
B.Cu
  6
CONTINUOUS
100
AcDbLine
 10
130.0573109999999986
 20
-96.349497999999997
 30
0
 11
130.0573090000000036
 21
-96.349496000000002
 31
0
  0
LINE
  5
BDC
330
1B
100
AcDbEntity
  8
B.Cu
  6
CONTINUOUS
100
AcDbLine
 10
130.0573090000000036
 20
-96.349496000000002
 30
0
 11
129.9431889999999896
 21
-96.2836089999999984
 31
0
  0
LINE
  5
BDD
330
1B
100
AcDbEntity
  8
B.Cu
  6
CONTINUOUS
100
AcDbLine
 10
129.9431889999999896
 20
-96.2836089999999984
 30
0
 11
129.9431909999999846
 21
-96.2836089999999984
 31
0
  0
LINE
  5
BDE
330
1B
100
AcDbEntity
  8
B.Cu
  6
CONTINUOUS
100
AcDbLine
 10
129.9431909999999846
 20
-96.2836089999999984
 30
0
 11
129.8937990000000013
 21
-96.2703750000000014
 31
0
  0
LINE
  5
BDF
330
1B
100
AcDbEntity
  8
B.Cu
  6
CONTINUOUS
100
AcDbLine
 10
129.8937990000000013
 20
-96.2703750000000014
 30
0
 11
129.815891999999991
 21
-96.2494999999999976
 31
0
  0
LINE
  5
BE0
330
1B
100
AcDbEntity
  8
B.Cu
  6
CONTINUOUS
100
AcDbLine
 10
129.815891999999991
 20
-96.2494999999999976
 30
0
 11
129.6841079999999806
 21
-96.2494999999999976
 31
0
  0
LINE
  5
BE1
330
1B
100
AcDbEntity
  8
B.Cu
  6
CONTINUOUS
100
AcDbLine
 10
129.6841079999999806
 20
-96.2494999999999976
 30
0
 11
129.6062000000000012
 21
-96.2703750000000014
 31
0
  0
LINE
  5
BE2
330
1B
100
AcDbEntity
  8
B.Cu
  6
CONTINUOUS
100
AcDbLine
 10
129.6062000000000012
 20
-96.2703750000000014
 30
0
 11
129.556808999999987
 21
-96.2836089999999984
 31
0
  0
LINE
  5
BE3
330
1B
100
AcDbEntity
  8
B.Cu
  6
CONTINUOUS
100
AcDbLine
 10
129.556808999999987
 20
-96.2836089999999984
 30
0
 11
129.4426899999999989
 21
-96.349496000000002
 31
0
  0
LINE
  5
BE4
330
1B
100
AcDbEntity
  8
B.Cu
  6
CONTINUOUS
100
AcDbLine
 10
129.4426899999999989
 20
-96.349496000000002
 30
0
 11
129.3494959999999878
 21
-96.4426899999999989
 31
0
  0
LINE
  5
BE5
330
1B
100
AcDbEntity
  8
B.Cu
  6
CONTINUOUS
100
AcDbLine
 10
129.3494959999999878
 20
-96.4426899999999989
 30
0
 11
129.2836089999999842
 21
-96.5568090000000012
 31
0
  0
LINE
  5
BE6
330
1B
100
AcDbEntity
  8
B.Cu
  6
CONTINUOUS
100
AcDbLine
 10
129.2836089999999842
 20
-96.5568090000000012
 30
0
 11
129.2836079999999868
 21
-96.5568139999999886
 31
0
  0
LINE
  5
BE7
330
1B
100
AcDbEntity
  8
B.Cu
  6
CONTINUOUS
100
AcDbLine
 10
129.2836079999999868
 20
-96.5568139999999886
 30
0
 11
129.2494999999999834
 21
-96.6841079999999948
 31
0
  0
LINE
  5
BE8
330
1B
100
AcDbEntity
  8
B.Cu
  6
CONTINUOUS
100
AcDbLine
 10
129.2494999999999834
 20
-96.6841079999999948
 30
0
 11
129.2494999999999834
 21
-96.815891999999991
 31
0
  0
LINE
  5
BE9
330
1B
100
AcDbEntity
  8
B.Cu
  6
CONTINUOUS
100
AcDbLine
 10
131.2494999999999834
 20
-96.815891999999991
 30
0
 11
131.2716769999999826
 21
-96.898658999999995
 31
0
  0
LINE
  5
BEA
330
1B
100
AcDbEntity
  8
B.Cu
  6
CONTINUOUS
100
AcDbLine
 10
131.2716769999999826
 20
-96.898658999999995
 30
0
 11
131.2836089999999842
 21
-96.9431900000000013
 31
0
  0
LINE
  5
BEB
330
1B
100
AcDbEntity
  8
B.Cu
  6
CONTINUOUS
100
AcDbLine
 10
131.2836089999999842
 20
-96.9431900000000013
 30
0
 11
131.3494959999999878
 21
-97.0573089999999894
 31
0
  0
LINE
  5
BEC
330
1B
100
AcDbEntity
  8
B.Cu
  6
CONTINUOUS
100
AcDbLine
 10
131.3494959999999878
 20
-97.0573089999999894
 30
0
 11
131.3494979999999828
 21
-97.0573109999999986
 31
0
  0
LINE
  5
BED
330
1B
100
AcDbEntity
  8
B.Cu
  6
CONTINUOUS
100
AcDbLine
 10
131.3494979999999828
 20
-97.0573109999999986
 30
0
 11
131.3495000000000061
 21
-97.057313999999991
 31
0
  0
LINE
  5
BEE
330
1B
100
AcDbEntity
  8
B.Cu
  6
CONTINUOUS
100
AcDbLine
 10
131.3495000000000061
 20
-97.057313999999991
 30
0
 11
131.4426859999999806
 21
-97.1504999999999939
 31
0
  0
LINE
  5
BEF
330
1B
100
AcDbEntity
  8
B.Cu
  6
CONTINUOUS
100
AcDbLine
 10
131.4426859999999806
 20
-97.1504999999999939
 30
0
 11
131.442688000000004
 21
-97.1505009999999913
 31
0
  0
LINE
  5
BF0
330
1B
100
AcDbEntity
  8
B.Cu
  6
CONTINUOUS
100
AcDbLine
 10
131.442688000000004
 20
-97.1505009999999913
 30
0
 11
131.4426899999999989
 21
-97.1505030000000005
 31
0
  0
LINE
  5
BF1
330
1B
100
AcDbEntity
  8
B.Cu
  6
CONTINUOUS
100
AcDbLine
 10
131.4426899999999989
 20
-97.1505030000000005
 30
0
 11
131.5568099999999845
 21
-97.2163899999999899
 31
0
  0
LINE
  5
BF2
330
1B
100
AcDbEntity
  8
B.Cu
  6
CONTINUOUS
100
AcDbLine
 10
131.5568099999999845
 20
-97.2163899999999899
 30
0
 11
131.5568079999999895
 21
-97.2163899999999899
 31
0
  0
LINE
  5
BF3
330
1B
100
AcDbEntity
  8
B.Cu
  6
CONTINUOUS
100
AcDbLine
 10
131.5568079999999895
 20
-97.2163899999999899
 30
0
 11
131.5568120000000079
 21
-97.2163910000000016
 31
0
  0
LINE
  5
BF4
330
1B
100
AcDbEntity
  8
B.Cu
  6
CONTINUOUS
100
AcDbLine
 10
131.5568120000000079
 20
-97.2163910000000016
 30
0
 11
131.5568140000000028
 21
-97.216391999999999
 31
0
  0
LINE
  5
BF5
330
1B
100
AcDbEntity
  8
B.Cu
  6
CONTINUOUS
100
AcDbLine
 10
131.5568140000000028
 20
-97.216391999999999
 30
0
 11
131.6841079999999806
 21
-97.2505000000000024
 31
0
  0
LINE
  5
BF6
330
1B
100
AcDbEntity
  8
B.Cu
  6
CONTINUOUS
100
AcDbLine
 10
131.6841079999999806
 20
-97.2505000000000024
 30
0
 11
131.684110000000004
 21
-97.2505000000000024
 31
0
  0
LINE
  5
BF7
330
1B
100
AcDbEntity
  8
B.Cu
  6
CONTINUOUS
100
AcDbLine
 10
131.684110000000004
 20
-97.2505000000000024
 30
0
 11
131.815889999999996
 21
-97.2505000000000024
 31
0
  0
LINE
  5
BF8
330
1B
100
AcDbEntity
  8
B.Cu
  6
CONTINUOUS
100
AcDbLine
 10
131.815889999999996
 20
-97.2505000000000024
 30
0
 11
131.815891999999991
 21
-97.2505000000000024
 31
0
  0
LINE
  5
BF9
330
1B
100
AcDbEntity
  8
B.Cu
  6
CONTINUOUS
100
AcDbLine
 10
131.815891999999991
 20
-97.2505000000000024
 30
0
 11
131.9431859999999972
 21
-97.216391999999999
 31
0
  0
LINE
  5
BFA
330
1B
100
AcDbEntity
  8
B.Cu
  6
CONTINUOUS
100
AcDbLine
 10
131.9431859999999972
 20
-97.216391999999999
 30
0
 11
131.9431879999999921
 21
-97.2163899999999899
 31
0
  0
LINE
  5
BFB
330
1B
100
AcDbEntity
  8
B.Cu
  6
CONTINUOUS
100
AcDbLine
 10
131.9431879999999921
 20
-97.2163899999999899
 30
0
 11
131.9431899999999871
 21
-97.2163899999999899
 31
0
  0
LINE
  5
BFC
330
1B
100
AcDbEntity
  8
B.Cu
  6
CONTINUOUS
100
AcDbLine
 10
131.9431899999999871
 20
-97.2163899999999899
 30
0
 11
132.0573090000000036
 21
-97.1505030000000005
 31
0
  0
LINE
  5
BFD
330
1B
100
AcDbEntity
  8
B.Cu
  6
CONTINUOUS
100
AcDbLine
 10
132.0573090000000036
 20
-97.1505030000000005
 30
0
 11
132.0573090000000036
 21
-97.1505019999999888
 31
0
  0
LINE
  5
BFE
330
1B
100
AcDbEntity
  8
B.Cu
  6
CONTINUOUS
100
AcDbLine
 10
132.0573090000000036
 20
-97.1505019999999888
 30
0
 11
132.057313999999991
 21
-97.1504999999999939
 31
0
  0
LINE
  5
BFF
330
1B
100
AcDbEntity
  8
B.Cu
  6
CONTINUOUS
100
AcDbLine
 10
132.057313999999991
 20
-97.1504999999999939
 30
0
 11
132.1504999999999939
 21
-97.057313999999991
 31
0
  0
LINE
  5
C00
330
1B
100
AcDbEntity
  8
B.Cu
  6
CONTINUOUS
100
AcDbLine
 10
132.1504999999999939
 20
-97.057313999999991
 30
0
 11
132.1552059999999926
 21
-97.049162999999993
 31
0
  0
LINE
  5
C01
330
1B
100
AcDbEntity
  8
B.Cu
  6
CONTINUOUS
100
AcDbLine
 10
132.1552059999999926
 20
-97.049162999999993
 30
0
 11
132.2163899999999899
 21
-96.9431900000000013
 31
0
  0
LINE
  5
C02
330
1B
100
AcDbEntity
  8
B.Cu
  6
CONTINUOUS
100
AcDbLine
 10
132.2163899999999899
 20
-96.9431900000000013
 30
0
 11
132.2163899999999899
 21
-96.9431879999999921
 31
0
  0
LINE
  5
C03
330
1B
100
AcDbEntity
  8
B.Cu
  6
CONTINUOUS
100
AcDbLine
 10
132.2163899999999899
 20
-96.9431879999999921
 30
0
 11
132.2163919999999848
 21
-96.9431859999999972
 31
0
  0
LINE
  5
C04
330
1B
100
AcDbEntity
  8
B.Cu
  6
CONTINUOUS
100
AcDbLine
 10
132.2163919999999848
 20
-96.9431859999999972
 30
0
 11
132.2504999999999882
 21
-96.815891999999991
 31
0
  0
LINE
  5
C05
330
1B
100
AcDbEntity
  8
B.Cu
  6
CONTINUOUS
100
AcDbLine
 10
132.2504999999999882
 20
-96.815891999999991
 30
0
 11
132.2504999999999882
 21
-96.6841079999999948
 31
0
  0
LINE
  5
C06
330
1B
100
AcDbEntity
  8
B.Cu
  6
CONTINUOUS
100
AcDbLine
 10
132.2504999999999882
 20
-96.6841079999999948
 30
0
 11
132.2163919999999848
 21
-96.5568139999999886
 31
0
  0
LINE
  5
C07
330
1B
100
AcDbEntity
  8
B.Cu
  6
CONTINUOUS
100
AcDbLine
 10
132.2163919999999848
 20
-96.5568139999999886
 30
0
 11
132.2163899999999899
 21
-96.5568099999999987
 31
0
  0
LINE
  5
C08
330
1B
100
AcDbEntity
  8
B.Cu
  6
CONTINUOUS
100
AcDbLine
 10
132.2163899999999899
 20
-96.5568099999999987
 30
0
 11
132.2163899999999899
 21
-96.5568090000000012
 31
0
  0
LINE
  5
C09
330
1B
100
AcDbEntity
  8
B.Cu
  6
CONTINUOUS
100
AcDbLine
 10
132.2163899999999899
 20
-96.5568090000000012
 30
0
 11
132.1505029999999863
 21
-96.4426899999999989
 31
0
  0
LINE
  5
C0A
330
1B
100
AcDbEntity
  8
B.Cu
  6
CONTINUOUS
100
AcDbLine
 10
132.1505029999999863
 20
-96.4426899999999989
 30
0
 11
132.1505009999999913
 21
-96.4426879999999898
 31
0
  0
LINE
  5
C0B
330
1B
100
AcDbEntity
  8
B.Cu
  6
CONTINUOUS
100
AcDbLine
 10
132.1505009999999913
 20
-96.4426879999999898
 30
0
 11
132.1504999999999939
 21
-96.4426859999999948
 31
0
  0
LINE
  5
C0C
330
1B
100
AcDbEntity
  8
B.Cu
  6
CONTINUOUS
100
AcDbLine
 10
132.1504999999999939
 20
-96.4426859999999948
 30
0
 11
132.057313999999991
 21
-96.3494999999999919
 31
0
  0
LINE
  5
C0D
330
1B
100
AcDbEntity
  8
B.Cu
  6
CONTINUOUS
100
AcDbLine
 10
132.057313999999991
 20
-96.3494999999999919
 30
0
 11
132.0573109999999986
 21
-96.349497999999997
 31
0
  0
LINE
  5
C0E
330
1B
100
AcDbEntity
  8
B.Cu
  6
CONTINUOUS
100
AcDbLine
 10
132.0573109999999986
 20
-96.349497999999997
 30
0
 11
132.0573090000000036
 21
-96.349496000000002
 31
0
  0
LINE
  5
C0F
330
1B
100
AcDbEntity
  8
B.Cu
  6
CONTINUOUS
100
AcDbLine
 10
132.0573090000000036
 20
-96.349496000000002
 30
0
 11
131.9431889999999896
 21
-96.2836089999999984
 31
0
  0
LINE
  5
C10
330
1B
100
AcDbEntity
  8
B.Cu
  6
CONTINUOUS
100
AcDbLine
 10
131.9431889999999896
 20
-96.2836089999999984
 30
0
 11
131.9431909999999846
 21
-96.2836089999999984
 31
0
  0
LINE
  5
C11
330
1B
100
AcDbEntity
  8
B.Cu
  6
CONTINUOUS
100
AcDbLine
 10
131.9431909999999846
 20
-96.2836089999999984
 30
0
 11
131.8937990000000013
 21
-96.2703750000000014
 31
0
  0
LINE
  5
C12
330
1B
100
AcDbEntity
  8
B.Cu
  6
CONTINUOUS
100
AcDbLine
 10
131.8937990000000013
 20
-96.2703750000000014
 30
0
 11
131.815891999999991
 21
-96.2494999999999976
 31
0
  0
LINE
  5
C13
330
1B
100
AcDbEntity
  8
B.Cu
  6
CONTINUOUS
100
AcDbLine
 10
131.815891999999991
 20
-96.2494999999999976
 30
0
 11
131.6841079999999806
 21
-96.2494999999999976
 31
0
  0
LINE
  5
C14
330
1B
100
AcDbEntity
  8
B.Cu
  6
CONTINUOUS
100
AcDbLine
 10
131.6841079999999806
 20
-96.2494999999999976
 30
0
 11
131.6062000000000012
 21
-96.2703750000000014
 31
0
  0
LINE
  5
C15
330
1B
100
AcDbEntity
  8
B.Cu
  6
CONTINUOUS
100
AcDbLine
 10
131.6062000000000012
 20
-96.2703750000000014
 30
0
 11
131.556808999999987
 21
-96.2836089999999984
 31
0
  0
LINE
  5
C16
330
1B
100
AcDbEntity
  8
B.Cu
  6
CONTINUOUS
100
AcDbLine
 10
131.556808999999987
 20
-96.2836089999999984
 30
0
 11
131.4426899999999989
 21
-96.349496000000002
 31
0
  0
LINE
  5
C17
330
1B
100
AcDbEntity
  8
B.Cu
  6
CONTINUOUS
100
AcDbLine
 10
131.4426899999999989
 20
-96.349496000000002
 30
0
 11
131.3494959999999878
 21
-96.4426899999999989
 31
0
  0
LINE
  5
C18
330
1B
100
AcDbEntity
  8
B.Cu
  6
CONTINUOUS
100
AcDbLine
 10
131.3494959999999878
 20
-96.4426899999999989
 30
0
 11
131.2836089999999842
 21
-96.5568090000000012
 31
0
  0
LINE
  5
C19
330
1B
100
AcDbEntity
  8
B.Cu
  6
CONTINUOUS
100
AcDbLine
 10
131.2836089999999842
 20
-96.5568090000000012
 30
0
 11
131.2836079999999868
 21
-96.5568139999999886
 31
0
  0
LINE
  5
C1A
330
1B
100
AcDbEntity
  8
B.Cu
  6
CONTINUOUS
100
AcDbLine
 10
131.2836079999999868
 20
-96.5568139999999886
 30
0
 11
131.2494999999999834
 21
-96.6841079999999948
 31
0
  0
LINE
  5
C1B
330
1B
100
AcDbEntity
  8
B.Cu
  6
CONTINUOUS
100
AcDbLine
 10
131.2494999999999834
 20
-96.6841079999999948
 30
0
 11
131.2494999999999834
 21
-96.815891999999991
 31
0
  0
LINE
  5
C1C
330
1B
100
AcDbEntity
  8
B.Cu
  6
CONTINUOUS
100
AcDbLine
 10
186.2494999999999834
 20
-94.815891999999991
 30
0
 11
186.279578999999984
 21
-94.9281509999999997
 31
0
  0
LINE
  5
C1D
330
1B
100
AcDbEntity
  8
B.Cu
  6
CONTINUOUS
100
AcDbLine
 10
186.279578999999984
 20
-94.9281509999999997
 30
0
 11
186.2836089999999842
 21
-94.9431900000000013
 31
0
  0
LINE
  5
C1E
330
1B
100
AcDbEntity
  8
B.Cu
  6
CONTINUOUS
100
AcDbLine
 10
186.2836089999999842
 20
-94.9431900000000013
 30
0
 11
186.3494959999999878
 21
-95.0573089999999894
 31
0
  0
LINE
  5
C1F
330
1B
100
AcDbEntity
  8
B.Cu
  6
CONTINUOUS
100
AcDbLine
 10
186.3494959999999878
 20
-95.0573089999999894
 30
0
 11
186.3494979999999828
 21
-95.0573109999999986
 31
0
  0
LINE
  5
C20
330
1B
100
AcDbEntity
  8
B.Cu
  6
CONTINUOUS
100
AcDbLine
 10
186.3494979999999828
 20
-95.0573109999999986
 30
0
 11
186.3494999999999777
 21
-95.057313999999991
 31
0
  0
LINE
  5
C21
330
1B
100
AcDbEntity
  8
B.Cu
  6
CONTINUOUS
100
AcDbLine
 10
186.3494999999999777
 20
-95.057313999999991
 30
0
 11
186.4426859999999806
 21
-95.1504999999999939
 31
0
  0
LINE
  5
C22
330
1B
100
AcDbEntity
  8
B.Cu
  6
CONTINUOUS
100
AcDbLine
 10
186.4426859999999806
 20
-95.1504999999999939
 30
0
 11
186.442688000000004
 21
-95.1505009999999913
 31
0
  0
LINE
  5
C23
330
1B
100
AcDbEntity
  8
B.Cu
  6
CONTINUOUS
100
AcDbLine
 10
186.442688000000004
 20
-95.1505009999999913
 30
0
 11
186.4426899999999989
 21
-95.1505030000000005
 31
0
  0
LINE
  5
C24
330
1B
100
AcDbEntity
  8
B.Cu
  6
CONTINUOUS
100
AcDbLine
 10
186.4426899999999989
 20
-95.1505030000000005
 30
0
 11
186.5568099999999845
 21
-95.2163899999999899
 31
0
  0
LINE
  5
C25
330
1B
100
AcDbEntity
  8
B.Cu
  6
CONTINUOUS
100
AcDbLine
 10
186.5568099999999845
 20
-95.2163899999999899
 30
0
 11
186.5568079999999895
 21
-95.2163899999999899
 31
0
  0
LINE
  5
C26
330
1B
100
AcDbEntity
  8
B.Cu
  6
CONTINUOUS
100
AcDbLine
 10
186.5568079999999895
 20
-95.2163899999999899
 30
0
 11
186.5568119999999794
 21
-95.2163910000000016
 31
0
  0
LINE
  5
C27
330
1B
100
AcDbEntity
  8
B.Cu
  6
CONTINUOUS
100
AcDbLine
 10
186.5568119999999794
 20
-95.2163910000000016
 30
0
 11
186.5568140000000028
 21
-95.216391999999999
 31
0
  0
LINE
  5
C28
330
1B
100
AcDbEntity
  8
B.Cu
  6
CONTINUOUS
100
AcDbLine
 10
186.5568140000000028
 20
-95.216391999999999
 30
0
 11
186.6841079999999806
 21
-95.2505000000000024
 31
0
  0
LINE
  5
C29
330
1B
100
AcDbEntity
  8
B.Cu
  6
CONTINUOUS
100
AcDbLine
 10
186.6841079999999806
 20
-95.2505000000000024
 30
0
 11
186.684110000000004
 21
-95.2505000000000024
 31
0
  0
LINE
  5
C2A
330
1B
100
AcDbEntity
  8
B.Cu
  6
CONTINUOUS
100
AcDbLine
 10
186.684110000000004
 20
-95.2505000000000024
 30
0
 11
186.815889999999996
 21
-95.2505000000000024
 31
0
  0
LINE
  5
C2B
330
1B
100
AcDbEntity
  8
B.Cu
  6
CONTINUOUS
100
AcDbLine
 10
186.815889999999996
 20
-95.2505000000000024
 30
0
 11
186.815891999999991
 21
-95.2505000000000024
 31
0
  0
LINE
  5
C2C
330
1B
100
AcDbEntity
  8
B.Cu
  6
CONTINUOUS
100
AcDbLine
 10
186.815891999999991
 20
-95.2505000000000024
 30
0
 11
186.9431859999999972
 21
-95.216391999999999
 31
0
  0
LINE
  5
C2D
330
1B
100
AcDbEntity
  8
B.Cu
  6
CONTINUOUS
100
AcDbLine
 10
186.9431859999999972
 20
-95.216391999999999
 30
0
 11
186.9431879999999921
 21
-95.2163899999999899
 31
0
  0
LINE
  5
C2E
330
1B
100
AcDbEntity
  8
B.Cu
  6
CONTINUOUS
100
AcDbLine
 10
186.9431879999999921
 20
-95.2163899999999899
 30
0
 11
186.9431899999999871
 21
-95.2163899999999899
 31
0
  0
LINE
  5
C2F
330
1B
100
AcDbEntity
  8
B.Cu
  6
CONTINUOUS
100
AcDbLine
 10
186.9431899999999871
 20
-95.2163899999999899
 30
0
 11
187.0573090000000036
 21
-95.1505030000000005
 31
0
  0
LINE
  5
C30
330
1B
100
AcDbEntity
  8
B.Cu
  6
CONTINUOUS
100
AcDbLine
 10
187.0573090000000036
 20
-95.1505030000000005
 30
0
 11
187.0573090000000036
 21
-95.1505019999999888
 31
0
  0
LINE
  5
C31
330
1B
100
AcDbEntity
  8
B.Cu
  6
CONTINUOUS
100
AcDbLine
 10
187.0573090000000036
 20
-95.1505019999999888
 30
0
 11
187.057313999999991
 21
-95.1504999999999939
 31
0
  0
LINE
  5
C32
330
1B
100
AcDbEntity
  8
B.Cu
  6
CONTINUOUS
100
AcDbLine
 10
187.057313999999991
 20
-95.1504999999999939
 30
0
 11
187.1504999999999939
 21
-95.057313999999991
 31
0
  0
LINE
  5
C33
330
1B
100
AcDbEntity
  8
B.Cu
  6
CONTINUOUS
100
AcDbLine
 10
187.1504999999999939
 20
-95.057313999999991
 30
0
 11
187.2163919999999848
 21
-94.9431859999999972
 31
0
  0
LINE
  5
C34
330
1B
100
AcDbEntity
  8
B.Cu
  6
CONTINUOUS
100
AcDbLine
 10
187.2163919999999848
 20
-94.9431859999999972
 30
0
 11
187.2504999999999882
 21
-94.815891999999991
 31
0
  0
LINE
  5
C35
330
1B
100
AcDbEntity
  8
B.Cu
  6
CONTINUOUS
100
AcDbLine
 10
187.2504999999999882
 20
-94.815891999999991
 30
0
 11
187.2504999999999882
 21
-94.6841079999999948
 31
0
  0
LINE
  5
C36
330
1B
100
AcDbEntity
  8
B.Cu
  6
CONTINUOUS
100
AcDbLine
 10
187.2504999999999882
 20
-94.6841079999999948
 30
0
 11
187.2163919999999848
 21
-94.5568140000000028
 31
0
  0
LINE
  5
C37
330
1B
100
AcDbEntity
  8
B.Cu
  6
CONTINUOUS
100
AcDbLine
 10
187.2163919999999848
 20
-94.5568140000000028
 30
0
 11
187.2163899999999899
 21
-94.5568109999999962
 31
0
  0
LINE
  5
C38
330
1B
100
AcDbEntity
  8
B.Cu
  6
CONTINUOUS
100
AcDbLine
 10
187.2163899999999899
 20
-94.5568109999999962
 30
0
 11
187.2163899999999899
 21
-94.5568090000000012
 31
0
  0
LINE
  5
C39
330
1B
100
AcDbEntity
  8
B.Cu
  6
CONTINUOUS
100
AcDbLine
 10
187.2163899999999899
 20
-94.5568090000000012
 30
0
 11
187.1505029999999863
 21
-94.4426899999999989
 31
0
  0
LINE
  5
C3A
330
1B
100
AcDbEntity
  8
B.Cu
  6
CONTINUOUS
100
AcDbLine
 10
187.1505029999999863
 20
-94.4426899999999989
 30
0
 11
187.1505009999999913
 21
-94.4426879999999898
 31
0
  0
LINE
  5
C3B
330
1B
100
AcDbEntity
  8
B.Cu
  6
CONTINUOUS
100
AcDbLine
 10
187.1505009999999913
 20
-94.4426879999999898
 30
0
 11
187.1504999999999939
 21
-94.4426859999999948
 31
0
  0
LINE
  5
C3C
330
1B
100
AcDbEntity
  8
B.Cu
  6
CONTINUOUS
100
AcDbLine
 10
187.1504999999999939
 20
-94.4426859999999948
 30
0
 11
187.057313999999991
 21
-94.3494999999999919
 31
0
  0
LINE
  5
C3D
330
1B
100
AcDbEntity
  8
B.Cu
  6
CONTINUOUS
100
AcDbLine
 10
187.057313999999991
 20
-94.3494999999999919
 30
0
 11
187.0573109999999986
 21
-94.349497999999997
 31
0
  0
LINE
  5
C3E
330
1B
100
AcDbEntity
  8
B.Cu
  6
CONTINUOUS
100
AcDbLine
 10
187.0573109999999986
 20
-94.349497999999997
 30
0
 11
187.0573090000000036
 21
-94.349496000000002
 31
0
  0
LINE
  5
C3F
330
1B
100
AcDbEntity
  8
B.Cu
  6
CONTINUOUS
100
AcDbLine
 10
187.0573090000000036
 20
-94.349496000000002
 30
0
 11
186.9431889999999896
 21
-94.2836089999999984
 31
0
  0
LINE
  5
C40
330
1B
100
AcDbEntity
  8
B.Cu
  6
CONTINUOUS
100
AcDbLine
 10
186.9431889999999896
 20
-94.2836089999999984
 30
0
 11
186.9431909999999846
 21
-94.2836089999999984
 31
0
  0
LINE
  5
C41
330
1B
100
AcDbEntity
  8
B.Cu
  6
CONTINUOUS
100
AcDbLine
 10
186.9431909999999846
 20
-94.2836089999999984
 30
0
 11
186.8937990000000013
 21
-94.2703750000000014
 31
0
  0
LINE
  5
C42
330
1B
100
AcDbEntity
  8
B.Cu
  6
CONTINUOUS
100
AcDbLine
 10
186.8937990000000013
 20
-94.2703750000000014
 30
0
 11
186.815891999999991
 21
-94.2494999999999976
 31
0
  0
LINE
  5
C43
330
1B
100
AcDbEntity
  8
B.Cu
  6
CONTINUOUS
100
AcDbLine
 10
186.815891999999991
 20
-94.2494999999999976
 30
0
 11
186.6841079999999806
 21
-94.2494999999999976
 31
0
  0
LINE
  5
C44
330
1B
100
AcDbEntity
  8
B.Cu
  6
CONTINUOUS
100
AcDbLine
 10
186.6841079999999806
 20
-94.2494999999999976
 30
0
 11
186.6062000000000012
 21
-94.2703750000000014
 31
0
  0
LINE
  5
C45
330
1B
100
AcDbEntity
  8
B.Cu
  6
CONTINUOUS
100
AcDbLine
 10
186.6062000000000012
 20
-94.2703750000000014
 30
0
 11
186.556808999999987
 21
-94.2836089999999984
 31
0
  0
LINE
  5
C46
330
1B
100
AcDbEntity
  8
B.Cu
  6
CONTINUOUS
100
AcDbLine
 10
186.556808999999987
 20
-94.2836089999999984
 30
0
 11
186.4426899999999989
 21
-94.349496000000002
 31
0
  0
LINE
  5
C47
330
1B
100
AcDbEntity
  8
B.Cu
  6
CONTINUOUS
100
AcDbLine
 10
186.4426899999999989
 20
-94.349496000000002
 30
0
 11
186.3494959999999878
 21
-94.4426899999999989
 31
0
  0
LINE
  5
C48
330
1B
100
AcDbEntity
  8
B.Cu
  6
CONTINUOUS
100
AcDbLine
 10
186.3494959999999878
 20
-94.4426899999999989
 30
0
 11
186.2836089999999842
 21
-94.5568090000000012
 31
0
  0
LINE
  5
C49
330
1B
100
AcDbEntity
  8
B.Cu
  6
CONTINUOUS
100
AcDbLine
 10
186.2836089999999842
 20
-94.5568090000000012
 30
0
 11
186.2836079999999868
 21
-94.5568140000000028
 31
0
  0
LINE
  5
C4A
330
1B
100
AcDbEntity
  8
B.Cu
  6
CONTINUOUS
100
AcDbLine
 10
186.2836079999999868
 20
-94.5568140000000028
 30
0
 11
186.2494999999999834
 21
-94.6841079999999948
 31
0
  0
LINE
  5
C4B
330
1B
100
AcDbEntity
  8
B.Cu
  6
CONTINUOUS
100
AcDbLine
 10
186.2494999999999834
 20
-94.6841079999999948
 30
0
 11
186.2494999999999834
 21
-94.815891999999991
 31
0
  0
LINE
  5
C4C
330
1B
100
AcDbEntity
  8
B.Cu
  6
CONTINUOUS
100
AcDbLine
 10
186.2494999999999834
 20
-90.815891999999991
 30
0
 11
186.279578999999984
 21
-90.9281509999999997
 31
0
  0
LINE
  5
C4D
330
1B
100
AcDbEntity
  8
B.Cu
  6
CONTINUOUS
100
AcDbLine
 10
186.279578999999984
 20
-90.9281509999999997
 30
0
 11
186.2836089999999842
 21
-90.9431900000000013
 31
0
  0
LINE
  5
C4E
330
1B
100
AcDbEntity
  8
B.Cu
  6
CONTINUOUS
100
AcDbLine
 10
186.2836089999999842
 20
-90.9431900000000013
 30
0
 11
186.3494959999999878
 21
-91.0573089999999894
 31
0
  0
LINE
  5
C4F
330
1B
100
AcDbEntity
  8
B.Cu
  6
CONTINUOUS
100
AcDbLine
 10
186.3494959999999878
 20
-91.0573089999999894
 30
0
 11
186.3494979999999828
 21
-91.0573109999999986
 31
0
  0
LINE
  5
C50
330
1B
100
AcDbEntity
  8
B.Cu
  6
CONTINUOUS
100
AcDbLine
 10
186.3494979999999828
 20
-91.0573109999999986
 30
0
 11
186.3494999999999777
 21
-91.057313999999991
 31
0
  0
LINE
  5
C51
330
1B
100
AcDbEntity
  8
B.Cu
  6
CONTINUOUS
100
AcDbLine
 10
186.3494999999999777
 20
-91.057313999999991
 30
0
 11
186.4426859999999806
 21
-91.1504999999999939
 31
0
  0
LINE
  5
C52
330
1B
100
AcDbEntity
  8
B.Cu
  6
CONTINUOUS
100
AcDbLine
 10
186.4426859999999806
 20
-91.1504999999999939
 30
0
 11
186.442688000000004
 21
-91.1505009999999913
 31
0
  0
LINE
  5
C53
330
1B
100
AcDbEntity
  8
B.Cu
  6
CONTINUOUS
100
AcDbLine
 10
186.442688000000004
 20
-91.1505009999999913
 30
0
 11
186.4426899999999989
 21
-91.1505030000000005
 31
0
  0
LINE
  5
C54
330
1B
100
AcDbEntity
  8
B.Cu
  6
CONTINUOUS
100
AcDbLine
 10
186.4426899999999989
 20
-91.1505030000000005
 30
0
 11
186.5568099999999845
 21
-91.2163899999999899
 31
0
  0
LINE
  5
C55
330
1B
100
AcDbEntity
  8
B.Cu
  6
CONTINUOUS
100
AcDbLine
 10
186.5568099999999845
 20
-91.2163899999999899
 30
0
 11
186.5568079999999895
 21
-91.2163899999999899
 31
0
  0
LINE
  5
C56
330
1B
100
AcDbEntity
  8
B.Cu
  6
CONTINUOUS
100
AcDbLine
 10
186.5568079999999895
 20
-91.2163899999999899
 30
0
 11
186.5568119999999794
 21
-91.2163910000000016
 31
0
  0
LINE
  5
C57
330
1B
100
AcDbEntity
  8
B.Cu
  6
CONTINUOUS
100
AcDbLine
 10
186.5568119999999794
 20
-91.2163910000000016
 30
0
 11
186.5568140000000028
 21
-91.216391999999999
 31
0
  0
LINE
  5
C58
330
1B
100
AcDbEntity
  8
B.Cu
  6
CONTINUOUS
100
AcDbLine
 10
186.5568140000000028
 20
-91.216391999999999
 30
0
 11
186.6841079999999806
 21
-91.2505000000000024
 31
0
  0
LINE
  5
C59
330
1B
100
AcDbEntity
  8
B.Cu
  6
CONTINUOUS
100
AcDbLine
 10
186.6841079999999806
 20
-91.2505000000000024
 30
0
 11
186.684110000000004
 21
-91.2505000000000024
 31
0
  0
LINE
  5
C5A
330
1B
100
AcDbEntity
  8
B.Cu
  6
CONTINUOUS
100
AcDbLine
 10
186.684110000000004
 20
-91.2505000000000024
 30
0
 11
186.815889999999996
 21
-91.2505000000000024
 31
0
  0
LINE
  5
C5B
330
1B
100
AcDbEntity
  8
B.Cu
  6
CONTINUOUS
100
AcDbLine
 10
186.815889999999996
 20
-91.2505000000000024
 30
0
 11
186.815891999999991
 21
-91.2505000000000024
 31
0
  0
LINE
  5
C5C
330
1B
100
AcDbEntity
  8
B.Cu
  6
CONTINUOUS
100
AcDbLine
 10
186.815891999999991
 20
-91.2505000000000024
 30
0
 11
186.9431859999999972
 21
-91.216391999999999
 31
0
  0
LINE
  5
C5D
330
1B
100
AcDbEntity
  8
B.Cu
  6
CONTINUOUS
100
AcDbLine
 10
186.9431859999999972
 20
-91.216391999999999
 30
0
 11
186.9431879999999921
 21
-91.2163899999999899
 31
0
  0
LINE
  5
C5E
330
1B
100
AcDbEntity
  8
B.Cu
  6
CONTINUOUS
100
AcDbLine
 10
186.9431879999999921
 20
-91.2163899999999899
 30
0
 11
186.9431899999999871
 21
-91.2163899999999899
 31
0
  0
LINE
  5
C5F
330
1B
100
AcDbEntity
  8
B.Cu
  6
CONTINUOUS
100
AcDbLine
 10
186.9431899999999871
 20
-91.2163899999999899
 30
0
 11
187.0573090000000036
 21
-91.1505030000000005
 31
0
  0
LINE
  5
C60
330
1B
100
AcDbEntity
  8
B.Cu
  6
CONTINUOUS
100
AcDbLine
 10
187.0573090000000036
 20
-91.1505030000000005
 30
0
 11
187.0573090000000036
 21
-91.1505019999999888
 31
0
  0
LINE
  5
C61
330
1B
100
AcDbEntity
  8
B.Cu
  6
CONTINUOUS
100
AcDbLine
 10
187.0573090000000036
 20
-91.1505019999999888
 30
0
 11
187.057313999999991
 21
-91.1504999999999939
 31
0
  0
LINE
  5
C62
330
1B
100
AcDbEntity
  8
B.Cu
  6
CONTINUOUS
100
AcDbLine
 10
187.057313999999991
 20
-91.1504999999999939
 30
0
 11
187.1504999999999939
 21
-91.057313999999991
 31
0
  0
LINE
  5
C63
330
1B
100
AcDbEntity
  8
B.Cu
  6
CONTINUOUS
100
AcDbLine
 10
187.1504999999999939
 20
-91.057313999999991
 30
0
 11
187.2163919999999848
 21
-90.9431859999999972
 31
0
  0
LINE
  5
C64
330
1B
100
AcDbEntity
  8
B.Cu
  6
CONTINUOUS
100
AcDbLine
 10
187.2163919999999848
 20
-90.9431859999999972
 30
0
 11
187.2504999999999882
 21
-90.815891999999991
 31
0
  0
LINE
  5
C65
330
1B
100
AcDbEntity
  8
B.Cu
  6
CONTINUOUS
100
AcDbLine
 10
187.2504999999999882
 20
-90.815891999999991
 30
0
 11
187.2504999999999882
 21
-90.6841079999999948
 31
0
  0
LINE
  5
C66
330
1B
100
AcDbEntity
  8
B.Cu
  6
CONTINUOUS
100
AcDbLine
 10
187.2504999999999882
 20
-90.6841079999999948
 30
0
 11
187.2163919999999848
 21
-90.5568140000000028
 31
0
  0
LINE
  5
C67
330
1B
100
AcDbEntity
  8
B.Cu
  6
CONTINUOUS
100
AcDbLine
 10
187.2163919999999848
 20
-90.5568140000000028
 30
0
 11
187.2163899999999899
 21
-90.5568109999999962
 31
0
  0
LINE
  5
C68
330
1B
100
AcDbEntity
  8
B.Cu
  6
CONTINUOUS
100
AcDbLine
 10
187.2163899999999899
 20
-90.5568109999999962
 30
0
 11
187.2163899999999899
 21
-90.5568090000000012
 31
0
  0
LINE
  5
C69
330
1B
100
AcDbEntity
  8
B.Cu
  6
CONTINUOUS
100
AcDbLine
 10
187.2163899999999899
 20
-90.5568090000000012
 30
0
 11
187.1505029999999863
 21
-90.4426899999999989
 31
0
  0
LINE
  5
C6A
330
1B
100
AcDbEntity
  8
B.Cu
  6
CONTINUOUS
100
AcDbLine
 10
187.1505029999999863
 20
-90.4426899999999989
 30
0
 11
187.1505009999999913
 21
-90.4426879999999898
 31
0
  0
LINE
  5
C6B
330
1B
100
AcDbEntity
  8
B.Cu
  6
CONTINUOUS
100
AcDbLine
 10
187.1505009999999913
 20
-90.4426879999999898
 30
0
 11
187.1504999999999939
 21
-90.4426859999999948
 31
0
  0
LINE
  5
C6C
330
1B
100
AcDbEntity
  8
B.Cu
  6
CONTINUOUS
100
AcDbLine
 10
187.1504999999999939
 20
-90.4426859999999948
 30
0
 11
187.057313999999991
 21
-90.3494999999999919
 31
0
  0
LINE
  5
C6D
330
1B
100
AcDbEntity
  8
B.Cu
  6
CONTINUOUS
100
AcDbLine
 10
187.057313999999991
 20
-90.3494999999999919
 30
0
 11
187.0573109999999986
 21
-90.349497999999997
 31
0
  0
LINE
  5
C6E
330
1B
100
AcDbEntity
  8
B.Cu
  6
CONTINUOUS
100
AcDbLine
 10
187.0573109999999986
 20
-90.349497999999997
 30
0
 11
187.0573090000000036
 21
-90.349496000000002
 31
0
  0
LINE
  5
C6F
330
1B
100
AcDbEntity
  8
B.Cu
  6
CONTINUOUS
100
AcDbLine
 10
187.0573090000000036
 20
-90.349496000000002
 30
0
 11
186.9431889999999896
 21
-90.2836089999999984
 31
0
  0
LINE
  5
C70
330
1B
100
AcDbEntity
  8
B.Cu
  6
CONTINUOUS
100
AcDbLine
 10
186.9431889999999896
 20
-90.2836089999999984
 30
0
 11
186.9431909999999846
 21
-90.2836089999999984
 31
0
  0
LINE
  5
C71
330
1B
100
AcDbEntity
  8
B.Cu
  6
CONTINUOUS
100
AcDbLine
 10
186.9431909999999846
 20
-90.2836089999999984
 30
0
 11
186.8709810000000004
 21
-90.2642609999999905
 31
0
  0
LINE
  5
C72
330
1B
100
AcDbEntity
  8
B.Cu
  6
CONTINUOUS
100
AcDbLine
 10
186.8709810000000004
 20
-90.2642609999999905
 30
0
 11
186.815891999999991
 21
-90.2494999999999976
 31
0
  0
LINE
  5
C73
330
1B
100
AcDbEntity
  8
B.Cu
  6
CONTINUOUS
100
AcDbLine
 10
186.815891999999991
 20
-90.2494999999999976
 30
0
 11
186.6841079999999806
 21
-90.2494999999999976
 31
0
  0
LINE
  5
C74
330
1B
100
AcDbEntity
  8
B.Cu
  6
CONTINUOUS
100
AcDbLine
 10
186.6841079999999806
 20
-90.2494999999999976
 30
0
 11
186.6290189999999996
 21
-90.2642609999999905
 31
0
  0
LINE
  5
C75
330
1B
100
AcDbEntity
  8
B.Cu
  6
CONTINUOUS
100
AcDbLine
 10
186.6290189999999996
 20
-90.2642609999999905
 30
0
 11
186.556808999999987
 21
-90.2836089999999984
 31
0
  0
LINE
  5
C76
330
1B
100
AcDbEntity
  8
B.Cu
  6
CONTINUOUS
100
AcDbLine
 10
186.556808999999987
 20
-90.2836089999999984
 30
0
 11
186.4426899999999989
 21
-90.349496000000002
 31
0
  0
LINE
  5
C77
330
1B
100
AcDbEntity
  8
B.Cu
  6
CONTINUOUS
100
AcDbLine
 10
186.4426899999999989
 20
-90.349496000000002
 30
0
 11
186.3494959999999878
 21
-90.4426899999999989
 31
0
  0
LINE
  5
C78
330
1B
100
AcDbEntity
  8
B.Cu
  6
CONTINUOUS
100
AcDbLine
 10
186.3494959999999878
 20
-90.4426899999999989
 30
0
 11
186.2836089999999842
 21
-90.5568090000000012
 31
0
  0
LINE
  5
C79
330
1B
100
AcDbEntity
  8
B.Cu
  6
CONTINUOUS
100
AcDbLine
 10
186.2836089999999842
 20
-90.5568090000000012
 30
0
 11
186.2836079999999868
 21
-90.5568140000000028
 31
0
  0
LINE
  5
C7A
330
1B
100
AcDbEntity
  8
B.Cu
  6
CONTINUOUS
100
AcDbLine
 10
186.2836079999999868
 20
-90.5568140000000028
 30
0
 11
186.2494999999999834
 21
-90.6841079999999948
 31
0
  0
LINE
  5
C7B
330
1B
100
AcDbEntity
  8
B.Cu
  6
CONTINUOUS
100
AcDbLine
 10
186.2494999999999834
 20
-90.6841079999999948
 30
0
 11
186.2494999999999834
 21
-90.815891999999991
 31
0
  0
LINE
  5
C7C
330
1B
100
AcDbEntity
  8
B.Cu
  6
CONTINUOUS
100
AcDbLine
 10
189.1792480000000012
 20
-88.9384319999999917
 30
0
 11
188.9974880000000041
 21
-89.0310429999999968
 31
0
  0
LINE
  5
C7D
330
1B
100
AcDbEntity
  8
B.Cu
  6
CONTINUOUS
100
AcDbLine
 10
188.9974880000000041
 20
-89.0310429999999968
 30
0
 11
188.8034789999999816
 21
-89.0940810000000027
 31
0
  0
LINE
  5
C7E
330
1B
100
AcDbEntity
  8
B.Cu
  6
CONTINUOUS
100
AcDbLine
 10
188.8034789999999816
 20
-89.0940810000000027
 30
0
 11
188.601996999999983
 21
-89.125992999999994
 31
0
  0
LINE
  5
C7F
330
1B
100
AcDbEntity
  8
B.Cu
  6
CONTINUOUS
100
AcDbLine
 10
188.601996999999983
 20
-89.125992999999994
 30
0
 11
188.3980029999999886
 21
-89.125992999999994
 31
0
  0
LINE
  5
C80
330
1B
100
AcDbEntity
  8
B.Cu
  6
CONTINUOUS
100
AcDbLine
 10
188.3980029999999886
 20
-89.125992999999994
 30
0
 11
188.19652099999999
 21
-89.0940810000000027
 31
0
  0
LINE
  5
C81
330
1B
100
AcDbEntity
  8
B.Cu
  6
CONTINUOUS
100
AcDbLine
 10
188.19652099999999
 20
-89.0940810000000027
 30
0
 11
188.0025119999999959
 21
-89.0310429999999968
 31
0
  0
LINE
  5
C82
330
1B
100
AcDbEntity
  8
B.Cu
  6
CONTINUOUS
100
AcDbLine
 10
188.0025119999999959
 20
-89.0310429999999968
 30
0
 11
187.8207519999999988
 21
-88.9384319999999917
 31
0
  0
LINE
  5
C83
330
1B
100
AcDbEntity
  8
B.Cu
  6
CONTINUOUS
100
AcDbLine
 10
187.8207519999999988
 20
-88.9384319999999917
 30
0
 11
187.6950349999999901
 21
-88.8470939999999985
 31
0
  0
LINE
  5
C84
330
1B
100
AcDbEntity
  8
B.Cu
  6
CONTINUOUS
100
AcDbLine
 10
187.6950349999999901
 20
-88.8470939999999985
 30
0
 11
187.5131869999999878
 21
-89.0289429999999982
 31
0
  0
LINE
  5
C85
330
1B
100
AcDbEntity
  8
B.Cu
  6
CONTINUOUS
100
AcDbLine
 10
187.5131869999999878
 20
-89.0289429999999982
 30
0
 11
187.687624999999997
 21
-89.1556799999999896
 31
0
  0
LINE
  5
C86
330
1B
100
AcDbEntity
  8
B.Cu
  6
CONTINUOUS
100
AcDbLine
 10
187.687624999999997
 20
-89.1556799999999896
 30
0
 11
187.9050049999999885
 21
-89.2664400000000029
 31
0
  0
LINE
  5
C87
330
1B
100
AcDbEntity
  8
B.Cu
  6
CONTINUOUS
100
AcDbLine
 10
187.9050049999999885
 20
-89.2664400000000029
 30
0
 11
188.1370450000000005
 21
-89.341834999999989
 31
0
  0
LINE
  5
C88
330
1B
100
AcDbEntity
  8
B.Cu
  6
CONTINUOUS
100
AcDbLine
 10
188.1370450000000005
 20
-89.341834999999989
 30
0
 11
188.3780089999999916
 21
-89.3799999999999955
 31
0
  0
LINE
  5
C89
330
1B
100
AcDbEntity
  8
B.Cu
  6
CONTINUOUS
100
AcDbLine
 10
188.3780089999999916
 20
-89.3799999999999955
 30
0
 11
188.62199099999998
 21
-89.3799999999999955
 31
0
  0
LINE
  5
C8A
330
1B
100
AcDbEntity
  8
B.Cu
  6
CONTINUOUS
100
AcDbLine
 10
188.62199099999998
 20
-89.3799999999999955
 30
0
 11
188.862954000000002
 21
-89.341834999999989
 31
0
  0
LINE
  5
C8B
330
1B
100
AcDbEntity
  8
B.Cu
  6
CONTINUOUS
100
AcDbLine
 10
188.862954000000002
 20
-89.341834999999989
 30
0
 11
189.0949939999999856
 21
-89.2664400000000029
 31
0
  0
LINE
  5
C8C
330
1B
100
AcDbEntity
  8
B.Cu
  6
CONTINUOUS
100
AcDbLine
 10
189.0949939999999856
 20
-89.2664400000000029
 30
0
 11
189.3123740000000055
 21
-89.1556799999999896
 31
0
  0
LINE
  5
C8D
330
1B
100
AcDbEntity
  8
B.Cu
  6
CONTINUOUS
100
AcDbLine
 10
189.3123740000000055
 20
-89.1556799999999896
 30
0
 11
189.4868109999999888
 21
-89.0289429999999982
 31
0
  0
LINE
  5
C8E
330
1B
100
AcDbEntity
  8
B.Cu
  6
CONTINUOUS
100
AcDbLine
 10
189.4868109999999888
 20
-89.0289429999999982
 30
0
 11
189.3049619999999891
 21
-88.8470939999999985
 31
0
  0
LINE
  5
C8F
330
1B
100
AcDbEntity
  8
B.Cu
  6
CONTINUOUS
100
AcDbLine
 10
189.3049619999999891
 20
-88.8470939999999985
 30
0
 11
189.1792480000000012
 21
-88.9384319999999917
 31
0
  0
LINE
  5
C90
330
1B
100
AcDbEntity
  8
B.Cu
  6
CONTINUOUS
100
AcDbLine
 10
189.517093999999986
 20
-87.0250350000000026
 30
0
 11
189.6084319999999934
 21
-87.1507519999999971
 31
0
  0
LINE
  5
C91
330
1B
100
AcDbEntity
  8
B.Cu
  6
CONTINUOUS
100
AcDbLine
 10
189.6084319999999934
 20
-87.1507519999999971
 30
0
 11
189.7010429999999985
 21
-87.3325119999999941
 31
0
  0
LINE
  5
C92
330
1B
100
AcDbEntity
  8
B.Cu
  6
CONTINUOUS
100
AcDbLine
 10
189.7010429999999985
 20
-87.3325119999999941
 30
0
 11
189.7640810000000045
 21
-87.5265210000000025
 31
0
  0
LINE
  5
C93
330
1B
100
AcDbEntity
  8
B.Cu
  6
CONTINUOUS
100
AcDbLine
 10
189.7640810000000045
 20
-87.5265210000000025
 30
0
 11
189.7959929999999815
 21
-87.7280030000000011
 31
0
  0
LINE
  5
C94
330
1B
100
AcDbEntity
  8
B.Cu
  6
CONTINUOUS
100
AcDbLine
 10
189.7959929999999815
 20
-87.7280030000000011
 30
0
 11
189.7959929999999815
 21
-87.9319969999999955
 31
0
  0
LINE
  5
C95
330
1B
100
AcDbEntity
  8
B.Cu
  6
CONTINUOUS
100
AcDbLine
 10
189.7959929999999815
 20
-87.9319969999999955
 30
0
 11
189.7640810000000045
 21
-88.1334789999999941
 31
0
  0
LINE
  5
C96
330
1B
100
AcDbEntity
  8
B.Cu
  6
CONTINUOUS
100
AcDbLine
 10
189.7640810000000045
 20
-88.1334789999999941
 30
0
 11
189.7010429999999985
 21
-88.3274880000000024
 31
0
  0
LINE
  5
C97
330
1B
100
AcDbEntity
  8
B.Cu
  6
CONTINUOUS
100
AcDbLine
 10
189.7010429999999985
 20
-88.3274880000000024
 30
0
 11
189.6084319999999934
 21
-88.5092479999999995
 31
0
  0
LINE
  5
C98
330
1B
100
AcDbEntity
  8
B.Cu
  6
CONTINUOUS
100
AcDbLine
 10
189.6084319999999934
 20
-88.5092479999999995
 30
0
 11
189.517093999999986
 21
-88.6349620000000016
 31
0
  0
LINE
  5
C99
330
1B
100
AcDbEntity
  8
B.Cu
  6
CONTINUOUS
100
AcDbLine
 10
189.517093999999986
 20
-88.6349620000000016
 30
0
 11
189.6989429999999857
 21
-88.8168110000000013
 31
0
  0
LINE
  5
C9A
330
1B
100
AcDbEntity
  8
B.Cu
  6
CONTINUOUS
100
AcDbLine
 10
189.6989429999999857
 20
-88.8168110000000013
 30
0
 11
189.8256800000000055
 21
-88.6423739999999896
 31
0
  0
LINE
  5
C9B
330
1B
100
AcDbEntity
  8
B.Cu
  6
CONTINUOUS
100
AcDbLine
 10
189.8256800000000055
 20
-88.6423739999999896
 30
0
 11
189.9364400000000046
 21
-88.4249939999999981
 31
0
  0
LINE
  5
C9C
330
1B
100
AcDbEntity
  8
B.Cu
  6
CONTINUOUS
100
AcDbLine
 10
189.9364400000000046
 20
-88.4249939999999981
 30
0
 11
190.0118349999999907
 21
-88.1929540000000003
 31
0
  0
LINE
  5
C9D
330
1B
100
AcDbEntity
  8
B.Cu
  6
CONTINUOUS
100
AcDbLine
 10
190.0118349999999907
 20
-88.1929540000000003
 30
0
 11
190.0499999999999829
 21
-87.9519909999999925
 31
0
  0
LINE
  5
C9E
330
1B
100
AcDbEntity
  8
B.Cu
  6
CONTINUOUS
100
AcDbLine
 10
190.0499999999999829
 20
-87.9519909999999925
 30
0
 11
190.0499999999999829
 21
-87.7080079999999924
 31
0
  0
LINE
  5
C9F
330
1B
100
AcDbEntity
  8
B.Cu
  6
CONTINUOUS
100
AcDbLine
 10
190.0499999999999829
 20
-87.7080079999999924
 30
0
 11
190.0118349999999907
 21
-87.4670449999999988
 31
0
  0
LINE
  5
CA0
330
1B
100
AcDbEntity
  8
B.Cu
  6
CONTINUOUS
100
AcDbLine
 10
190.0118349999999907
 20
-87.4670449999999988
 30
0
 11
189.9364400000000046
 21
-87.235005000000001
 31
0
  0
LINE
  5
CA1
330
1B
100
AcDbEntity
  8
B.Cu
  6
CONTINUOUS
100
AcDbLine
 10
189.9364400000000046
 20
-87.235005000000001
 30
0
 11
189.8256800000000055
 21
-87.0176249999999953
 31
0
  0
LINE
  5
CA2
330
1B
100
AcDbEntity
  8
B.Cu
  6
CONTINUOUS
100
AcDbLine
 10
189.8256800000000055
 20
-87.0176249999999953
 30
0
 11
189.6989429999999857
 21
-86.8431870000000004
 31
0
  0
LINE
  5
CA3
330
1B
100
AcDbEntity
  8
B.Cu
  6
CONTINUOUS
100
AcDbLine
 10
189.6989429999999857
 20
-86.8431870000000004
 30
0
 11
189.517093999999986
 21
-87.0250350000000026
 31
0
  0
LINE
  5
CA4
330
1B
100
AcDbEntity
  8
B.Cu
  6
CONTINUOUS
100
AcDbLine
 10
131.6062000000000012
 20
-80.2703750000000014
 30
0
 11
131.556808999999987
 21
-80.2836089999999984
 31
0
  0
LINE
  5
CA5
330
1B
100
AcDbEntity
  8
B.Cu
  6
CONTINUOUS
100
AcDbLine
 10
131.556808999999987
 20
-80.2836089999999984
 30
0
 11
131.4426899999999989
 21
-80.349496000000002
 31
0
  0
LINE
  5
CA6
330
1B
100
AcDbEntity
  8
B.Cu
  6
CONTINUOUS
100
AcDbLine
 10
131.4426899999999989
 20
-80.349496000000002
 30
0
 11
131.3494959999999878
 21
-80.4426899999999989
 31
0
  0
LINE
  5
CA7
330
1B
100
AcDbEntity
  8
B.Cu
  6
CONTINUOUS
100
AcDbLine
 10
131.3494959999999878
 20
-80.4426899999999989
 30
0
 11
131.2836089999999842
 21
-80.5568090000000012
 31
0
  0
LINE
  5
CA8
330
1B
100
AcDbEntity
  8
B.Cu
  6
CONTINUOUS
100
AcDbLine
 10
131.2836089999999842
 20
-80.5568090000000012
 30
0
 11
131.2494999999999834
 21
-80.6841089999999923
 31
0
  0
LINE
  5
CA9
330
1B
100
AcDbEntity
  8
B.Cu
  6
CONTINUOUS
100
AcDbLine
 10
131.2494999999999834
 20
-80.6841089999999923
 30
0
 11
131.2494999999999834
 21
-80.8158969999999925
 31
0
  0
LINE
  5
CAA
330
1B
100
AcDbEntity
  8
B.Cu
  6
CONTINUOUS
100
AcDbLine
 10
131.2494999999999834
 20
-80.8158969999999925
 30
0
 11
131.2504050000000007
 21
-80.8192729999999955
 31
0
  0
LINE
  5
CAB
330
1B
100
AcDbEntity
  8
B.Cu
  6
CONTINUOUS
100
AcDbLine
 10
131.2504050000000007
 20
-80.8192729999999955
 30
0
 11
131.2502729999999929
 21
-80.8217690000000033
 31
0
  0
LINE
  5
CAC
330
1B
100
AcDbEntity
  8
B.Cu
  6
CONTINUOUS
100
AcDbLine
 10
131.2502729999999929
 20
-80.8217690000000033
 30
0
 11
131.250347000000005
 21
-80.8223239999999947
 31
0
  0
LINE
  5
CAD
330
1B
100
AcDbEntity
  8
B.Cu
  6
CONTINUOUS
100
AcDbLine
 10
131.250347000000005
 20
-80.8223239999999947
 30
0
 11
131.2502439999999808
 21
-80.8223369999999903
 31
0
  0
LINE
  5
CAE
330
1B
100
AcDbEntity
  8
B.Cu
  6
CONTINUOUS
100
AcDbLine
 10
131.2502439999999808
 20
-80.8223369999999903
 30
0
 11
131.2471969999999999
 21
-80.8803750000000008
 31
0
  0
LINE
  5
CAF
330
1B
100
AcDbEntity
  8
B.Cu
  6
CONTINUOUS
100
AcDbLine
 10
131.2471969999999999
 20
-80.8803750000000008
 30
0
 11
131.2247799999999813
 21
-80.9148909999999972
 31
0
  0
LINE
  5
CB0
330
1B
100
AcDbEntity
  8
B.Cu
  6
CONTINUOUS
100
AcDbLine
 10
131.2247799999999813
 20
-80.9148909999999972
 30
0
 11
129.5395320000000083
 21
-82.6001409999999936
 31
0
  0
LINE
  5
CB1
330
1B
100
AcDbEntity
  8
B.Cu
  6
CONTINUOUS
100
AcDbLine
 10
129.5395320000000083
 20
-82.6001409999999936
 30
0
 11
129.5395309999999824
 21
-82.6001419999999911
 31
0
  0
LINE
  5
CB2
330
1B
100
AcDbEntity
  8
B.Cu
  6
CONTINUOUS
100
AcDbLine
 10
129.5395309999999824
 20
-82.6001419999999911
 30
0
 11
129.4966819999999927
 21
-82.674359999999993
 31
0
  0
LINE
  5
CB3
330
1B
100
AcDbEntity
  8
B.Cu
  6
CONTINUOUS
100
AcDbLine
 10
129.4966819999999927
 20
-82.674359999999993
 30
0
 11
129.4966809999999953
 21
-82.674359999999993
 31
0
  0
LINE
  5
CB4
330
1B
100
AcDbEntity
  8
B.Cu
  6
CONTINUOUS
100
AcDbLine
 10
129.4966809999999953
 20
-82.674359999999993
 30
0
 11
129.4966819999999927
 21
-82.6743609999999904
 31
0
  0
LINE
  5
CB5
330
1B
100
AcDbEntity
  8
B.Cu
  6
CONTINUOUS
100
AcDbLine
 10
129.4966819999999927
 20
-82.6743609999999904
 30
0
 11
129.4745000000000061
 21
-82.7571470000000033
 31
0
  0
LINE
  5
CB6
330
1B
100
AcDbEntity
  8
B.Cu
  6
CONTINUOUS
100
AcDbLine
 10
129.4745000000000061
 20
-82.7571470000000033
 30
0
 11
129.4745000000000061
 21
-86.2766790000000015
 31
0
  0
LINE
  5
CB7
330
1B
100
AcDbEntity
  8
B.Cu
  6
CONTINUOUS
100
AcDbLine
 10
129.4745000000000061
 20
-86.2766790000000015
 30
0
 11
129.4555929999999933
 21
-86.3348699999999951
 31
0
  0
LINE
  5
CB8
330
1B
100
AcDbEntity
  8
B.Cu
  6
CONTINUOUS
100
AcDbLine
 10
129.4555929999999933
 20
-86.3348699999999951
 30
0
 11
129.4455039999999997
 21
-86.3466829999999987
 31
0
  0
LINE
  5
CB9
330
1B
100
AcDbEntity
  8
B.Cu
  6
CONTINUOUS
100
AcDbLine
 10
129.4455039999999997
 20
-86.3466829999999987
 30
0
 11
129.442688000000004
 21
-86.349497999999997
 31
0
  0
LINE
  5
CBA
330
1B
100
AcDbEntity
  8
B.Cu
  6
CONTINUOUS
100
AcDbLine
 10
129.442688000000004
 20
-86.349497999999997
 30
0
 11
129.4426859999999806
 21
-86.3494999999999919
 31
0
  0
LINE
  5
CBB
330
1B
100
AcDbEntity
  8
B.Cu
  6
CONTINUOUS
100
AcDbLine
 10
129.4426859999999806
 20
-86.3494999999999919
 30
0
 11
129.3744999999999834
 21
-86.4176859999999891
 31
0
  0
LINE
  5
CBC
330
1B
100
AcDbEntity
  8
B.Cu
  6
CONTINUOUS
100
AcDbLine
 10
129.3744999999999834
 20
-86.4176859999999891
 30
0
 11
129.3494969999999853
 21
-86.4426890000000014
 31
0
  0
LINE
  5
CBD
330
1B
100
AcDbEntity
  8
B.Cu
  6
CONTINUOUS
100
AcDbLine
 10
129.3494969999999853
 20
-86.4426890000000014
 30
0
 11
129.3494959999999878
 21
-86.4426899999999989
 31
0
  0
LINE
  5
CBE
330
1B
100
AcDbEntity
  8
B.Cu
  6
CONTINUOUS
100
AcDbLine
 10
129.3494959999999878
 20
-86.4426899999999989
 30
0
 11
129.2836089999999842
 21
-86.5568090000000012
 31
0
  0
LINE
  5
CBF
330
1B
100
AcDbEntity
  8
B.Cu
  6
CONTINUOUS
100
AcDbLine
 10
129.2836089999999842
 20
-86.5568090000000012
 30
0
 11
129.2836079999999868
 21
-86.5568140000000028
 31
0
  0
LINE
  5
CC0
330
1B
100
AcDbEntity
  8
B.Cu
  6
CONTINUOUS
100
AcDbLine
 10
129.2836079999999868
 20
-86.5568140000000028
 30
0
 11
129.2494999999999834
 21
-86.6841079999999948
 31
0
  0
LINE
  5
CC1
330
1B
100
AcDbEntity
  8
B.Cu
  6
CONTINUOUS
100
AcDbLine
 10
129.2494999999999834
 20
-86.6841079999999948
 30
0
 11
129.2494999999999834
 21
-86.815891999999991
 31
0
  0
LINE
  5
CC2
330
1B
100
AcDbEntity
  8
B.Cu
  6
CONTINUOUS
100
AcDbLine
 10
129.2494999999999834
 20
-86.815891999999991
 30
0
 11
129.2568139999999914
 21
-86.8431870000000004
 31
0
  0
LINE
  5
CC3
330
1B
100
AcDbEntity
  8
B.Cu
  6
CONTINUOUS
100
AcDbLine
 10
129.2568139999999914
 20
-86.8431870000000004
 30
0
 11
129.2836089999999842
 21
-86.9431900000000013
 31
0
  0
LINE
  5
CC4
330
1B
100
AcDbEntity
  8
B.Cu
  6
CONTINUOUS
100
AcDbLine
 10
129.2836089999999842
 20
-86.9431900000000013
 30
0
 11
129.3494959999999878
 21
-87.0573089999999894
 31
0
  0
LINE
  5
CC5
330
1B
100
AcDbEntity
  8
B.Cu
  6
CONTINUOUS
100
AcDbLine
 10
129.3494959999999878
 20
-87.0573089999999894
 30
0
 11
129.3494979999999828
 21
-87.0573109999999986
 31
0
  0
LINE
  5
CC6
330
1B
100
AcDbEntity
  8
B.Cu
  6
CONTINUOUS
100
AcDbLine
 10
129.3494979999999828
 20
-87.0573109999999986
 30
0
 11
129.3495000000000061
 21
-87.057313999999991
 31
0
  0
LINE
  5
CC7
330
1B
100
AcDbEntity
  8
B.Cu
  6
CONTINUOUS
100
AcDbLine
 10
129.3495000000000061
 20
-87.057313999999991
 30
0
 11
129.4426859999999806
 21
-87.1504999999999939
 31
0
  0
LINE
  5
CC8
330
1B
100
AcDbEntity
  8
B.Cu
  6
CONTINUOUS
100
AcDbLine
 10
129.4426859999999806
 20
-87.1504999999999939
 30
0
 11
129.442688000000004
 21
-87.1505009999999913
 31
0
  0
LINE
  5
CC9
330
1B
100
AcDbEntity
  8
B.Cu
  6
CONTINUOUS
100
AcDbLine
 10
129.442688000000004
 20
-87.1505009999999913
 30
0
 11
129.4426899999999989
 21
-87.1505030000000005
 31
0
  0
LINE
  5
CCA
330
1B
100
AcDbEntity
  8
B.Cu
  6
CONTINUOUS
100
AcDbLine
 10
129.4426899999999989
 20
-87.1505030000000005
 30
0
 11
129.5568099999999845
 21
-87.2163899999999899
 31
0
  0
LINE
  5
CCB
330
1B
100
AcDbEntity
  8
B.Cu
  6
CONTINUOUS
100
AcDbLine
 10
129.5568099999999845
 20
-87.2163899999999899
 30
0
 11
129.5568079999999895
 21
-87.2163899999999899
 31
0
  0
LINE
  5
CCC
330
1B
100
AcDbEntity
  8
B.Cu
  6
CONTINUOUS
100
AcDbLine
 10
129.5568079999999895
 20
-87.2163899999999899
 30
0
 11
129.5568120000000079
 21
-87.2163910000000016
 31
0
  0
LINE
  5
CCD
330
1B
100
AcDbEntity
  8
B.Cu
  6
CONTINUOUS
100
AcDbLine
 10
129.5568120000000079
 20
-87.2163910000000016
 30
0
 11
129.5568140000000028
 21
-87.216391999999999
 31
0
  0
LINE
  5
CCE
330
1B
100
AcDbEntity
  8
B.Cu
  6
CONTINUOUS
100
AcDbLine
 10
129.5568140000000028
 20
-87.216391999999999
 30
0
 11
129.6841079999999806
 21
-87.2505000000000024
 31
0
  0
LINE
  5
CCF
330
1B
100
AcDbEntity
  8
B.Cu
  6
CONTINUOUS
100
AcDbLine
 10
129.6841079999999806
 20
-87.2505000000000024
 30
0
 11
129.684110000000004
 21
-87.2505000000000024
 31
0
  0
LINE
  5
CD0
330
1B
100
AcDbEntity
  8
B.Cu
  6
CONTINUOUS
100
AcDbLine
 10
129.684110000000004
 20
-87.2505000000000024
 30
0
 11
129.815889999999996
 21
-87.2505000000000024
 31
0
  0
LINE
  5
CD1
330
1B
100
AcDbEntity
  8
B.Cu
  6
CONTINUOUS
100
AcDbLine
 10
129.815889999999996
 20
-87.2505000000000024
 30
0
 11
129.815891999999991
 21
-87.2505000000000024
 31
0
  0
LINE
  5
CD2
330
1B
100
AcDbEntity
  8
B.Cu
  6
CONTINUOUS
100
AcDbLine
 10
129.815891999999991
 20
-87.2505000000000024
 30
0
 11
129.9431859999999972
 21
-87.216391999999999
 31
0
  0
LINE
  5
CD3
330
1B
100
AcDbEntity
  8
B.Cu
  6
CONTINUOUS
100
AcDbLine
 10
129.9431859999999972
 20
-87.216391999999999
 30
0
 11
129.9431879999999921
 21
-87.2163899999999899
 31
0
  0
LINE
  5
CD4
330
1B
100
AcDbEntity
  8
B.Cu
  6
CONTINUOUS
100
AcDbLine
 10
129.9431879999999921
 20
-87.2163899999999899
 30
0
 11
129.9431899999999871
 21
-87.2163899999999899
 31
0
  0
LINE
  5
CD5
330
1B
100
AcDbEntity
  8
B.Cu
  6
CONTINUOUS
100
AcDbLine
 10
129.9431899999999871
 20
-87.2163899999999899
 30
0
 11
130.0573090000000036
 21
-87.1505030000000005
 31
0
  0
LINE
  5
CD6
330
1B
100
AcDbEntity
  8
B.Cu
  6
CONTINUOUS
100
AcDbLine
 10
130.0573090000000036
 20
-87.1505030000000005
 30
0
 11
130.0573090000000036
 21
-87.150502000000003
 31
0
  0
LINE
  5
CD7
330
1B
100
AcDbEntity
  8
B.Cu
  6
CONTINUOUS
100
AcDbLine
 10
130.0573090000000036
 20
-87.150502000000003
 30
0
 11
130.057313999999991
 21
-87.1504999999999939
 31
0
  0
LINE
  5
CD8
330
1B
100
AcDbEntity
  8
B.Cu
  6
CONTINUOUS
100
AcDbLine
 10
130.057313999999991
 20
-87.1504999999999939
 30
0
 11
130.1504999999999939
 21
-87.057313999999991
 31
0
  0
LINE
  5
CD9
330
1B
100
AcDbEntity
  8
B.Cu
  6
CONTINUOUS
100
AcDbLine
 10
130.1504999999999939
 20
-87.057313999999991
 30
0
 11
130.2163919999999848
 21
-86.9431859999999972
 31
0
  0
LINE
  5
CDA
330
1B
100
AcDbEntity
  8
B.Cu
  6
CONTINUOUS
100
AcDbLine
 10
130.2163919999999848
 20
-86.9431859999999972
 30
0
 11
130.2504999999999882
 21
-86.815891999999991
 31
0
  0
LINE
  5
CDB
330
1B
100
AcDbEntity
  8
B.Cu
  6
CONTINUOUS
100
AcDbLine
 10
130.2504999999999882
 20
-86.815891999999991
 30
0
 11
130.2504999999999882
 21
-86.6841079999999948
 31
0
  0
LINE
  5
CDC
330
1B
100
AcDbEntity
  8
B.Cu
  6
CONTINUOUS
100
AcDbLine
 10
130.2504999999999882
 20
-86.6841079999999948
 30
0
 11
130.2163919999999848
 21
-86.5568140000000028
 31
0
  0
LINE
  5
CDD
330
1B
100
AcDbEntity
  8
B.Cu
  6
CONTINUOUS
100
AcDbLine
 10
130.2163919999999848
 20
-86.5568140000000028
 30
0
 11
130.2163899999999899
 21
-86.5568109999999962
 31
0
  0
LINE
  5
CDE
330
1B
100
AcDbEntity
  8
B.Cu
  6
CONTINUOUS
100
AcDbLine
 10
130.2163899999999899
 20
-86.5568109999999962
 30
0
 11
130.2163899999999899
 21
-86.5568090000000012
 31
0
  0
LINE
  5
CDF
330
1B
100
AcDbEntity
  8
B.Cu
  6
CONTINUOUS
100
AcDbLine
 10
130.2163899999999899
 20
-86.5568090000000012
 30
0
 11
130.1505029999999863
 21
-86.4426899999999989
 31
0
  0
LINE
  5
CE0
330
1B
100
AcDbEntity
  8
B.Cu
  6
CONTINUOUS
100
AcDbLine
 10
130.1505029999999863
 20
-86.4426899999999989
 30
0
 11
130.1465509999999881
 21
-86.4375399999999985
 31
0
  0
LINE
  5
CE1
330
1B
100
AcDbEntity
  8
B.Cu
  6
CONTINUOUS
100
AcDbLine
 10
130.1465509999999881
 20
-86.4375399999999985
 30
0
 11
130.1489009999999951
 21
-86.435734999999994
 31
0
  0
LINE
  5
CE2
330
1B
100
AcDbEntity
  8
B.Cu
  6
CONTINUOUS
100
AcDbLine
 10
130.1489009999999951
 20
-86.435734999999994
 30
0
 11
130.1267059999999844
 21
-86.392082000000002
 31
0
  0
LINE
  5
CE3
330
1B
100
AcDbEntity
  8
B.Cu
  6
CONTINUOUS
100
AcDbLine
 10
130.1267059999999844
 20
-86.392082000000002
 30
0
 11
130.1254999999999882
 21
-86.3766779999999983
 31
0
  0
LINE
  5
CE4
330
1B
100
AcDbEntity
  8
B.Cu
  6
CONTINUOUS
100
AcDbLine
 10
130.1254999999999882
 20
-86.3766779999999983
 30
0
 11
130.1254999999999882
 21
-82.9758349999999893
 31
0
  0
LINE
  5
CE5
330
1B
100
AcDbEntity
  8
B.Cu
  6
CONTINUOUS
100
AcDbLine
 10
130.1254999999999882
 20
-82.9758349999999893
 30
0
 11
130.1444070000000011
 21
-82.9176439999999957
 31
0
  0
LINE
  5
CE6
330
1B
100
AcDbEntity
  8
B.Cu
  6
CONTINUOUS
100
AcDbLine
 10
130.1444070000000011
 20
-82.9176439999999957
 30
0
 11
130.1544959999999946
 21
-82.9058309999999921
 31
0
  0
LINE
  5
CE7
330
1B
100
AcDbEntity
  8
B.Cu
  6
CONTINUOUS
100
AcDbLine
 10
130.1544959999999946
 20
-82.9058309999999921
 30
0
 11
130.4601889999999855
 21
-82.6001380000000012
 31
0
  0
LINE
  5
CE8
330
1B
100
AcDbEntity
  8
B.Cu
  6
CONTINUOUS
100
AcDbLine
 10
130.4601889999999855
 20
-82.6001380000000012
 30
0
 11
131.7888519999999914
 21
-81.2714739999999978
 31
0
  0
LINE
  5
CE9
330
1B
100
AcDbEntity
  8
B.Cu
  6
CONTINUOUS
100
AcDbLine
 10
131.7888519999999914
 20
-81.2714739999999978
 30
0
 11
131.8332289999999887
 21
-81.2458539999999942
 31
0
  0
LINE
  5
CEA
330
1B
100
AcDbEntity
  8
B.Cu
  6
CONTINUOUS
100
AcDbLine
 10
131.8332289999999887
 20
-81.2458539999999942
 30
0
 11
131.9431859999999972
 21
-81.216391999999999
 31
0
  0
LINE
  5
CEB
330
1B
100
AcDbEntity
  8
B.Cu
  6
CONTINUOUS
100
AcDbLine
 10
131.9431859999999972
 20
-81.216391999999999
 30
0
 11
132.057313999999991
 21
-81.1504999999999939
 31
0
  0
LINE
  5
CEC
330
1B
100
AcDbEntity
  8
B.Cu
  6
CONTINUOUS
100
AcDbLine
 10
132.057313999999991
 20
-81.1504999999999939
 30
0
 11
132.1504999999999939
 21
-81.057313999999991
 31
0
  0
LINE
  5
CED
330
1B
100
AcDbEntity
  8
B.Cu
  6
CONTINUOUS
100
AcDbLine
 10
132.1504999999999939
 20
-81.057313999999991
 30
0
 11
132.2163919999999848
 21
-80.9431859999999972
 31
0
  0
LINE
  5
CEE
330
1B
100
AcDbEntity
  8
B.Cu
  6
CONTINUOUS
100
AcDbLine
 10
132.2163919999999848
 20
-80.9431859999999972
 30
0
 11
132.2504999999999882
 21
-80.815891999999991
 31
0
  0
LINE
  5
CEF
330
1B
100
AcDbEntity
  8
B.Cu
  6
CONTINUOUS
100
AcDbLine
 10
132.2504999999999882
 20
-80.815891999999991
 30
0
 11
132.2504999999999882
 21
-80.6841079999999948
 31
0
  0
LINE
  5
CF0
330
1B
100
AcDbEntity
  8
B.Cu
  6
CONTINUOUS
100
AcDbLine
 10
132.2504999999999882
 20
-80.6841079999999948
 30
0
 11
132.2163919999999848
 21
-80.5568140000000028
 31
0
  0
LINE
  5
CF1
330
1B
100
AcDbEntity
  8
B.Cu
  6
CONTINUOUS
100
AcDbLine
 10
132.2163919999999848
 20
-80.5568140000000028
 30
0
 11
132.2163899999999899
 21
-80.5568109999999962
 31
0
  0
LINE
  5
CF2
330
1B
100
AcDbEntity
  8
B.Cu
  6
CONTINUOUS
100
AcDbLine
 10
132.2163899999999899
 20
-80.5568109999999962
 30
0
 11
132.2163899999999899
 21
-80.5568090000000012
 31
0
  0
LINE
  5
CF3
330
1B
100
AcDbEntity
  8
B.Cu
  6
CONTINUOUS
100
AcDbLine
 10
132.2163899999999899
 20
-80.5568090000000012
 30
0
 11
132.1505029999999863
 21
-80.4426899999999989
 31
0
  0
LINE
  5
CF4
330
1B
100
AcDbEntity
  8
B.Cu
  6
CONTINUOUS
100
AcDbLine
 10
132.1505029999999863
 20
-80.4426899999999989
 30
0
 11
132.1505009999999913
 21
-80.4426879999999898
 31
0
  0
LINE
  5
CF5
330
1B
100
AcDbEntity
  8
B.Cu
  6
CONTINUOUS
100
AcDbLine
 10
132.1505009999999913
 20
-80.4426879999999898
 30
0
 11
132.1504999999999939
 21
-80.4426859999999948
 31
0
  0
LINE
  5
CF6
330
1B
100
AcDbEntity
  8
B.Cu
  6
CONTINUOUS
100
AcDbLine
 10
132.1504999999999939
 20
-80.4426859999999948
 30
0
 11
132.057313999999991
 21
-80.3494999999999919
 31
0
  0
LINE
  5
CF7
330
1B
100
AcDbEntity
  8
B.Cu
  6
CONTINUOUS
100
AcDbLine
 10
132.057313999999991
 20
-80.3494999999999919
 30
0
 11
132.0573109999999986
 21
-80.349497999999997
 31
0
  0
LINE
  5
CF8
330
1B
100
AcDbEntity
  8
B.Cu
  6
CONTINUOUS
100
AcDbLine
 10
132.0573109999999986
 20
-80.349497999999997
 30
0
 11
132.0573090000000036
 21
-80.349496000000002
 31
0
  0
LINE
  5
CF9
330
1B
100
AcDbEntity
  8
B.Cu
  6
CONTINUOUS
100
AcDbLine
 10
132.0573090000000036
 20
-80.349496000000002
 30
0
 11
131.9431889999999896
 21
-80.2836089999999984
 31
0
  0
LINE
  5
CFA
330
1B
100
AcDbEntity
  8
B.Cu
  6
CONTINUOUS
100
AcDbLine
 10
131.9431889999999896
 20
-80.2836089999999984
 30
0
 11
131.9431909999999846
 21
-80.2836089999999984
 31
0
  0
LINE
  5
CFB
330
1B
100
AcDbEntity
  8
B.Cu
  6
CONTINUOUS
100
AcDbLine
 10
131.9431909999999846
 20
-80.2836089999999984
 30
0
 11
131.8937990000000013
 21
-80.2703750000000014
 31
0
  0
LINE
  5
CFC
330
1B
100
AcDbEntity
  8
B.Cu
  6
CONTINUOUS
100
AcDbLine
 10
131.8937990000000013
 20
-80.2703750000000014
 30
0
 11
131.815891999999991
 21
-80.2494999999999976
 31
0
  0
LINE
  5
CFD
330
1B
100
AcDbEntity
  8
B.Cu
  6
CONTINUOUS
100
AcDbLine
 10
131.815891999999991
 20
-80.2494999999999976
 30
0
 11
131.6841079999999806
 21
-80.2494999999999976
 31
0
  0
LINE
  5
CFE
330
1B
100
AcDbEntity
  8
B.Cu
  6
CONTINUOUS
100
AcDbLine
 10
131.6841079999999806
 20
-80.2494999999999976
 30
0
 11
131.6062000000000012
 21
-80.2703750000000014
 31
0
  0
LINE
  5
CFF
330
1B
100
AcDbEntity
  8
B.Cu
  6
CONTINUOUS
100
AcDbLine
 10
188.1370450000000005
 20
-86.3181639999999959
 30
0
 11
187.9050049999999885
 21
-86.3935589999999962
 31
0
  0
LINE
  5
D00
330
1B
100
AcDbEntity
  8
B.Cu
  6
CONTINUOUS
100
AcDbLine
 10
187.9050049999999885
 20
-86.3935589999999962
 30
0
 11
187.6876230000000021
 21
-86.5043199999999928
 31
0
  0
LINE
  5
D01
330
1B
100
AcDbEntity
  8
B.Cu
  6
CONTINUOUS
100
AcDbLine
 10
187.6876230000000021
 20
-86.5043199999999928
 30
0
 11
187.6876189999999838
 21
-86.5043220000000019
 31
0
  0
LINE
  5
D02
330
1B
100
AcDbEntity
  8
B.Cu
  6
CONTINUOUS
100
AcDbLine
 10
187.6876189999999838
 20
-86.5043220000000019
 30
0
 11
187.5131869999999878
 21
-86.6310539999999918
 31
0
  0
LINE
  5
D03
330
1B
100
AcDbEntity
  8
B.Cu
  6
CONTINUOUS
100
AcDbLine
 10
187.5131869999999878
 20
-86.6310539999999918
 30
0
 11
187.695036999999985
 21
-86.812903999999989
 31
0
  0
LINE
  5
D04
330
1B
100
AcDbEntity
  8
B.Cu
  6
CONTINUOUS
100
AcDbLine
 10
187.695036999999985
 20
-86.812903999999989
 30
0
 11
187.8207519999999988
 21
-86.7215679999999907
 31
0
  0
LINE
  5
D05
330
1B
100
AcDbEntity
  8
B.Cu
  6
CONTINUOUS
100
AcDbLine
 10
187.8207519999999988
 20
-86.7215679999999907
 30
0
 11
188.0025119999999959
 21
-86.6289569999999998
 31
0
  0
LINE
  5
D06
330
1B
100
AcDbEntity
  8
B.Cu
  6
CONTINUOUS
100
AcDbLine
 10
188.0025119999999959
 20
-86.6289569999999998
 30
0
 11
188.19652099999999
 21
-86.5659189999999938
 31
0
  0
LINE
  5
D07
330
1B
100
AcDbEntity
  8
B.Cu
  6
CONTINUOUS
100
AcDbLine
 10
188.19652099999999
 20
-86.5659189999999938
 30
0
 11
188.3980029999999886
 21
-86.5340070000000026
 31
0
  0
LINE
  5
D08
330
1B
100
AcDbEntity
  8
B.Cu
  6
CONTINUOUS
100
AcDbLine
 10
188.3980029999999886
 20
-86.5340070000000026
 30
0
 11
188.601996999999983
 21
-86.5340070000000026
 31
0
  0
LINE
  5
D09
330
1B
100
AcDbEntity
  8
B.Cu
  6
CONTINUOUS
100
AcDbLine
 10
188.601996999999983
 20
-86.5340070000000026
 30
0
 11
188.8034789999999816
 21
-86.5659189999999938
 31
0
  0
LINE
  5
D0A
330
1B
100
AcDbEntity
  8
B.Cu
  6
CONTINUOUS
100
AcDbLine
 10
188.8034789999999816
 20
-86.5659189999999938
 30
0
 11
188.9974880000000041
 21
-86.6289569999999998
 31
0
  0
LINE
  5
D0B
330
1B
100
AcDbEntity
  8
B.Cu
  6
CONTINUOUS
100
AcDbLine
 10
188.9974880000000041
 20
-86.6289569999999998
 30
0
 11
189.1792480000000012
 21
-86.7215679999999907
 31
0
  0
LINE
  5
D0C
330
1B
100
AcDbEntity
  8
B.Cu
  6
CONTINUOUS
100
AcDbLine
 10
189.1792480000000012
 20
-86.7215679999999907
 30
0
 11
189.3049609999999916
 21
-86.8129029999999915
 31
0
  0
LINE
  5
D0D
330
1B
100
AcDbEntity
  8
B.Cu
  6
CONTINUOUS
100
AcDbLine
 10
189.3049609999999916
 20
-86.8129029999999915
 30
0
 11
189.4868109999999888
 21
-86.6310539999999918
 31
0
  0
LINE
  5
D0E
330
1B
100
AcDbEntity
  8
B.Cu
  6
CONTINUOUS
100
AcDbLine
 10
189.4868109999999888
 20
-86.6310539999999918
 30
0
 11
189.3123799999999903
 21
-86.5043220000000019
 31
0
  0
LINE
  5
D0F
330
1B
100
AcDbEntity
  8
B.Cu
  6
CONTINUOUS
100
AcDbLine
 10
189.3123799999999903
 20
-86.5043220000000019
 30
0
 11
189.3123760000000004
 21
-86.5043199999999928
 31
0
  0
LINE
  5
D10
330
1B
100
AcDbEntity
  8
B.Cu
  6
CONTINUOUS
100
AcDbLine
 10
189.3123760000000004
 20
-86.5043199999999928
 30
0
 11
189.0949939999999856
 21
-86.3935589999999962
 31
0
  0
LINE
  5
D11
330
1B
100
AcDbEntity
  8
B.Cu
  6
CONTINUOUS
100
AcDbLine
 10
189.0949939999999856
 20
-86.3935589999999962
 30
0
 11
188.862954000000002
 21
-86.3181639999999959
 31
0
  0
LINE
  5
D12
330
1B
100
AcDbEntity
  8
B.Cu
  6
CONTINUOUS
100
AcDbLine
 10
188.862954000000002
 20
-86.3181639999999959
 30
0
 11
188.62199099999998
 21
-86.2800000000000011
 31
0
  0
LINE
  5
D13
330
1B
100
AcDbEntity
  8
B.Cu
  6
CONTINUOUS
100
AcDbLine
 10
188.62199099999998
 20
-86.2800000000000011
 30
0
 11
188.3780089999999916
 21
-86.2800000000000011
 31
0
  0
LINE
  5
D14
330
1B
100
AcDbEntity
  8
B.Cu
  6
CONTINUOUS
100
AcDbLine
 10
188.3780089999999916
 20
-86.2800000000000011
 30
0
 11
188.1370450000000005
 21
-86.3181639999999959
 31
0
  0
LINE
  5
D15
330
1B
100
AcDbEntity
  8
B.Cu
  6
CONTINUOUS
100
AcDbLine
 10
172.2504999999999882
 20
-80.815891999999991
 30
0
 11
172.2504999999999882
 21
-80.6841079999999948
 31
0
  0
LINE
  5
D16
330
1B
100
AcDbEntity
  8
B.Cu
  6
CONTINUOUS
100
AcDbLine
 10
172.2504999999999882
 20
-80.6841079999999948
 30
0
 11
172.2163919999999848
 21
-80.5568140000000028
 31
0
  0
LINE
  5
D17
330
1B
100
AcDbEntity
  8
B.Cu
  6
CONTINUOUS
100
AcDbLine
 10
172.2163919999999848
 20
-80.5568140000000028
 30
0
 11
172.2163899999999899
 21
-80.5568109999999962
 31
0
  0
LINE
  5
D18
330
1B
100
AcDbEntity
  8
B.Cu
  6
CONTINUOUS
100
AcDbLine
 10
172.2163899999999899
 20
-80.5568109999999962
 30
0
 11
172.2163899999999899
 21
-80.5568090000000012
 31
0
  0
LINE
  5
D19
330
1B
100
AcDbEntity
  8
B.Cu
  6
CONTINUOUS
100
AcDbLine
 10
172.2163899999999899
 20
-80.5568090000000012
 30
0
 11
172.1505029999999863
 21
-80.4426899999999989
 31
0
  0
LINE
  5
D1A
330
1B
100
AcDbEntity
  8
B.Cu
  6
CONTINUOUS
100
AcDbLine
 10
172.1505029999999863
 20
-80.4426899999999989
 30
0
 11
172.1505009999999913
 21
-80.4426879999999898
 31
0
  0
LINE
  5
D1B
330
1B
100
AcDbEntity
  8
B.Cu
  6
CONTINUOUS
100
AcDbLine
 10
172.1505009999999913
 20
-80.4426879999999898
 30
0
 11
172.1504999999999939
 21
-80.4426859999999948
 31
0
  0
LINE
  5
D1C
330
1B
100
AcDbEntity
  8
B.Cu
  6
CONTINUOUS
100
AcDbLine
 10
172.1504999999999939
 20
-80.4426859999999948
 30
0
 11
172.057313999999991
 21
-80.3494999999999919
 31
0
  0
LINE
  5
D1D
330
1B
100
AcDbEntity
  8
B.Cu
  6
CONTINUOUS
100
AcDbLine
 10
172.057313999999991
 20
-80.3494999999999919
 30
0
 11
172.0573109999999986
 21
-80.349497999999997
 31
0
  0
LINE
  5
D1E
330
1B
100
AcDbEntity
  8
B.Cu
  6
CONTINUOUS
100
AcDbLine
 10
172.0573109999999986
 20
-80.349497999999997
 30
0
 11
172.0573090000000036
 21
-80.349496000000002
 31
0
  0
LINE
  5
D1F
330
1B
100
AcDbEntity
  8
B.Cu
  6
CONTINUOUS
100
AcDbLine
 10
172.0573090000000036
 20
-80.349496000000002
 30
0
 11
171.9431889999999896
 21
-80.2836089999999984
 31
0
  0
LINE
  5
D20
330
1B
100
AcDbEntity
  8
B.Cu
  6
CONTINUOUS
100
AcDbLine
 10
171.9431889999999896
 20
-80.2836089999999984
 30
0
 11
171.9431909999999846
 21
-80.2836089999999984
 31
0
  0
LINE
  5
D21
330
1B
100
AcDbEntity
  8
B.Cu
  6
CONTINUOUS
100
AcDbLine
 10
171.9431909999999846
 20
-80.2836089999999984
 30
0
 11
171.8937990000000013
 21
-80.2703750000000014
 31
0
  0
LINE
  5
D22
330
1B
100
AcDbEntity
  8
B.Cu
  6
CONTINUOUS
100
AcDbLine
 10
171.8937990000000013
 20
-80.2703750000000014
 30
0
 11
171.815891999999991
 21
-80.2494999999999976
 31
0
  0
LINE
  5
D23
330
1B
100
AcDbEntity
  8
B.Cu
  6
CONTINUOUS
100
AcDbLine
 10
171.815891999999991
 20
-80.2494999999999976
 30
0
 11
171.6841079999999806
 21
-80.2494999999999976
 31
0
  0
LINE
  5
D24
330
1B
100
AcDbEntity
  8
B.Cu
  6
CONTINUOUS
100
AcDbLine
 10
171.6841079999999806
 20
-80.2494999999999976
 30
0
 11
171.6062000000000012
 21
-80.2703750000000014
 31
0
  0
LINE
  5
D25
330
1B
100
AcDbEntity
  8
B.Cu
  6
CONTINUOUS
100
AcDbLine
 10
171.6062000000000012
 20
-80.2703750000000014
 30
0
 11
171.556808999999987
 21
-80.2836089999999984
 31
0
  0
LINE
  5
D26
330
1B
100
AcDbEntity
  8
B.Cu
  6
CONTINUOUS
100
AcDbLine
 10
171.556808999999987
 20
-80.2836089999999984
 30
0
 11
171.4426899999999989
 21
-80.349496000000002
 31
0
  0
LINE
  5
D27
330
1B
100
AcDbEntity
  8
B.Cu
  6
CONTINUOUS
100
AcDbLine
 10
171.4426899999999989
 20
-80.349496000000002
 30
0
 11
171.3494959999999878
 21
-80.4426899999999989
 31
0
  0
LINE
  5
D28
330
1B
100
AcDbEntity
  8
B.Cu
  6
CONTINUOUS
100
AcDbLine
 10
171.3494959999999878
 20
-80.4426899999999989
 30
0
 11
171.2836089999999842
 21
-80.5568090000000012
 31
0
  0
LINE
  5
D29
330
1B
100
AcDbEntity
  8
B.Cu
  6
CONTINUOUS
100
AcDbLine
 10
171.2836089999999842
 20
-80.5568090000000012
 30
0
 11
171.2729249999999865
 21
-80.5966829999999987
 31
0
  0
LINE
  5
D2A
330
1B
100
AcDbEntity
  8
B.Cu
  6
CONTINUOUS
100
AcDbLine
 10
171.2729249999999865
 20
-80.5966829999999987
 30
0
 11
171.2494999999999834
 21
-80.6841079999999948
 31
0
  0
LINE
  5
D2B
330
1B
100
AcDbEntity
  8
B.Cu
  6
CONTINUOUS
100
AcDbLine
 10
171.2494999999999834
 20
-80.6841079999999948
 30
0
 11
171.2494999999999834
 21
-80.815891999999991
 31
0
  0
LINE
  5
D2C
330
1B
100
AcDbEntity
  8
B.Cu
  6
CONTINUOUS
100
AcDbLine
 10
171.2494999999999834
 20
-80.815891999999991
 30
0
 11
171.2776470000000018
 21
-80.92093899999999
 31
0
  0
LINE
  5
D2D
330
1B
100
AcDbEntity
  8
B.Cu
  6
CONTINUOUS
100
AcDbLine
 10
171.2776470000000018
 20
-80.92093899999999
 30
0
 11
171.2836089999999842
 21
-80.9431900000000013
 31
0
  0
LINE
  5
D2E
330
1B
100
AcDbEntity
  8
B.Cu
  6
CONTINUOUS
100
AcDbLine
 10
171.2836089999999842
 20
-80.9431900000000013
 30
0
 11
171.3494959999999878
 21
-81.0573089999999894
 31
0
  0
LINE
  5
D2F
330
1B
100
AcDbEntity
  8
B.Cu
  6
CONTINUOUS
100
AcDbLine
 10
171.3494959999999878
 20
-81.0573089999999894
 30
0
 11
171.3494979999999828
 21
-81.0573109999999986
 31
0
  0
LINE
  5
D30
330
1B
100
AcDbEntity
  8
B.Cu
  6
CONTINUOUS
100
AcDbLine
 10
171.3494979999999828
 20
-81.0573109999999986
 30
0
 11
171.3495000000000061
 21
-81.057313999999991
 31
0
  0
LINE
  5
D31
330
1B
100
AcDbEntity
  8
B.Cu
  6
CONTINUOUS
100
AcDbLine
 10
171.3495000000000061
 20
-81.057313999999991
 30
0
 11
171.4426859999999806
 21
-81.1504999999999939
 31
0
  0
LINE
  5
D32
330
1B
100
AcDbEntity
  8
B.Cu
  6
CONTINUOUS
100
AcDbLine
 10
171.4426859999999806
 20
-81.1504999999999939
 30
0
 11
171.442688000000004
 21
-81.1505009999999913
 31
0
  0
LINE
  5
D33
330
1B
100
AcDbEntity
  8
B.Cu
  6
CONTINUOUS
100
AcDbLine
 10
171.442688000000004
 20
-81.1505009999999913
 30
0
 11
171.4426899999999989
 21
-81.1505030000000005
 31
0
  0
LINE
  5
D34
330
1B
100
AcDbEntity
  8
B.Cu
  6
CONTINUOUS
100
AcDbLine
 10
171.4426899999999989
 20
-81.1505030000000005
 30
0
 11
171.5568099999999845
 21
-81.2163899999999899
 31
0
  0
LINE
  5
D35
330
1B
100
AcDbEntity
  8
B.Cu
  6
CONTINUOUS
100
AcDbLine
 10
171.5568099999999845
 20
-81.2163899999999899
 30
0
 11
171.5568079999999895
 21
-81.2163899999999899
 31
0
  0
LINE
  5
D36
330
1B
100
AcDbEntity
  8
B.Cu
  6
CONTINUOUS
100
AcDbLine
 10
171.5568079999999895
 20
-81.2163899999999899
 30
0
 11
171.5568119999999794
 21
-81.2163910000000016
 31
0
  0
LINE
  5
D37
330
1B
100
AcDbEntity
  8
B.Cu
  6
CONTINUOUS
100
AcDbLine
 10
171.5568119999999794
 20
-81.2163910000000016
 30
0
 11
171.5568140000000028
 21
-81.216391999999999
 31
0
  0
LINE
  5
D38
330
1B
100
AcDbEntity
  8
B.Cu
  6
CONTINUOUS
100
AcDbLine
 10
171.5568140000000028
 20
-81.216391999999999
 30
0
 11
171.6841079999999806
 21
-81.2505000000000024
 31
0
  0
LINE
  5
D39
330
1B
100
AcDbEntity
  8
B.Cu
  6
CONTINUOUS
100
AcDbLine
 10
171.6841079999999806
 20
-81.2505000000000024
 30
0
 11
171.684110000000004
 21
-81.2505000000000024
 31
0
  0
LINE
  5
D3A
330
1B
100
AcDbEntity
  8
B.Cu
  6
CONTINUOUS
100
AcDbLine
 10
171.684110000000004
 20
-81.2505000000000024
 30
0
 11
171.815889999999996
 21
-81.2505000000000024
 31
0
  0
LINE
  5
D3B
330
1B
100
AcDbEntity
  8
B.Cu
  6
CONTINUOUS
100
AcDbLine
 10
171.815889999999996
 20
-81.2505000000000024
 30
0
 11
171.815891999999991
 21
-81.2505000000000024
 31
0
  0
LINE
  5
D3C
330
1B
100
AcDbEntity
  8
B.Cu
  6
CONTINUOUS
100
AcDbLine
 10
171.815891999999991
 20
-81.2505000000000024
 30
0
 11
171.9431859999999972
 21
-81.216391999999999
 31
0
  0
LINE
  5
D3D
330
1B
100
AcDbEntity
  8
B.Cu
  6
CONTINUOUS
100
AcDbLine
 10
171.9431859999999972
 20
-81.216391999999999
 30
0
 11
171.9431879999999921
 21
-81.2163899999999899
 31
0
  0
LINE
  5
D3E
330
1B
100
AcDbEntity
  8
B.Cu
  6
CONTINUOUS
100
AcDbLine
 10
171.9431879999999921
 20
-81.2163899999999899
 30
0
 11
171.9431899999999871
 21
-81.2163899999999899
 31
0
  0
LINE
  5
D3F
330
1B
100
AcDbEntity
  8
B.Cu
  6
CONTINUOUS
100
AcDbLine
 10
171.9431899999999871
 20
-81.2163899999999899
 30
0
 11
172.0573090000000036
 21
-81.1505030000000005
 31
0
  0
LINE
  5
D40
330
1B
100
AcDbEntity
  8
B.Cu
  6
CONTINUOUS
100
AcDbLine
 10
172.0573090000000036
 20
-81.1505030000000005
 30
0
 11
172.0573090000000036
 21
-81.150502000000003
 31
0
  0
LINE
  5
D41
330
1B
100
AcDbEntity
  8
B.Cu
  6
CONTINUOUS
100
AcDbLine
 10
172.0573090000000036
 20
-81.150502000000003
 30
0
 11
172.057313999999991
 21
-81.1504999999999939
 31
0
  0
LINE
  5
D42
330
1B
100
AcDbEntity
  8
B.Cu
  6
CONTINUOUS
100
AcDbLine
 10
172.057313999999991
 20
-81.1504999999999939
 30
0
 11
172.1504999999999939
 21
-81.057313999999991
 31
0
  0
LINE
  5
D43
330
1B
100
AcDbEntity
  8
B.Cu
  6
CONTINUOUS
100
AcDbLine
 10
172.1504999999999939
 20
-81.057313999999991
 30
0
 11
172.2163919999999848
 21
-80.9431859999999972
 31
0
  0
LINE
  5
D44
330
1B
100
AcDbEntity
  8
B.Cu
  6
CONTINUOUS
100
AcDbLine
 10
172.2163919999999848
 20
-80.9431859999999972
 30
0
 11
172.2239759999999933
 21
-80.9148809999999941
 31
0
  0
LINE
  5
D45
330
1B
100
AcDbEntity
  8
B.Cu
  6
CONTINUOUS
100
AcDbLine
 10
172.2239759999999933
 20
-80.9148809999999941
 30
0
 11
172.2504999999999882
 21
-80.815891999999991
 31
0
  0
LINE
  5
D46
330
1B
100
AcDbEntity
  8
B.Cu
  6
CONTINUOUS
100
AcDbLine
 10
186.199499000000003
 20
-80.9209429999999941
 30
0
 11
186.199499000000003
 21
-81.0790569999999917
 31
0
  0
LINE
  5
D47
330
1B
100
AcDbEntity
  8
B.Cu
  6
CONTINUOUS
100
AcDbLine
 10
186.199499000000003
 20
-81.0790569999999917
 30
0
 11
186.236298000000005
 21
-81.2163899999999899
 31
0
  0
LINE
  5
D48
330
1B
100
AcDbEntity
  8
B.Cu
  6
CONTINUOUS
100
AcDbLine
 10
186.236298000000005
 20
-81.2163899999999899
 30
0
 11
186.2404229999999927
 21
-81.2317850000000021
 31
0
  0
LINE
  5
D49
330
1B
100
AcDbEntity
  8
B.Cu
  6
CONTINUOUS
100
AcDbLine
 10
186.2404229999999927
 20
-81.2317850000000021
 30
0
 11
186.2404249999999877
 21
-81.231788999999992
 31
0
  0
LINE
  5
D4A
330
1B
100
AcDbEntity
  8
B.Cu
  6
CONTINUOUS
100
AcDbLine
 10
186.2404249999999877
 20
-81.231788999999992
 30
0
 11
186.2522989999999936
 21
-81.2523559999999918
 31
0
  0
LINE
  5
D4B
330
1B
100
AcDbEntity
  8
B.Cu
  6
CONTINUOUS
100
AcDbLine
 10
186.2522989999999936
 20
-81.2523559999999918
 30
0
 11
186.3194790000000012
 21
-81.3687149999999946
 31
0
  0
LINE
  5
D4C
330
1B
100
AcDbEntity
  8
B.Cu
  6
CONTINUOUS
100
AcDbLine
 10
186.3194790000000012
 20
-81.3687149999999946
 30
0
 11
186.4312829999999792
 21
-81.4805199999999985
 31
0
  0
LINE
  5
D4D
330
1B
100
AcDbEntity
  8
B.Cu
  6
CONTINUOUS
100
AcDbLine
 10
186.4312829999999792
 20
-81.4805199999999985
 30
0
 11
186.4312840000000051
 21
-81.4805199999999985
 31
0
  0
LINE
  5
D4E
330
1B
100
AcDbEntity
  8
B.Cu
  6
CONTINUOUS
100
AcDbLine
 10
186.4312840000000051
 20
-81.4805199999999985
 30
0
 11
186.4312850000000026
 21
-81.480520999999996
 31
0
  0
LINE
  5
D4F
330
1B
100
AcDbEntity
  8
B.Cu
  6
CONTINUOUS
100
AcDbLine
 10
186.4312850000000026
 20
-81.480520999999996
 30
0
 11
186.9312840000000051
 21
-81.9805199999999985
 31
0
  0
LINE
  5
D50
330
1B
100
AcDbEntity
  8
B.Cu
  6
CONTINUOUS
100
AcDbLine
 10
186.9312840000000051
 20
-81.9805199999999985
 30
0
 11
186.9499999999999886
 21
-81.9913250000000033
 31
0
  0
LINE
  5
D51
330
1B
100
AcDbEntity
  8
B.Cu
  6
CONTINUOUS
100
AcDbLine
 10
186.9499999999999886
 20
-81.9913250000000033
 30
0
 11
186.9909399999999948
 21
-82.0367919999999913
 31
0
  0
LINE
  5
D52
330
1B
100
AcDbEntity
  8
B.Cu
  6
CONTINUOUS
100
AcDbLine
 10
186.9909399999999948
 20
-82.0367919999999913
 30
0
 11
186.9994999999999834
 21
-82.0770610000000005
 31
0
  0
LINE
  5
D53
330
1B
100
AcDbEntity
  8
B.Cu
  6
CONTINUOUS
100
AcDbLine
 10
186.9994999999999834
 20
-82.0770610000000005
 30
0
 11
186.9994999999999834
 21
-82.5872799999999927
 31
0
  0
LINE
  5
D54
330
1B
100
AcDbEntity
  8
B.Cu
  6
CONTINUOUS
100
AcDbLine
 10
186.9994999999999834
 20
-82.5872799999999927
 30
0
 11
187.0271639999999991
 21
-82.635194999999996
 31
0
  0
LINE
  5
D55
330
1B
100
AcDbEntity
  8
B.Cu
  6
CONTINUOUS
100
AcDbLine
 10
187.0271639999999991
 20
-82.635194999999996
 30
0
 11
187.0474329999999838
 21
-82.7108419999999995
 31
0
  0
LINE
  5
D56
330
1B
100
AcDbEntity
  8
B.Cu
  6
CONTINUOUS
100
AcDbLine
 10
187.0474329999999838
 20
-82.7108419999999995
 30
0
 11
187.0474329999999838
 21
-82.7891580000000005
 31
0
  0
LINE
  5
D57
330
1B
100
AcDbEntity
  8
B.Cu
  6
CONTINUOUS
100
AcDbLine
 10
187.0474329999999838
 20
-82.7891580000000005
 30
0
 11
187.0271639999999991
 21
-82.8648049999999898
 31
0
  0
LINE
  5
D58
330
1B
100
AcDbEntity
  8
B.Cu
  6
CONTINUOUS
100
AcDbLine
 10
187.0271639999999991
 20
-82.8648049999999898
 30
0
 11
186.9994999999999834
 21
-82.9127189999999956
 31
0
  0
LINE
  5
D59
330
1B
100
AcDbEntity
  8
B.Cu
  6
CONTINUOUS
100
AcDbLine
 10
186.9994999999999834
 20
-82.9127189999999956
 30
0
 11
186.9994999999999834
 21
-83.8542739999999895
 31
0
  0
LINE
  5
D5A
330
1B
100
AcDbEntity
  8
B.Cu
  6
CONTINUOUS
100
AcDbLine
 10
186.9994999999999834
 20
-83.8542739999999895
 30
0
 11
187.0023529999999994
 21
-83.8846939999999961
 31
0
  0
LINE
  5
D5B
330
1B
100
AcDbEntity
  8
B.Cu
  6
CONTINUOUS
100
AcDbLine
 10
187.0023529999999994
 20
-83.8846939999999961
 30
0
 11
187.0023549999999943
 21
-83.8847030000000018
 31
0
  0
LINE
  5
D5C
330
1B
100
AcDbEntity
  8
B.Cu
  6
CONTINUOUS
100
AcDbLine
 10
187.0023549999999943
 20
-83.8847030000000018
 30
0
 11
187.047206999999986
 21
-84.0128830000000022
 31
0
  0
LINE
  5
D5D
330
1B
100
AcDbEntity
  8
B.Cu
  6
CONTINUOUS
100
AcDbLine
 10
187.047206999999986
 20
-84.0128830000000022
 30
0
 11
187.1278449999999793
 21
-84.1221439999999916
 31
0
  0
LINE
  5
D5E
330
1B
100
AcDbEntity
  8
B.Cu
  6
CONTINUOUS
100
AcDbLine
 10
187.1278449999999793
 20
-84.1221439999999916
 30
0
 11
187.1278470000000027
 21
-84.1221460000000008
 31
0
  0
LINE
  5
D5F
330
1B
100
AcDbEntity
  8
B.Cu
  6
CONTINUOUS
100
AcDbLine
 10
187.1278470000000027
 20
-84.1221460000000008
 30
0
 11
187.1278499999999951
 21
-84.1221499999999907
 31
0
  0
LINE
  5
D60
330
1B
100
AcDbEntity
  8
B.Cu
  6
CONTINUOUS
100
AcDbLine
 10
187.1278499999999951
 20
-84.1221499999999907
 30
0
 11
187.1278529999999876
 21
-84.1221519999999998
 31
0
  0
LINE
  5
D61
330
1B
100
AcDbEntity
  8
B.Cu
  6
CONTINUOUS
100
AcDbLine
 10
187.1278529999999876
 20
-84.1221519999999998
 30
0
 11
187.1278549999999825
 21
-84.1221539999999948
 31
0
  0
LINE
  5
D62
330
1B
100
AcDbEntity
  8
B.Cu
  6
CONTINUOUS
100
AcDbLine
 10
187.1278549999999825
 20
-84.1221539999999948
 30
0
 11
187.2371159999999861
 21
-84.2027920000000023
 31
0
  0
LINE
  5
D63
330
1B
100
AcDbEntity
  8
B.Cu
  6
CONTINUOUS
100
AcDbLine
 10
187.2371159999999861
 20
-84.2027920000000023
 30
0
 11
187.2371169999999836
 21
-84.2027920000000023
 31
0
  0
LINE
  5
D64
330
1B
100
AcDbEntity
  8
B.Cu
  6
CONTINUOUS
100
AcDbLine
 10
187.2371169999999836
 20
-84.2027920000000023
 30
0
 11
187.2371179999999811
 21
-84.2027929999999998
 31
0
  0
LINE
  5
D65
330
1B
100
AcDbEntity
  8
B.Cu
  6
CONTINUOUS
100
AcDbLine
 10
187.2371179999999811
 20
-84.2027929999999998
 30
0
 11
187.3653009999999881
 21
-84.2476460000000031
 31
0
  0
LINE
  5
D66
330
1B
100
AcDbEntity
  8
B.Cu
  6
CONTINUOUS
100
AcDbLine
 10
187.3653009999999881
 20
-84.2476460000000031
 30
0
 11
187.3957249999999988
 21
-84.2504989999999907
 31
0
  0
LINE
  5
D67
330
1B
100
AcDbEntity
  8
B.Cu
  6
CONTINUOUS
100
AcDbLine
 10
187.3957249999999988
 20
-84.2504989999999907
 30
0
 11
187.3957269999999937
 21
-84.2505000000000024
 31
0
  0
LINE
  5
D68
330
1B
100
AcDbEntity
  8
B.Cu
  6
CONTINUOUS
100
AcDbLine
 10
187.3957269999999937
 20
-84.2505000000000024
 30
0
 11
187.3957340000000045
 21
-84.2505000000000024
 31
0
  0
LINE
  5
D69
330
1B
100
AcDbEntity
  8
B.Cu
  6
CONTINUOUS
100
AcDbLine
 10
187.3957340000000045
 20
-84.2505000000000024
 30
0
 11
189.6042729999999779
 21
-84.2505000000000024
 31
0
  0
LINE
  5
D6A
330
1B
100
AcDbEntity
  8
B.Cu
  6
CONTINUOUS
100
AcDbLine
 10
189.6042729999999779
 20
-84.2505000000000024
 30
0
 11
189.6042729999999779
 21
-84.2504989999999907
 31
0
  0
LINE
  5
D6B
330
1B
100
AcDbEntity
  8
B.Cu
  6
CONTINUOUS
100
AcDbLine
 10
189.6042729999999779
 20
-84.2504989999999907
 30
0
 11
189.6346989999999835
 21
-84.2476460000000031
 31
0
  0
LINE
  5
D6C
330
1B
100
AcDbEntity
  8
B.Cu
  6
CONTINUOUS
100
AcDbLine
 10
189.6346989999999835
 20
-84.2476460000000031
 30
0
 11
189.7628819999999905
 21
-84.2027929999999998
 31
0
  0
LINE
  5
D6D
330
1B
100
AcDbEntity
  8
B.Cu
  6
CONTINUOUS
100
AcDbLine
 10
189.7628819999999905
 20
-84.2027929999999998
 30
0
 11
189.8721500000000049
 21
-84.1221499999999907
 31
0
  0
LINE
  5
D6E
330
1B
100
AcDbEntity
  8
B.Cu
  6
CONTINUOUS
100
AcDbLine
 10
189.8721500000000049
 20
-84.1221499999999907
 30
0
 11
189.9527929999999856
 21
-84.0128819999999905
 31
0
  0
LINE
  5
D6F
330
1B
100
AcDbEntity
  8
B.Cu
  6
CONTINUOUS
100
AcDbLine
 10
189.9527929999999856
 20
-84.0128819999999905
 30
0
 11
189.9976460000000031
 21
-83.8846989999999977
 31
0
  0
LINE
  5
D70
330
1B
100
AcDbEntity
  8
B.Cu
  6
CONTINUOUS
100
AcDbLine
 10
189.9976460000000031
 20
-83.8846989999999977
 30
0
 11
190.0004989999999907
 21
-83.8542729999999921
 31
0
  0
LINE
  5
D71
330
1B
100
AcDbEntity
  8
B.Cu
  6
CONTINUOUS
100
AcDbLine
 10
190.0004989999999907
 20
-83.8542729999999921
 30
0
 11
190.0004999999999882
 21
-83.8542729999999921
 31
0
  0
LINE
  5
D72
330
1B
100
AcDbEntity
  8
B.Cu
  6
CONTINUOUS
100
AcDbLine
 10
190.0004999999999882
 20
-83.8542729999999921
 30
0
 11
190.0004999999999882
 21
-81.6457269999999937
 31
0
  0
LINE
  5
D73
330
1B
100
AcDbEntity
  8
B.Cu
  6
CONTINUOUS
100
AcDbLine
 10
190.0004999999999882
 20
-81.6457269999999937
 30
0
 11
190.0004989999999907
 21
-81.6457249999999988
 31
0
  0
LINE
  5
D74
330
1B
100
AcDbEntity
  8
B.Cu
  6
CONTINUOUS
100
AcDbLine
 10
190.0004989999999907
 20
-81.6457249999999988
 30
0
 11
189.9976460000000031
 21
-81.6153049999999922
 31
0
  0
LINE
  5
D75
330
1B
100
AcDbEntity
  8
B.Cu
  6
CONTINUOUS
100
AcDbLine
 10
189.9976460000000031
 20
-81.6153049999999922
 30
0
 11
189.9976460000000031
 21
-81.6153010000000023
 31
0
  0
LINE
  5
D76
330
1B
100
AcDbEntity
  8
B.Cu
  6
CONTINUOUS
100
AcDbLine
 10
189.9976460000000031
 20
-81.6153010000000023
 30
0
 11
189.9527929999999856
 21
-81.4871179999999953
 31
0
  0
LINE
  5
D77
330
1B
100
AcDbEntity
  8
B.Cu
  6
CONTINUOUS
100
AcDbLine
 10
189.9527929999999856
 20
-81.4871179999999953
 30
0
 11
189.9479240000000004
 21
-81.480520999999996
 31
0
  0
LINE
  5
D78
330
1B
100
AcDbEntity
  8
B.Cu
  6
CONTINUOUS
100
AcDbLine
 10
189.9479240000000004
 20
-81.480520999999996
 30
0
 11
189.8721539999999948
 21
-81.3778549999999967
 31
0
  0
LINE
  5
D79
330
1B
100
AcDbEntity
  8
B.Cu
  6
CONTINUOUS
100
AcDbLine
 10
189.8721539999999948
 20
-81.3778549999999967
 30
0
 11
189.8721519999999998
 21
-81.3778530000000018
 31
0
  0
LINE
  5
D7A
330
1B
100
AcDbEntity
  8
B.Cu
  6
CONTINUOUS
100
AcDbLine
 10
189.8721519999999998
 20
-81.3778530000000018
 30
0
 11
189.8721500000000049
 21
-81.3778499999999951
 31
0
  0
LINE
  5
D7B
330
1B
100
AcDbEntity
  8
B.Cu
  6
CONTINUOUS
100
AcDbLine
 10
189.8721500000000049
 20
-81.3778499999999951
 30
0
 11
189.8721459999999865
 21
-81.3778470000000027
 31
0
  0
LINE
  5
D7C
330
1B
100
AcDbEntity
  8
B.Cu
  6
CONTINUOUS
100
AcDbLine
 10
189.8721459999999865
 20
-81.3778470000000027
 30
0
 11
189.8721439999999916
 21
-81.3778449999999935
 31
0
  0
LINE
  5
D7D
330
1B
100
AcDbEntity
  8
B.Cu
  6
CONTINUOUS
100
AcDbLine
 10
189.8721439999999916
 20
-81.3778449999999935
 30
0
 11
189.762882999999988
 21
-81.2972070000000002
 31
0
  0
LINE
  5
D7E
330
1B
100
AcDbEntity
  8
B.Cu
  6
CONTINUOUS
100
AcDbLine
 10
189.762882999999988
 20
-81.2972070000000002
 30
0
 11
189.6347030000000018
 21
-81.2523549999999943
 31
0
  0
LINE
  5
D7F
330
1B
100
AcDbEntity
  8
B.Cu
  6
CONTINUOUS
100
AcDbLine
 10
189.6347030000000018
 20
-81.2523549999999943
 30
0
 11
189.6346939999999961
 21
-81.2523529999999994
 31
0
  0
LINE
  5
D80
330
1B
100
AcDbEntity
  8
B.Cu
  6
CONTINUOUS
100
AcDbLine
 10
189.6346939999999961
 20
-81.2523529999999994
 30
0
 11
189.6042740000000038
 21
-81.2494999999999976
 31
0
  0
LINE
  5
D81
330
1B
100
AcDbEntity
  8
B.Cu
  6
CONTINUOUS
100
AcDbLine
 10
189.6042740000000038
 20
-81.2494999999999976
 30
0
 11
189.6042659999999955
 21
-81.2494999999999976
 31
0
  0
LINE
  5
D82
330
1B
100
AcDbEntity
  8
B.Cu
  6
CONTINUOUS
100
AcDbLine
 10
189.6042659999999955
 20
-81.2494999999999976
 30
0
 11
187.9059289999999862
 21
-81.2494999999999976
 31
0
  0
LINE
  5
D83
330
1B
100
AcDbEntity
  8
B.Cu
  6
CONTINUOUS
100
AcDbLine
 10
187.9059289999999862
 20
-81.2494999999999976
 30
0
 11
187.8477379999999926
 21
-81.2305929999999989
 31
0
  0
LINE
  5
D84
330
1B
100
AcDbEntity
  8
B.Cu
  6
CONTINUOUS
100
AcDbLine
 10
187.8477379999999926
 20
-81.2305929999999989
 30
0
 11
187.8201929999999891
 21
-81.2000010000000003
 31
0
  0
LINE
  5
D85
330
1B
100
AcDbEntity
  8
B.Cu
  6
CONTINUOUS
100
AcDbLine
 10
187.8201929999999891
 20
-81.2000010000000003
 30
0
 11
187.7805199999999957
 21
-81.1312839999999937
 31
0
  0
LINE
  5
D86
330
1B
100
AcDbEntity
  8
B.Cu
  6
CONTINUOUS
100
AcDbLine
 10
187.7805199999999957
 20
-81.1312839999999937
 30
0
 11
187.7065450000000055
 21
-81.0573089999999894
 31
0
  0
LINE
  5
D87
330
1B
100
AcDbEntity
  8
B.Cu
  6
CONTINUOUS
100
AcDbLine
 10
187.7065450000000055
 20
-81.0573089999999894
 30
0
 11
187.4288589999999886
 21
-80.7796220000000034
 31
0
  0
LINE
  5
D88
330
1B
100
AcDbEntity
  8
B.Cu
  6
CONTINUOUS
100
AcDbLine
 10
187.4288589999999886
 20
-80.7796220000000034
 30
0
 11
187.4010820000000024
 21
-80.7251059999999967
 31
0
  0
LINE
  5
D89
330
1B
100
AcDbEntity
  8
B.Cu
  6
CONTINUOUS
100
AcDbLine
 10
187.4010820000000024
 20
-80.7251059999999967
 30
0
 11
187.4007089999999778
 21
-80.7225370000000026
 31
0
  0
LINE
  5
D8A
330
1B
100
AcDbEntity
  8
B.Cu
  6
CONTINUOUS
100
AcDbLine
 10
187.4007089999999778
 20
-80.7225370000000026
 30
0
 11
187.4004999999999939
 21
-80.7209549999999894
 31
0
  0
LINE
  5
D8B
330
1B
100
AcDbEntity
  8
B.Cu
  6
CONTINUOUS
100
AcDbLine
 10
187.4004999999999939
 20
-80.7209549999999894
 30
0
 11
187.4004999999999939
 21
-80.7209429999999912
 31
0
  0
LINE
  5
D8C
330
1B
100
AcDbEntity
  8
B.Cu
  6
CONTINUOUS
100
AcDbLine
 10
187.4004999999999939
 20
-80.7209429999999912
 30
0
 11
187.3595770000000016
 21
-80.5682159999999925
 31
0
  0
LINE
  5
D8D
330
1B
100
AcDbEntity
  8
B.Cu
  6
CONTINUOUS
100
AcDbLine
 10
187.3595770000000016
 20
-80.5682159999999925
 30
0
 11
187.2805199999999957
 21
-80.4312839999999909
 31
0
  0
LINE
  5
D8E
330
1B
100
AcDbEntity
  8
B.Cu
  6
CONTINUOUS
100
AcDbLine
 10
187.2805199999999957
 20
-80.4312839999999909
 30
0
 11
187.1687159999999892
 21
-80.3194799999999987
 31
0
  0
LINE
  5
D8F
330
1B
100
AcDbEntity
  8
B.Cu
  6
CONTINUOUS
100
AcDbLine
 10
187.1687159999999892
 20
-80.3194799999999987
 30
0
 11
187.0317839999999876
 21
-80.2404229999999927
 31
0
  0
LINE
  5
D90
330
1B
100
AcDbEntity
  8
B.Cu
  6
CONTINUOUS
100
AcDbLine
 10
187.0317839999999876
 20
-80.2404229999999927
 30
0
 11
186.8790569999999889
 21
-80.1995000000000005
 31
0
  0
LINE
  5
D91
330
1B
100
AcDbEntity
  8
B.Cu
  6
CONTINUOUS
100
AcDbLine
 10
186.8790569999999889
 20
-80.1995000000000005
 30
0
 11
186.7209430000000054
 21
-80.1995000000000005
 31
0
  0
LINE
  5
D92
330
1B
100
AcDbEntity
  8
B.Cu
  6
CONTINUOUS
100
AcDbLine
 10
186.7209430000000054
 20
-80.1995000000000005
 30
0
 11
186.5682159999999783
 21
-80.2404229999999927
 31
0
  0
LINE
  5
D93
330
1B
100
AcDbEntity
  8
B.Cu
  6
CONTINUOUS
100
AcDbLine
 10
186.5682159999999783
 20
-80.2404229999999927
 30
0
 11
186.4312840000000051
 21
-80.3194799999999987
 31
0
  0
LINE
  5
D94
330
1B
100
AcDbEntity
  8
B.Cu
  6
CONTINUOUS
100
AcDbLine
 10
186.4312840000000051
 20
-80.3194799999999987
 30
0
 11
186.3194799999999987
 21
-80.4312839999999909
 31
0
  0
LINE
  5
D95
330
1B
100
AcDbEntity
  8
B.Cu
  6
CONTINUOUS
100
AcDbLine
 10
186.3194799999999987
 20
-80.4312839999999909
 30
0
 11
186.2404229999999927
 21
-80.5682159999999925
 31
0
  0
LINE
  5
D96
330
1B
100
AcDbEntity
  8
B.Cu
  6
CONTINUOUS
100
AcDbLine
 10
186.2404229999999927
 20
-80.5682159999999925
 30
0
 11
186.1995000000000005
 21
-80.7209440000000029
 31
0
  0
LINE
  5
D97
330
1B
100
AcDbEntity
  8
B.Cu
  6
CONTINUOUS
100
AcDbLine
 10
186.1995000000000005
 20
-80.7209440000000029
 30
0
 11
186.1995000000000005
 21
-80.9148629999999969
 31
0
  0
LINE
  5
D98
330
1B
100
AcDbEntity
  8
B.Cu
  6
CONTINUOUS
100
AcDbLine
 10
186.1995000000000005
 20
-80.9148629999999969
 30
0
 11
186.199499000000003
 21
-80.9148809999999941
 31
0
  0
LINE
  5
D99
330
1B
100
AcDbEntity
  8
B.Cu
  6
CONTINUOUS
100
AcDbLine
 10
186.199499000000003
 20
-80.9148809999999941
 30
0
 11
186.199499000000003
 21
-80.9209429999999941
 31
0
  0
LINE
  5
D9A
330
1B
100
AcDbEntity
  8
B.Cu
  6
CONTINUOUS
100
AcDbLine
 10
155.2100010000000054
 20
-68.6799989999999951
 30
0
 11
155.2099999999999795
 21
-68.6799999999999926
 31
0
  0
LINE
  5
D9B
330
1B
100
AcDbEntity
  8
B.Cu
  6
CONTINUOUS
100
AcDbLine
 10
155.2099999999999795
 20
-68.6799999999999926
 30
0
 11
155.2099999999999795
 21
-69.1538699999999977
 31
0
  0
LINE
  5
D9C
330
1B
100
AcDbEntity
  8
B.Cu
  6
CONTINUOUS
100
AcDbLine
 10
155.2099999999999795
 20
-69.1538699999999977
 30
0
 11
155.2388210000000015
 21
-69.2987629999999939
 31
0
  0
LINE
  5
D9D
330
1B
100
AcDbEntity
  8
B.Cu
  6
CONTINUOUS
100
AcDbLine
 10
155.2388210000000015
 20
-69.2987629999999939
 30
0
 11
155.2388229999999965
 21
-69.298768999999993
 31
0
  0
LINE
  5
D9E
330
1B
100
AcDbEntity
  8
B.Cu
  6
CONTINUOUS
100
AcDbLine
 10
155.2388229999999965
 20
-69.298768999999993
 30
0
 11
155.2953579999999931
 21
-69.4352559999999954
 31
0
  0
LINE
  5
D9F
330
1B
100
AcDbEntity
  8
B.Cu
  6
CONTINUOUS
100
AcDbLine
 10
155.2953579999999931
 20
-69.4352559999999954
 30
0
 11
155.3774339999999938
 21
-69.558092000000002
 31
0
  0
LINE
  5
DA0
330
1B
100
AcDbEntity
  8
B.Cu
  6
CONTINUOUS
100
AcDbLine
 10
155.3774339999999938
 20
-69.558092000000002
 30
0
 11
155.4819059999999808
 21
-69.6625640000000033
 31
0
  0
LINE
  5
DA1
330
1B
100
AcDbEntity
  8
B.Cu
  6
CONTINUOUS
100
AcDbLine
 10
155.4819059999999808
 20
-69.6625640000000033
 30
0
 11
155.6047419999999875
 21
-69.7446399999999898
 31
0
  0
LINE
  5
DA2
330
1B
100
AcDbEntity
  8
B.Cu
  6
CONTINUOUS
100
AcDbLine
 10
155.6047419999999875
 20
-69.7446399999999898
 30
0
 11
155.741234999999989
 21
-69.8011769999999956
 31
0
  0
LINE
  5
DA3
330
1B
100
AcDbEntity
  8
B.Cu
  6
CONTINUOUS
100
AcDbLine
 10
155.741234999999989
 20
-69.8011769999999956
 30
0
 11
155.7412339999999915
 21
-69.8011769999999956
 31
0
  0
LINE
  5
DA4
330
1B
100
AcDbEntity
  8
B.Cu
  6
CONTINUOUS
100
AcDbLine
 10
155.7412339999999915
 20
-69.8011769999999956
 30
0
 11
155.8100000000000023
 21
-69.8148539999999969
 31
0
  0
LINE
  5
DA5
330
1B
100
AcDbEntity
  8
B.Cu
  6
CONTINUOUS
100
AcDbLine
 10
155.8100000000000023
 20
-69.8148539999999969
 30
0
 11
155.8100000000000023
 21
-69.5530159999999995
 31
0
  0
LINE
  5
DA6
330
1B
100
AcDbEntity
  8
B.Cu
  6
CONTINUOUS
100
AcDbLine
 10
155.8100000000000023
 20
-69.5530159999999995
 30
0
 11
155.7686579999999879
 21
-69.5419389999999993
 31
0
  0
LINE
  5
DA7
330
1B
100
AcDbEntity
  8
B.Cu
  6
CONTINUOUS
100
AcDbLine
 10
155.7686579999999879
 20
-69.5419389999999993
 30
0
 11
155.6556190000000015
 21
-69.4766759999999977
 31
0
  0
LINE
  5
DA8
330
1B
100
AcDbEntity
  8
B.Cu
  6
CONTINUOUS
100
AcDbLine
 10
155.6556190000000015
 20
-69.4766759999999977
 30
0
 11
155.5633229999999969
 21
-69.3843799999999931
 31
0
  0
LINE
  5
DA9
330
1B
100
AcDbEntity
  8
B.Cu
  6
CONTINUOUS
100
AcDbLine
 10
155.5633229999999969
 20
-69.3843799999999931
 30
0
 11
155.4980599999999811
 21
-69.2713409999999925
 31
0
  0
LINE
  5
DAA
330
1B
100
AcDbEntity
  8
B.Cu
  6
CONTINUOUS
100
AcDbLine
 10
155.4980599999999811
 20
-69.2713409999999925
 30
0
 11
155.4642779999999789
 21
-69.1452620000000024
 31
0
  0
LINE
  5
DAB
330
1B
100
AcDbEntity
  8
B.Cu
  6
CONTINUOUS
100
AcDbLine
 10
155.4642779999999789
 20
-69.1452620000000024
 30
0
 11
155.4599999999999795
 21
-69.0799990000000008
 31
0
  0
LINE
  5
DAC
330
1B
100
AcDbEntity
  8
B.Cu
  6
CONTINUOUS
100
AcDbLine
 10
155.4599999999999795
 20
-69.0799990000000008
 30
0
 11
155.4599999999999795
 21
-68.6799989999999951
 31
0
  0
LINE
  5
DAD
330
1B
100
AcDbEntity
  8
B.Cu
  6
CONTINUOUS
100
AcDbLine
 10
155.4599999999999795
 20
-68.6799989999999951
 30
0
 11
155.2100010000000054
 21
-68.6799989999999951
 31
0
  0
LINE
  5
DAE
330
1B
100
AcDbEntity
  8
B.Cu
  6
CONTINUOUS
100
AcDbLine
 10
147.8199999999999932
 20
-69.0799990000000008
 30
0
 11
147.8157219999999938
 21
-69.1452620000000024
 31
0
  0
LINE
  5
DAF
330
1B
100
AcDbEntity
  8
B.Cu
  6
CONTINUOUS
100
AcDbLine
 10
147.8157219999999938
 20
-69.1452620000000024
 30
0
 11
147.7819399999999916
 21
-69.2713409999999925
 31
0
  0
LINE
  5
DB0
330
1B
100
AcDbEntity
  8
B.Cu
  6
CONTINUOUS
100
AcDbLine
 10
147.7819399999999916
 20
-69.2713409999999925
 30
0
 11
147.7166770000000042
 21
-69.3843799999999931
 31
0
  0
LINE
  5
DB1
330
1B
100
AcDbEntity
  8
B.Cu
  6
CONTINUOUS
100
AcDbLine
 10
147.7166770000000042
 20
-69.3843799999999931
 30
0
 11
147.6243809999999996
 21
-69.4766759999999977
 31
0
  0
LINE
  5
DB2
330
1B
100
AcDbEntity
  8
B.Cu
  6
CONTINUOUS
100
AcDbLine
 10
147.6243809999999996
 20
-69.4766759999999977
 30
0
 11
147.5113419999999849
 21
-69.5419389999999993
 31
0
  0
LINE
  5
DB3
330
1B
100
AcDbEntity
  8
B.Cu
  6
CONTINUOUS
100
AcDbLine
 10
147.5113419999999849
 20
-69.5419389999999993
 30
0
 11
147.4699999999999989
 21
-69.5530159999999995
 31
0
  0
LINE
  5
DB4
330
1B
100
AcDbEntity
  8
B.Cu
  6
CONTINUOUS
100
AcDbLine
 10
147.4699999999999989
 20
-69.5530159999999995
 30
0
 11
147.4699999999999989
 21
-69.8148529999999994
 31
0
  0
LINE
  5
DB5
330
1B
100
AcDbEntity
  8
B.Cu
  6
CONTINUOUS
100
AcDbLine
 10
147.4699999999999989
 20
-69.8148529999999994
 30
0
 11
147.5387649999999837
 21
-69.8011769999999956
 31
0
  0
LINE
  5
DB6
330
1B
100
AcDbEntity
  8
B.Cu
  6
CONTINUOUS
100
AcDbLine
 10
147.5387649999999837
 20
-69.8011769999999956
 30
0
 11
147.6752569999999878
 21
-69.7446399999999898
 31
0
  0
LINE
  5
DB7
330
1B
100
AcDbEntity
  8
B.Cu
  6
CONTINUOUS
100
AcDbLine
 10
147.6752569999999878
 20
-69.7446399999999898
 30
0
 11
147.7980929999999944
 21
-69.6625640000000033
 31
0
  0
LINE
  5
DB8
330
1B
100
AcDbEntity
  8
B.Cu
  6
CONTINUOUS
100
AcDbLine
 10
147.7980929999999944
 20
-69.6625640000000033
 30
0
 11
147.9025649999999814
 21
-69.558092000000002
 31
0
  0
LINE
  5
DB9
330
1B
100
AcDbEntity
  8
B.Cu
  6
CONTINUOUS
100
AcDbLine
 10
147.9025649999999814
 20
-69.558092000000002
 30
0
 11
147.9846409999999821
 21
-69.4352559999999954
 31
0
  0
LINE
  5
DBA
330
1B
100
AcDbEntity
  8
B.Cu
  6
CONTINUOUS
100
AcDbLine
 10
147.9846409999999821
 20
-69.4352559999999954
 30
0
 11
148.0411760000000072
 21
-69.298768999999993
 31
0
  0
LINE
  5
DBB
330
1B
100
AcDbEntity
  8
B.Cu
  6
CONTINUOUS
100
AcDbLine
 10
148.0411760000000072
 20
-69.298768999999993
 30
0
 11
148.0411780000000022
 21
-69.2987629999999939
 31
0
  0
LINE
  5
DBC
330
1B
100
AcDbEntity
  8
B.Cu
  6
CONTINUOUS
100
AcDbLine
 10
148.0411780000000022
 20
-69.2987629999999939
 30
0
 11
148.0699989999999957
 21
-69.1538699999999977
 31
0
  0
LINE
  5
DBD
330
1B
100
AcDbEntity
  8
B.Cu
  6
CONTINUOUS
100
AcDbLine
 10
148.0699989999999957
 20
-69.1538699999999977
 30
0
 11
148.0699999999999932
 21
-69.1538659999999936
 31
0
  0
LINE
  5
DBE
330
1B
100
AcDbEntity
  8
B.Cu
  6
CONTINUOUS
100
AcDbLine
 10
148.0699999999999932
 20
-69.1538659999999936
 30
0
 11
148.0699999999999932
 21
-68.6799999999999926
 31
0
  0
LINE
  5
DBF
330
1B
100
AcDbEntity
  8
B.Cu
  6
CONTINUOUS
100
AcDbLine
 10
148.0699999999999932
 20
-68.6799999999999926
 30
0
 11
148.0699989999999957
 21
-68.6799989999999951
 31
0
  0
LINE
  5
DC0
330
1B
100
AcDbEntity
  8
B.Cu
  6
CONTINUOUS
100
AcDbLine
 10
148.0699989999999957
 20
-68.6799989999999951
 30
0
 11
147.8199999999999932
 21
-68.6799989999999951
 31
0
  0
LINE
  5
DC1
330
1B
100
AcDbEntity
  8
B.Cu
  6
CONTINUOUS
100
AcDbLine
 10
147.8199999999999932
 20
-68.6799989999999951
 30
0
 11
147.8199999999999932
 21
-69.0799990000000008
 31
0
  0
LINE
  5
DC2
330
1B
100
AcDbEntity
  8
B.Cu
  6
CONTINUOUS
100
AcDbLine
 10
156.4599999999999795
 20
-69.0799990000000008
 30
0
 11
156.4557219999999802
 21
-69.1452620000000024
 31
0
  0
LINE
  5
DC3
330
1B
100
AcDbEntity
  8
B.Cu
  6
CONTINUOUS
100
AcDbLine
 10
156.4557219999999802
 20
-69.1452620000000024
 30
0
 11
156.4219400000000064
 21
-69.2713409999999925
 31
0
  0
LINE
  5
DC4
330
1B
100
AcDbEntity
  8
B.Cu
  6
CONTINUOUS
100
AcDbLine
 10
156.4219400000000064
 20
-69.2713409999999925
 30
0
 11
156.3566769999999906
 21
-69.3843799999999931
 31
0
  0
LINE
  5
DC5
330
1B
100
AcDbEntity
  8
B.Cu
  6
CONTINUOUS
100
AcDbLine
 10
156.3566769999999906
 20
-69.3843799999999931
 30
0
 11
156.264380999999986
 21
-69.4766759999999977
 31
0
  0
LINE
  5
DC6
330
1B
100
AcDbEntity
  8
B.Cu
  6
CONTINUOUS
100
AcDbLine
 10
156.264380999999986
 20
-69.4766759999999977
 30
0
 11
156.1513419999999996
 21
-69.5419389999999993
 31
0
  0
LINE
  5
DC7
330
1B
100
AcDbEntity
  8
B.Cu
  6
CONTINUOUS
100
AcDbLine
 10
156.1513419999999996
 20
-69.5419389999999993
 30
0
 11
156.1099999999999852
 21
-69.5530159999999995
 31
0
  0
LINE
  5
DC8
330
1B
100
AcDbEntity
  8
B.Cu
  6
CONTINUOUS
100
AcDbLine
 10
156.1099999999999852
 20
-69.5530159999999995
 30
0
 11
156.1099999999999852
 21
-69.8148529999999994
 31
0
  0
LINE
  5
DC9
330
1B
100
AcDbEntity
  8
B.Cu
  6
CONTINUOUS
100
AcDbLine
 10
156.1099999999999852
 20
-69.8148529999999994
 30
0
 11
156.1787649999999985
 21
-69.8011769999999956
 31
0
  0
LINE
  5
DCA
330
1B
100
AcDbEntity
  8
B.Cu
  6
CONTINUOUS
100
AcDbLine
 10
156.1787649999999985
 20
-69.8011769999999956
 30
0
 11
156.3152570000000026
 21
-69.7446399999999898
 31
0
  0
LINE
  5
DCB
330
1B
100
AcDbEntity
  8
B.Cu
  6
CONTINUOUS
100
AcDbLine
 10
156.3152570000000026
 20
-69.7446399999999898
 30
0
 11
156.4380929999999807
 21
-69.6625640000000033
 31
0
  0
LINE
  5
DCC
330
1B
100
AcDbEntity
  8
B.Cu
  6
CONTINUOUS
100
AcDbLine
 10
156.4380929999999807
 20
-69.6625640000000033
 30
0
 11
156.5425649999999962
 21
-69.558092000000002
 31
0
  0
LINE
  5
DCD
330
1B
100
AcDbEntity
  8
B.Cu
  6
CONTINUOUS
100
AcDbLine
 10
156.5425649999999962
 20
-69.558092000000002
 30
0
 11
156.6246409999999969
 21
-69.4352559999999954
 31
0
  0
LINE
  5
DCE
330
1B
100
AcDbEntity
  8
B.Cu
  6
CONTINUOUS
100
AcDbLine
 10
156.6246409999999969
 20
-69.4352559999999954
 30
0
 11
156.6811759999999936
 21
-69.298768999999993
 31
0
  0
LINE
  5
DCF
330
1B
100
AcDbEntity
  8
B.Cu
  6
CONTINUOUS
100
AcDbLine
 10
156.6811759999999936
 20
-69.298768999999993
 30
0
 11
156.6811779999999885
 21
-69.2987629999999939
 31
0
  0
LINE
  5
DD0
330
1B
100
AcDbEntity
  8
B.Cu
  6
CONTINUOUS
100
AcDbLine
 10
156.6811779999999885
 20
-69.2987629999999939
 30
0
 11
156.7099989999999821
 21
-69.1538699999999977
 31
0
  0
LINE
  5
DD1
330
1B
100
AcDbEntity
  8
B.Cu
  6
CONTINUOUS
100
AcDbLine
 10
156.7099989999999821
 20
-69.1538699999999977
 30
0
 11
156.7099999999999795
 21
-69.1538659999999936
 31
0
  0
LINE
  5
DD2
330
1B
100
AcDbEntity
  8
B.Cu
  6
CONTINUOUS
100
AcDbLine
 10
156.7099999999999795
 20
-69.1538659999999936
 30
0
 11
156.7099999999999795
 21
-68.6799999999999926
 31
0
  0
LINE
  5
DD3
330
1B
100
AcDbEntity
  8
B.Cu
  6
CONTINUOUS
100
AcDbLine
 10
156.7099999999999795
 20
-68.6799999999999926
 30
0
 11
156.7099989999999821
 21
-68.6799989999999951
 31
0
  0
LINE
  5
DD4
330
1B
100
AcDbEntity
  8
B.Cu
  6
CONTINUOUS
100
AcDbLine
 10
156.7099989999999821
 20
-68.6799989999999951
 30
0
 11
156.4599999999999795
 21
-68.6799989999999951
 31
0
  0
LINE
  5
DD5
330
1B
100
AcDbEntity
  8
B.Cu
  6
CONTINUOUS
100
AcDbLine
 10
156.4599999999999795
 20
-68.6799989999999951
 30
0
 11
156.4599999999999795
 21
-69.0799990000000008
 31
0
  0
LINE
  5
DD6
330
1B
100
AcDbEntity
  8
B.Cu
  6
CONTINUOUS
100
AcDbLine
 10
148.0699999999999932
 20
-67.906131000000002
 30
0
 11
148.0699989999999957
 21
-67.9061269999999979
 31
0
  0
LINE
  5
DD7
330
1B
100
AcDbEntity
  8
B.Cu
  6
CONTINUOUS
100
AcDbLine
 10
148.0699989999999957
 20
-67.9061269999999979
 30
0
 11
148.0411780000000022
 21
-67.7612340000000017
 31
0
  0
LINE
  5
DD8
330
1B
100
AcDbEntity
  8
B.Cu
  6
CONTINUOUS
100
AcDbLine
 10
148.0411780000000022
 20
-67.7612340000000017
 30
0
 11
148.0411760000000072
 21
-67.7612280000000027
 31
0
  0
LINE
  5
DD9
330
1B
100
AcDbEntity
  8
B.Cu
  6
CONTINUOUS
100
AcDbLine
 10
148.0411760000000072
 20
-67.7612280000000027
 30
0
 11
147.9846409999999821
 21
-67.6247410000000002
 31
0
  0
LINE
  5
DDA
330
1B
100
AcDbEntity
  8
B.Cu
  6
CONTINUOUS
100
AcDbLine
 10
147.9846409999999821
 20
-67.6247410000000002
 30
0
 11
147.9025649999999814
 21
-67.5019049999999936
 31
0
  0
LINE
  5
DDB
330
1B
100
AcDbEntity
  8
B.Cu
  6
CONTINUOUS
100
AcDbLine
 10
147.9025649999999814
 20
-67.5019049999999936
 30
0
 11
147.7980929999999944
 21
-67.3974329999999924
 31
0
  0
LINE
  5
DDC
330
1B
100
AcDbEntity
  8
B.Cu
  6
CONTINUOUS
100
AcDbLine
 10
147.7980929999999944
 20
-67.3974329999999924
 30
0
 11
147.6752569999999878
 21
-67.3153569999999917
 31
0
  0
LINE
  5
DDD
330
1B
100
AcDbEntity
  8
B.Cu
  6
CONTINUOUS
100
AcDbLine
 10
147.6752569999999878
 20
-67.3153569999999917
 30
0
 11
147.5387670000000071
 21
-67.2588209999999975
 31
0
  0
LINE
  5
DDE
330
1B
100
AcDbEntity
  8
B.Cu
  6
CONTINUOUS
100
AcDbLine
 10
147.5387670000000071
 20
-67.2588209999999975
 30
0
 11
147.4699999999999989
 21
-67.2451420000000013
 31
0
  0
LINE
  5
DDF
330
1B
100
AcDbEntity
  8
B.Cu
  6
CONTINUOUS
100
AcDbLine
 10
147.4699999999999989
 20
-67.2451420000000013
 30
0
 11
147.4699999999999989
 21
-67.5069809999999961
 31
0
  0
LINE
  5
DE0
330
1B
100
AcDbEntity
  8
B.Cu
  6
CONTINUOUS
100
AcDbLine
 10
147.4699999999999989
 20
-67.5069809999999961
 30
0
 11
147.5113419999999849
 21
-67.5180589999999938
 31
0
  0
LINE
  5
DE1
330
1B
100
AcDbEntity
  8
B.Cu
  6
CONTINUOUS
100
AcDbLine
 10
147.5113419999999849
 20
-67.5180589999999938
 30
0
 11
147.6243809999999996
 21
-67.5833219999999955
 31
0
  0
LINE
  5
DE2
330
1B
100
AcDbEntity
  8
B.Cu
  6
CONTINUOUS
100
AcDbLine
 10
147.6243809999999996
 20
-67.5833219999999955
 30
0
 11
147.7166770000000042
 21
-67.6756180000000001
 31
0
  0
LINE
  5
DE3
330
1B
100
AcDbEntity
  8
B.Cu
  6
CONTINUOUS
100
AcDbLine
 10
147.7166770000000042
 20
-67.6756180000000001
 30
0
 11
147.7819399999999916
 21
-67.7886570000000006
 31
0
  0
LINE
  5
DE4
330
1B
100
AcDbEntity
  8
B.Cu
  6
CONTINUOUS
100
AcDbLine
 10
147.7819399999999916
 20
-67.7886570000000006
 30
0
 11
147.8157219999999938
 21
-67.9147359999999907
 31
0
  0
LINE
  5
DE5
330
1B
100
AcDbEntity
  8
B.Cu
  6
CONTINUOUS
100
AcDbLine
 10
147.8157219999999938
 20
-67.9147359999999907
 30
0
 11
147.8187209999999823
 21
-67.960487999999998
 31
0
  0
LINE
  5
DE6
330
1B
100
AcDbEntity
  8
B.Cu
  6
CONTINUOUS
100
AcDbLine
 10
147.8187209999999823
 20
-67.960487999999998
 30
0
 11
147.8648049999999898
 21
-67.9728360000000009
 31
0
  0
LINE
  5
DE7
330
1B
100
AcDbEntity
  8
B.Cu
  6
CONTINUOUS
100
AcDbLine
 10
147.8648049999999898
 20
-67.9728360000000009
 30
0
 11
147.932627999999994
 21
-68.0119940000000014
 31
0
  0
LINE
  5
DE8
330
1B
100
AcDbEntity
  8
B.Cu
  6
CONTINUOUS
100
AcDbLine
 10
147.932627999999994
 20
-68.0119940000000014
 30
0
 11
147.9880059999999844
 21
-68.0673719999999918
 31
0
  0
LINE
  5
DE9
330
1B
100
AcDbEntity
  8
B.Cu
  6
CONTINUOUS
100
AcDbLine
 10
147.9880059999999844
 20
-68.0673719999999918
 30
0
 11
148.0271639999999991
 21
-68.135194999999996
 31
0
  0
LINE
  5
DEA
330
1B
100
AcDbEntity
  8
B.Cu
  6
CONTINUOUS
100
AcDbLine
 10
148.0271639999999991
 20
-68.135194999999996
 30
0
 11
148.0474329999999838
 21
-68.2108419999999995
 31
0
  0
LINE
  5
DEB
330
1B
100
AcDbEntity
  8
B.Cu
  6
CONTINUOUS
100
AcDbLine
 10
148.0474329999999838
 20
-68.2108419999999995
 30
0
 11
148.0474329999999838
 21
-68.2891580000000005
 31
0
  0
LINE
  5
DEC
330
1B
100
AcDbEntity
  8
B.Cu
  6
CONTINUOUS
100
AcDbLine
 10
148.0474329999999838
 20
-68.2891580000000005
 30
0
 11
148.0271639999999991
 21
-68.3648049999999898
 31
0
  0
LINE
  5
DED
330
1B
100
AcDbEntity
  8
B.Cu
  6
CONTINUOUS
100
AcDbLine
 10
148.0271639999999991
 20
-68.3648049999999898
 30
0
 11
148.0183920000000057
 21
-68.379998999999998
 31
0
  0
LINE
  5
DEE
330
1B
100
AcDbEntity
  8
B.Cu
  6
CONTINUOUS
100
AcDbLine
 10
148.0183920000000057
 20
-68.379998999999998
 30
0
 11
148.0699989999999957
 21
-68.379998999999998
 31
0
  0
LINE
  5
DEF
330
1B
100
AcDbEntity
  8
B.Cu
  6
CONTINUOUS
100
AcDbLine
 10
148.0699989999999957
 20
-68.379998999999998
 30
0
 11
148.0699999999999932
 21
-68.3799980000000005
 31
0
  0
LINE
  5
DF0
330
1B
100
AcDbEntity
  8
B.Cu
  6
CONTINUOUS
100
AcDbLine
 10
148.0699999999999932
 20
-68.3799980000000005
 30
0
 11
148.0699999999999932
 21
-67.9373980000000017
 31
0
  0
LINE
  5
DF1
330
1B
100
AcDbEntity
  8
B.Cu
  6
CONTINUOUS
100
AcDbLine
 10
148.0699999999999932
 20
-67.9373980000000017
 30
0
 11
148.0699999999999932
 21
-67.906131000000002
 31
0
  0
LINE
  5
DF2
330
1B
100
AcDbEntity
  8
B.Cu
  6
CONTINUOUS
100
AcDbLine
 10
156.1099999999999852
 20
-67.5069809999999961
 30
0
 11
156.1513419999999996
 21
-67.5180589999999938
 31
0
  0
LINE
  5
DF3
330
1B
100
AcDbEntity
  8
B.Cu
  6
CONTINUOUS
100
AcDbLine
 10
156.1513419999999996
 20
-67.5180589999999938
 30
0
 11
156.264380999999986
 21
-67.5833219999999955
 31
0
  0
LINE
  5
DF4
330
1B
100
AcDbEntity
  8
B.Cu
  6
CONTINUOUS
100
AcDbLine
 10
156.264380999999986
 20
-67.5833219999999955
 30
0
 11
156.3566769999999906
 21
-67.6756180000000001
 31
0
  0
LINE
  5
DF5
330
1B
100
AcDbEntity
  8
B.Cu
  6
CONTINUOUS
100
AcDbLine
 10
156.3566769999999906
 20
-67.6756180000000001
 30
0
 11
156.4219400000000064
 21
-67.7886570000000006
 31
0
  0
LINE
  5
DF6
330
1B
100
AcDbEntity
  8
B.Cu
  6
CONTINUOUS
100
AcDbLine
 10
156.4219400000000064
 20
-67.7886570000000006
 30
0
 11
156.4557219999999802
 21
-67.9147359999999907
 31
0
  0
LINE
  5
DF7
330
1B
100
AcDbEntity
  8
B.Cu
  6
CONTINUOUS
100
AcDbLine
 10
156.4557219999999802
 20
-67.9147359999999907
 30
0
 11
156.4599999999999795
 21
-67.9799989999999923
 31
0
  0
LINE
  5
DF8
330
1B
100
AcDbEntity
  8
B.Cu
  6
CONTINUOUS
100
AcDbLine
 10
156.4599999999999795
 20
-67.9799989999999923
 30
0
 11
156.4599999999999795
 21
-68.379998999999998
 31
0
  0
LINE
  5
DF9
330
1B
100
AcDbEntity
  8
B.Cu
  6
CONTINUOUS
100
AcDbLine
 10
156.4599999999999795
 20
-68.379998999999998
 30
0
 11
156.7099989999999821
 21
-68.379998999999998
 31
0
  0
LINE
  5
DFA
330
1B
100
AcDbEntity
  8
B.Cu
  6
CONTINUOUS
100
AcDbLine
 10
156.7099989999999821
 20
-68.379998999999998
 30
0
 11
156.7099999999999795
 21
-68.3799980000000005
 31
0
  0
LINE
  5
DFB
330
1B
100
AcDbEntity
  8
B.Cu
  6
CONTINUOUS
100
AcDbLine
 10
156.7099999999999795
 20
-68.3799980000000005
 30
0
 11
156.7099999999999795
 21
-68.1841079999999948
 31
0
  0
LINE
  5
DFC
330
1B
100
AcDbEntity
  8
B.Cu
  6
CONTINUOUS
100
AcDbLine
 10
156.7099999999999795
 20
-68.1841079999999948
 30
0
 11
156.7099999999999795
 21
-67.906131000000002
 31
0
  0
LINE
  5
DFD
330
1B
100
AcDbEntity
  8
B.Cu
  6
CONTINUOUS
100
AcDbLine
 10
156.7099999999999795
 20
-67.906131000000002
 30
0
 11
156.7099989999999821
 21
-67.9061269999999979
 31
0
  0
LINE
  5
DFE
330
1B
100
AcDbEntity
  8
B.Cu
  6
CONTINUOUS
100
AcDbLine
 10
156.7099989999999821
 20
-67.9061269999999979
 30
0
 11
156.6811779999999885
 21
-67.7612340000000017
 31
0
  0
LINE
  5
DFF
330
1B
100
AcDbEntity
  8
B.Cu
  6
CONTINUOUS
100
AcDbLine
 10
156.6811779999999885
 20
-67.7612340000000017
 30
0
 11
156.6811759999999936
 21
-67.7612280000000027
 31
0
  0
LINE
  5
E00
330
1B
100
AcDbEntity
  8
B.Cu
  6
CONTINUOUS
100
AcDbLine
 10
156.6811759999999936
 20
-67.7612280000000027
 30
0
 11
156.6246409999999969
 21
-67.6247410000000002
 31
0
  0
LINE
  5
E01
330
1B
100
AcDbEntity
  8
B.Cu
  6
CONTINUOUS
100
AcDbLine
 10
156.6246409999999969
 20
-67.6247410000000002
 30
0
 11
156.5425649999999962
 21
-67.5019049999999936
 31
0
  0
LINE
  5
E02
330
1B
100
AcDbEntity
  8
B.Cu
  6
CONTINUOUS
100
AcDbLine
 10
156.5425649999999962
 20
-67.5019049999999936
 30
0
 11
156.4380929999999807
 21
-67.3974329999999924
 31
0
  0
LINE
  5
E03
330
1B
100
AcDbEntity
  8
B.Cu
  6
CONTINUOUS
100
AcDbLine
 10
156.4380929999999807
 20
-67.3974329999999924
 30
0
 11
156.3152570000000026
 21
-67.3153569999999917
 31
0
  0
LINE
  5
E04
330
1B
100
AcDbEntity
  8
B.Cu
  6
CONTINUOUS
100
AcDbLine
 10
156.3152570000000026
 20
-67.3153569999999917
 30
0
 11
156.1787669999999935
 21
-67.2588209999999975
 31
0
  0
LINE
  5
E05
330
1B
100
AcDbEntity
  8
B.Cu
  6
CONTINUOUS
100
AcDbLine
 10
156.1787669999999935
 20
-67.2588209999999975
 30
0
 11
156.1099999999999852
 21
-67.2451420000000013
 31
0
  0
LINE
  5
E06
330
1B
100
AcDbEntity
  8
B.Cu
  6
CONTINUOUS
100
AcDbLine
 10
156.1099999999999852
 20
-67.2451420000000013
 30
0
 11
156.1099999999999852
 21
-67.5069809999999961
 31
0
  0
LINE
  5
E07
330
1B
100
AcDbEntity
  8
B.Cu
  6
CONTINUOUS
100
AcDbLine
 10
148.2744999999999891
 20
-68.0626000000000033
 30
0
 11
148.3069050000000004
 21
-68.183534999999992
 31
0
  0
LINE
  5
E08
330
1B
100
AcDbEntity
  8
B.Cu
  6
CONTINUOUS
100
AcDbLine
 10
148.3069050000000004
 20
-68.183534999999992
 30
0
 11
148.3695050000000037
 21
-68.2919629999999955
 31
0
  0
LINE
  5
E09
330
1B
100
AcDbEntity
  8
B.Cu
  6
CONTINUOUS
100
AcDbLine
 10
148.3695050000000037
 20
-68.2919629999999955
 30
0
 11
148.4580359999999928
 21
-68.3804939999999988
 31
0
  0
LINE
  5
E0A
330
1B
100
AcDbEntity
  8
B.Cu
  6
CONTINUOUS
100
AcDbLine
 10
148.4580359999999928
 20
-68.3804939999999988
 30
0
 11
148.5664639999999963
 21
-68.4430940000000021
 31
0
  0
LINE
  5
E0B
330
1B
100
AcDbEntity
  8
B.Cu
  6
CONTINUOUS
100
AcDbLine
 10
148.5664639999999963
 20
-68.4430940000000021
 30
0
 11
148.6873989999999992
 21
-68.4754989999999992
 31
0
  0
LINE
  5
E0C
330
1B
100
AcDbEntity
  8
B.Cu
  6
CONTINUOUS
100
AcDbLine
 10
148.6873989999999992
 20
-68.4754989999999992
 30
0
 11
148.6874009999999942
 21
-68.4754989999999992
 31
0
  0
LINE
  5
E0D
330
1B
100
AcDbEntity
  8
B.Cu
  6
CONTINUOUS
100
AcDbLine
 10
148.6874009999999942
 20
-68.4754989999999992
 30
0
 11
148.8125990000000058
 21
-68.4754989999999992
 31
0
  0
LINE
  5
E0E
330
1B
100
AcDbEntity
  8
B.Cu
  6
CONTINUOUS
100
AcDbLine
 10
148.8125990000000058
 20
-68.4754989999999992
 30
0
 11
148.8126010000000008
 21
-68.4754989999999992
 31
0
  0
LINE
  5
E0F
330
1B
100
AcDbEntity
  8
B.Cu
  6
CONTINUOUS
100
AcDbLine
 10
148.8126010000000008
 20
-68.4754989999999992
 30
0
 11
148.9335360000000037
 21
-68.4430940000000021
 31
0
  0
LINE
  5
E10
330
1B
100
AcDbEntity
  8
B.Cu
  6
CONTINUOUS
100
AcDbLine
 10
148.9335360000000037
 20
-68.4430940000000021
 30
0
 11
149.0419640000000072
 21
-68.3804939999999988
 31
0
  0
LINE
  5
E11
330
1B
100
AcDbEntity
  8
B.Cu
  6
CONTINUOUS
100
AcDbLine
 10
149.0419640000000072
 20
-68.3804939999999988
 30
0
 11
149.0980459999999823
 21
-68.3244109999999978
 31
0
  0
LINE
  5
E12
330
1B
100
AcDbEntity
  8
B.Cu
  6
CONTINUOUS
100
AcDbLine
 10
149.0980459999999823
 20
-68.3244109999999978
 30
0
 11
149.152559999999994
 21
-68.2966349999999949
 31
0
  0
LINE
  5
E13
330
1B
100
AcDbEntity
  8
B.Cu
  6
CONTINUOUS
100
AcDbLine
 10
149.152559999999994
 20
-68.2966349999999949
 30
0
 11
149.2129919999999856
 21
-68.3062060000000031
 31
0
  0
LINE
  5
E14
330
1B
100
AcDbEntity
  8
B.Cu
  6
CONTINUOUS
100
AcDbLine
 10
149.2129919999999856
 20
-68.3062060000000031
 30
0
 11
149.2562570000000051
 21
-68.3494699999999966
 31
0
  0
LINE
  5
E15
330
1B
100
AcDbEntity
  8
B.Cu
  6
CONTINUOUS
100
AcDbLine
 10
149.2562570000000051
 20
-68.3494699999999966
 30
0
 11
149.2636729999999829
 21
-68.3687889999999925
 31
0
  0
LINE
  5
E16
330
1B
100
AcDbEntity
  8
B.Cu
  6
CONTINUOUS
100
AcDbLine
 10
149.2636729999999829
 20
-68.3687889999999925
 30
0
 11
149.266808999999995
 21
-68.3804909999999921
 31
0
  0
LINE
  5
E17
330
1B
100
AcDbEntity
  8
B.Cu
  6
CONTINUOUS
100
AcDbLine
 10
149.266808999999995
 20
-68.3804909999999921
 30
0
 11
149.2836089999999842
 21
-68.4431900000000013
 31
0
  0
LINE
  5
E18
330
1B
100
AcDbEntity
  8
B.Cu
  6
CONTINUOUS
100
AcDbLine
 10
149.2836089999999842
 20
-68.4431900000000013
 30
0
 11
149.3494959999999878
 21
-68.5573090000000036
 31
0
  0
LINE
  5
E19
330
1B
100
AcDbEntity
  8
B.Cu
  6
CONTINUOUS
100
AcDbLine
 10
149.3494959999999878
 20
-68.5573090000000036
 30
0
 11
149.3494979999999828
 21
-68.5573109999999986
 31
0
  0
LINE
  5
E1A
330
1B
100
AcDbEntity
  8
B.Cu
  6
CONTINUOUS
100
AcDbLine
 10
149.3494979999999828
 20
-68.5573109999999986
 30
0
 11
149.3495000000000061
 21
-68.557313999999991
 31
0
  0
LINE
  5
E1B
330
1B
100
AcDbEntity
  8
B.Cu
  6
CONTINUOUS
100
AcDbLine
 10
149.3495000000000061
 20
-68.557313999999991
 30
0
 11
149.4426859999999806
 21
-68.6504999999999939
 31
0
  0
LINE
  5
E1C
330
1B
100
AcDbEntity
  8
B.Cu
  6
CONTINUOUS
100
AcDbLine
 10
149.4426859999999806
 20
-68.6504999999999939
 30
0
 11
149.442688000000004
 21
-68.6505009999999913
 31
0
  0
LINE
  5
E1D
330
1B
100
AcDbEntity
  8
B.Cu
  6
CONTINUOUS
100
AcDbLine
 10
149.442688000000004
 20
-68.6505009999999913
 30
0
 11
149.4426899999999989
 21
-68.6505030000000005
 31
0
  0
LINE
  5
E1E
330
1B
100
AcDbEntity
  8
B.Cu
  6
CONTINUOUS
100
AcDbLine
 10
149.4426899999999989
 20
-68.6505030000000005
 30
0
 11
149.5568099999999845
 21
-68.7163899999999899
 31
0
  0
LINE
  5
E1F
330
1B
100
AcDbEntity
  8
B.Cu
  6
CONTINUOUS
100
AcDbLine
 10
149.5568099999999845
 20
-68.7163899999999899
 30
0
 11
149.5568079999999895
 21
-68.7163899999999899
 31
0
  0
LINE
  5
E20
330
1B
100
AcDbEntity
  8
B.Cu
  6
CONTINUOUS
100
AcDbLine
 10
149.5568079999999895
 20
-68.7163899999999899
 30
0
 11
149.5568119999999794
 21
-68.7163910000000016
 31
0
  0
LINE
  5
E21
330
1B
100
AcDbEntity
  8
B.Cu
  6
CONTINUOUS
100
AcDbLine
 10
149.5568119999999794
 20
-68.7163910000000016
 30
0
 11
149.5568140000000028
 21
-68.716391999999999
 31
0
  0
LINE
  5
E22
330
1B
100
AcDbEntity
  8
B.Cu
  6
CONTINUOUS
100
AcDbLine
 10
149.5568140000000028
 20
-68.716391999999999
 30
0
 11
149.6841079999999806
 21
-68.7505000000000024
 31
0
  0
LINE
  5
E23
330
1B
100
AcDbEntity
  8
B.Cu
  6
CONTINUOUS
100
AcDbLine
 10
149.6841079999999806
 20
-68.7505000000000024
 30
0
 11
149.684110000000004
 21
-68.7505000000000024
 31
0
  0
LINE
  5
E24
330
1B
100
AcDbEntity
  8
B.Cu
  6
CONTINUOUS
100
AcDbLine
 10
149.684110000000004
 20
-68.7505000000000024
 30
0
 11
149.815889999999996
 21
-68.7505000000000024
 31
0
  0
LINE
  5
E25
330
1B
100
AcDbEntity
  8
B.Cu
  6
CONTINUOUS
100
AcDbLine
 10
149.815889999999996
 20
-68.7505000000000024
 30
0
 11
149.815891999999991
 21
-68.7505000000000024
 31
0
  0
LINE
  5
E26
330
1B
100
AcDbEntity
  8
B.Cu
  6
CONTINUOUS
100
AcDbLine
 10
149.815891999999991
 20
-68.7505000000000024
 30
0
 11
149.9431859999999972
 21
-68.716391999999999
 31
0
  0
LINE
  5
E27
330
1B
100
AcDbEntity
  8
B.Cu
  6
CONTINUOUS
100
AcDbLine
 10
149.9431859999999972
 20
-68.716391999999999
 30
0
 11
149.9431879999999921
 21
-68.7163899999999899
 31
0
  0
LINE
  5
E28
330
1B
100
AcDbEntity
  8
B.Cu
  6
CONTINUOUS
100
AcDbLine
 10
149.9431879999999921
 20
-68.7163899999999899
 30
0
 11
149.9431899999999871
 21
-68.7163899999999899
 31
0
  0
LINE
  5
E29
330
1B
100
AcDbEntity
  8
B.Cu
  6
CONTINUOUS
100
AcDbLine
 10
149.9431899999999871
 20
-68.7163899999999899
 30
0
 11
150.0573090000000036
 21
-68.6505030000000005
 31
0
  0
LINE
  5
E2A
330
1B
100
AcDbEntity
  8
B.Cu
  6
CONTINUOUS
100
AcDbLine
 10
150.0573090000000036
 20
-68.6505030000000005
 30
0
 11
150.0573090000000036
 21
-68.650502000000003
 31
0
  0
LINE
  5
E2B
330
1B
100
AcDbEntity
  8
B.Cu
  6
CONTINUOUS
100
AcDbLine
 10
150.0573090000000036
 20
-68.650502000000003
 30
0
 11
150.057313999999991
 21
-68.6504999999999939
 31
0
  0
LINE
  5
E2C
330
1B
100
AcDbEntity
  8
B.Cu
  6
CONTINUOUS
100
AcDbLine
 10
150.057313999999991
 20
-68.6504999999999939
 30
0
 11
150.1504999999999939
 21
-68.557313999999991
 31
0
  0
LINE
  5
E2D
330
1B
100
AcDbEntity
  8
B.Cu
  6
CONTINUOUS
100
AcDbLine
 10
150.1504999999999939
 20
-68.557313999999991
 30
0
 11
150.2163919999999848
 21
-68.4431859999999972
 31
0
  0
LINE
  5
E2E
330
1B
100
AcDbEntity
  8
B.Cu
  6
CONTINUOUS
100
AcDbLine
 10
150.2163919999999848
 20
-68.4431859999999972
 30
0
 11
150.2504999999999882
 21
-68.315891999999991
 31
0
  0
LINE
  5
E2F
330
1B
100
AcDbEntity
  8
B.Cu
  6
CONTINUOUS
100
AcDbLine
 10
150.2504999999999882
 20
-68.315891999999991
 30
0
 11
150.2504999999999882
 21
-68.1841079999999948
 31
0
  0
LINE
  5
E30
330
1B
100
AcDbEntity
  8
B.Cu
  6
CONTINUOUS
100
AcDbLine
 10
150.2504999999999882
 20
-68.1841079999999948
 30
0
 11
150.2163919999999848
 21
-68.0568140000000028
 31
0
  0
LINE
  5
E31
330
1B
100
AcDbEntity
  8
B.Cu
  6
CONTINUOUS
100
AcDbLine
 10
150.2163919999999848
 20
-68.0568140000000028
 30
0
 11
150.2163899999999899
 21
-68.0568109999999962
 31
0
  0
LINE
  5
E32
330
1B
100
AcDbEntity
  8
B.Cu
  6
CONTINUOUS
100
AcDbLine
 10
150.2163899999999899
 20
-68.0568109999999962
 30
0
 11
150.2163899999999899
 21
-68.0568090000000012
 31
0
  0
LINE
  5
E33
330
1B
100
AcDbEntity
  8
B.Cu
  6
CONTINUOUS
100
AcDbLine
 10
150.2163899999999899
 20
-68.0568090000000012
 30
0
 11
150.1505029999999863
 21
-67.9426899999999989
 31
0
  0
LINE
  5
E34
330
1B
100
AcDbEntity
  8
B.Cu
  6
CONTINUOUS
100
AcDbLine
 10
150.1505029999999863
 20
-67.9426899999999989
 30
0
 11
150.1505009999999913
 21
-67.942688000000004
 31
0
  0
LINE
  5
E35
330
1B
100
AcDbEntity
  8
B.Cu
  6
CONTINUOUS
100
AcDbLine
 10
150.1505009999999913
 20
-67.942688000000004
 30
0
 11
150.1504999999999939
 21
-67.9426859999999948
 31
0
  0
LINE
  5
E36
330
1B
100
AcDbEntity
  8
B.Cu
  6
CONTINUOUS
100
AcDbLine
 10
150.1504999999999939
 20
-67.9426859999999948
 30
0
 11
150.057313999999991
 21
-67.8494999999999919
 31
0
  0
LINE
  5
E37
330
1B
100
AcDbEntity
  8
B.Cu
  6
CONTINUOUS
100
AcDbLine
 10
150.057313999999991
 20
-67.8494999999999919
 30
0
 11
150.0573109999999986
 21
-67.849497999999997
 31
0
  0
LINE
  5
E38
330
1B
100
AcDbEntity
  8
B.Cu
  6
CONTINUOUS
100
AcDbLine
 10
150.0573109999999986
 20
-67.849497999999997
 30
0
 11
150.0573090000000036
 21
-67.849496000000002
 31
0
  0
LINE
  5
E39
330
1B
100
AcDbEntity
  8
B.Cu
  6
CONTINUOUS
100
AcDbLine
 10
150.0573090000000036
 20
-67.849496000000002
 30
0
 11
149.9431889999999896
 21
-67.7836089999999984
 31
0
  0
LINE
  5
E3A
330
1B
100
AcDbEntity
  8
B.Cu
  6
CONTINUOUS
100
AcDbLine
 10
149.9431889999999896
 20
-67.7836089999999984
 30
0
 11
149.9431909999999846
 21
-67.7836089999999984
 31
0
  0
LINE
  5
E3B
330
1B
100
AcDbEntity
  8
B.Cu
  6
CONTINUOUS
100
AcDbLine
 10
149.9431909999999846
 20
-67.7836089999999984
 30
0
 11
149.8937990000000013
 21
-67.7703750000000014
 31
0
  0
LINE
  5
E3C
330
1B
100
AcDbEntity
  8
B.Cu
  6
CONTINUOUS
100
AcDbLine
 10
149.8937990000000013
 20
-67.7703750000000014
 30
0
 11
149.815891999999991
 21
-67.7494999999999976
 31
0
  0
LINE
  5
E3D
330
1B
100
AcDbEntity
  8
B.Cu
  6
CONTINUOUS
100
AcDbLine
 10
149.815891999999991
 20
-67.7494999999999976
 30
0
 11
149.6841079999999806
 21
-67.7494999999999976
 31
0
  0
LINE
  5
E3E
330
1B
100
AcDbEntity
  8
B.Cu
  6
CONTINUOUS
100
AcDbLine
 10
149.6841079999999806
 20
-67.7494999999999976
 30
0
 11
149.6062000000000012
 21
-67.7703750000000014
 31
0
  0
LINE
  5
E3F
330
1B
100
AcDbEntity
  8
B.Cu
  6
CONTINUOUS
100
AcDbLine
 10
149.6062000000000012
 20
-67.7703750000000014
 30
0
 11
149.556808999999987
 21
-67.7836089999999984
 31
0
  0
LINE
  5
E40
330
1B
100
AcDbEntity
  8
B.Cu
  6
CONTINUOUS
100
AcDbLine
 10
149.556808999999987
 20
-67.7836089999999984
 30
0
 11
149.4426899999999989
 21
-67.849496000000002
 31
0
  0
LINE
  5
E41
330
1B
100
AcDbEntity
  8
B.Cu
  6
CONTINUOUS
100
AcDbLine
 10
149.4426899999999989
 20
-67.849496000000002
 30
0
 11
149.4426849999999831
 21
-67.8494999999999919
 31
0
  0
LINE
  5
E42
330
1B
100
AcDbEntity
  8
B.Cu
  6
CONTINUOUS
100
AcDbLine
 10
149.4426849999999831
 20
-67.8494999999999919
 30
0
 11
149.374069999999989
 21
-67.9181150000000002
 31
0
  0
LINE
  5
E43
330
1B
100
AcDbEntity
  8
B.Cu
  6
CONTINUOUS
100
AcDbLine
 10
149.374069999999989
 20
-67.9181150000000002
 30
0
 11
149.3195529999999849
 21
-67.9458920000000006
 31
0
  0
LINE
  5
E44
330
1B
100
AcDbEntity
  8
B.Cu
  6
CONTINUOUS
100
AcDbLine
 10
149.3195529999999849
 20
-67.9458920000000006
 30
0
 11
149.2591209999999933
 21
-67.9363199999999949
 31
0
  0
LINE
  5
E45
330
1B
100
AcDbEntity
  8
B.Cu
  6
CONTINUOUS
100
AcDbLine
 10
149.2591209999999933
 20
-67.9363199999999949
 30
0
 11
149.2158569999999997
 21
-67.8930550000000039
 31
0
  0
LINE
  5
E46
330
1B
100
AcDbEntity
  8
B.Cu
  6
CONTINUOUS
100
AcDbLine
 10
149.2158569999999997
 20
-67.8930550000000039
 30
0
 11
149.2084429999999884
 21
-67.8737419999999929
 31
0
  0
LINE
  5
E47
330
1B
100
AcDbEntity
  8
B.Cu
  6
CONTINUOUS
100
AcDbLine
 10
149.2084429999999884
 20
-67.8737419999999929
 30
0
 11
149.1930949999999996
 21
-67.8164629999999988
 31
0
  0
LINE
  5
E48
330
1B
100
AcDbEntity
  8
B.Cu
  6
CONTINUOUS
100
AcDbLine
 10
149.1930949999999996
 20
-67.8164629999999988
 30
0
 11
149.1304949999999963
 21
-67.7080349999999953
 31
0
  0
LINE
  5
E49
330
1B
100
AcDbEntity
  8
B.Cu
  6
CONTINUOUS
100
AcDbLine
 10
149.1304949999999963
 20
-67.7080349999999953
 30
0
 11
149.0419640000000072
 21
-67.6195039999999921
 31
0
  0
LINE
  5
E4A
330
1B
100
AcDbEntity
  8
B.Cu
  6
CONTINUOUS
100
AcDbLine
 10
149.0419640000000072
 20
-67.6195039999999921
 30
0
 11
148.9335360000000037
 21
-67.556904000000003
 31
0
  0
LINE
  5
E4B
330
1B
100
AcDbEntity
  8
B.Cu
  6
CONTINUOUS
100
AcDbLine
 10
148.9335360000000037
 20
-67.556904000000003
 30
0
 11
148.8126010000000008
 21
-67.5244989999999916
 31
0
  0
LINE
  5
E4C
330
1B
100
AcDbEntity
  8
B.Cu
  6
CONTINUOUS
100
AcDbLine
 10
148.8126010000000008
 20
-67.5244989999999916
 30
0
 11
148.6873989999999992
 21
-67.5244989999999916
 31
0
  0
LINE
  5
E4D
330
1B
100
AcDbEntity
  8
B.Cu
  6
CONTINUOUS
100
AcDbLine
 10
148.6873989999999992
 20
-67.5244989999999916
 30
0
 11
148.606774999999999
 21
-67.5461019999999905
 31
0
  0
LINE
  5
E4E
330
1B
100
AcDbEntity
  8
B.Cu
  6
CONTINUOUS
100
AcDbLine
 10
148.606774999999999
 20
-67.5461019999999905
 30
0
 11
148.5664629999999988
 21
-67.556904000000003
 31
0
  0
LINE
  5
E4F
330
1B
100
AcDbEntity
  8
B.Cu
  6
CONTINUOUS
100
AcDbLine
 10
148.5664629999999988
 20
-67.556904000000003
 30
0
 11
148.4580359999999928
 21
-67.6195039999999921
 31
0
  0
LINE
  5
E50
330
1B
100
AcDbEntity
  8
B.Cu
  6
CONTINUOUS
100
AcDbLine
 10
148.4580359999999928
 20
-67.6195039999999921
 30
0
 11
148.3695050000000037
 21
-67.7080349999999953
 31
0
  0
LINE
  5
E51
330
1B
100
AcDbEntity
  8
B.Cu
  6
CONTINUOUS
100
AcDbLine
 10
148.3695050000000037
 20
-67.7080349999999953
 30
0
 11
148.3069050000000004
 21
-67.8164620000000014
 31
0
  0
LINE
  5
E52
330
1B
100
AcDbEntity
  8
B.Cu
  6
CONTINUOUS
100
AcDbLine
 10
148.3069050000000004
 20
-67.8164620000000014
 30
0
 11
148.3069050000000004
 21
-67.8164629999999988
 31
0
  0
LINE
  5
E53
330
1B
100
AcDbEntity
  8
B.Cu
  6
CONTINUOUS
100
AcDbLine
 10
148.3069050000000004
 20
-67.8164629999999988
 30
0
 11
148.2744999999999891
 21
-67.9373980000000017
 31
0
  0
LINE
  5
E54
330
1B
100
AcDbEntity
  8
B.Cu
  6
CONTINUOUS
100
AcDbLine
 10
148.2744999999999891
 20
-67.9373980000000017
 30
0
 11
148.2744999999999891
 21
-68.0626000000000033
 31
0
  0
LINE
  5
E55
330
1B
100
AcDbEntity
  8
B.Cu
  6
CONTINUOUS
100
AcDbLine
 10
151.2494999999999834
 20
-68.315891999999991
 30
0
 11
151.2584970000000055
 21
-68.3494699999999966
 31
0
  0
LINE
  5
E56
330
1B
100
AcDbEntity
  8
B.Cu
  6
CONTINUOUS
100
AcDbLine
 10
151.2584970000000055
 20
-68.3494699999999966
 30
0
 11
151.2836089999999842
 21
-68.4431900000000013
 31
0
  0
LINE
  5
E57
330
1B
100
AcDbEntity
  8
B.Cu
  6
CONTINUOUS
100
AcDbLine
 10
151.2836089999999842
 20
-68.4431900000000013
 30
0
 11
151.3494959999999878
 21
-68.5573090000000036
 31
0
  0
LINE
  5
E58
330
1B
100
AcDbEntity
  8
B.Cu
  6
CONTINUOUS
100
AcDbLine
 10
151.3494959999999878
 20
-68.5573090000000036
 30
0
 11
151.3494979999999828
 21
-68.5573109999999986
 31
0
  0
LINE
  5
E59
330
1B
100
AcDbEntity
  8
B.Cu
  6
CONTINUOUS
100
AcDbLine
 10
151.3494979999999828
 20
-68.5573109999999986
 30
0
 11
151.3495000000000061
 21
-68.557313999999991
 31
0
  0
LINE
  5
E5A
330
1B
100
AcDbEntity
  8
B.Cu
  6
CONTINUOUS
100
AcDbLine
 10
151.3495000000000061
 20
-68.557313999999991
 30
0
 11
151.4426859999999806
 21
-68.6504999999999939
 31
0
  0
LINE
  5
E5B
330
1B
100
AcDbEntity
  8
B.Cu
  6
CONTINUOUS
100
AcDbLine
 10
151.4426859999999806
 20
-68.6504999999999939
 30
0
 11
151.442688000000004
 21
-68.6505009999999913
 31
0
  0
LINE
  5
E5C
330
1B
100
AcDbEntity
  8
B.Cu
  6
CONTINUOUS
100
AcDbLine
 10
151.442688000000004
 20
-68.6505009999999913
 30
0
 11
151.4426899999999989
 21
-68.6505030000000005
 31
0
  0
LINE
  5
E5D
330
1B
100
AcDbEntity
  8
B.Cu
  6
CONTINUOUS
100
AcDbLine
 10
151.4426899999999989
 20
-68.6505030000000005
 30
0
 11
151.5568099999999845
 21
-68.7163899999999899
 31
0
  0
LINE
  5
E5E
330
1B
100
AcDbEntity
  8
B.Cu
  6
CONTINUOUS
100
AcDbLine
 10
151.5568099999999845
 20
-68.7163899999999899
 30
0
 11
151.5568079999999895
 21
-68.7163899999999899
 31
0
  0
LINE
  5
E5F
330
1B
100
AcDbEntity
  8
B.Cu
  6
CONTINUOUS
100
AcDbLine
 10
151.5568079999999895
 20
-68.7163899999999899
 30
0
 11
151.5568119999999794
 21
-68.7163910000000016
 31
0
  0
LINE
  5
E60
330
1B
100
AcDbEntity
  8
B.Cu
  6
CONTINUOUS
100
AcDbLine
 10
151.5568119999999794
 20
-68.7163910000000016
 30
0
 11
151.5568140000000028
 21
-68.716391999999999
 31
0
  0
LINE
  5
E61
330
1B
100
AcDbEntity
  8
B.Cu
  6
CONTINUOUS
100
AcDbLine
 10
151.5568140000000028
 20
-68.716391999999999
 30
0
 11
151.6841079999999806
 21
-68.7505000000000024
 31
0
  0
LINE
  5
E62
330
1B
100
AcDbEntity
  8
B.Cu
  6
CONTINUOUS
100
AcDbLine
 10
151.6841079999999806
 20
-68.7505000000000024
 30
0
 11
151.684110000000004
 21
-68.7505000000000024
 31
0
  0
LINE
  5
E63
330
1B
100
AcDbEntity
  8
B.Cu
  6
CONTINUOUS
100
AcDbLine
 10
151.684110000000004
 20
-68.7505000000000024
 30
0
 11
151.815889999999996
 21
-68.7505000000000024
 31
0
  0
LINE
  5
E64
330
1B
100
AcDbEntity
  8
B.Cu
  6
CONTINUOUS
100
AcDbLine
 10
151.815889999999996
 20
-68.7505000000000024
 30
0
 11
151.815891999999991
 21
-68.7505000000000024
 31
0
  0
LINE
  5
E65
330
1B
100
AcDbEntity
  8
B.Cu
  6
CONTINUOUS
100
AcDbLine
 10
151.815891999999991
 20
-68.7505000000000024
 30
0
 11
151.9431859999999972
 21
-68.716391999999999
 31
0
  0
LINE
  5
E66
330
1B
100
AcDbEntity
  8
B.Cu
  6
CONTINUOUS
100
AcDbLine
 10
151.9431859999999972
 20
-68.716391999999999
 30
0
 11
151.9431879999999921
 21
-68.7163899999999899
 31
0
  0
LINE
  5
E67
330
1B
100
AcDbEntity
  8
B.Cu
  6
CONTINUOUS
100
AcDbLine
 10
151.9431879999999921
 20
-68.7163899999999899
 30
0
 11
151.9431899999999871
 21
-68.7163899999999899
 31
0
  0
LINE
  5
E68
330
1B
100
AcDbEntity
  8
B.Cu
  6
CONTINUOUS
100
AcDbLine
 10
151.9431899999999871
 20
-68.7163899999999899
 30
0
 11
152.0573090000000036
 21
-68.6505030000000005
 31
0
  0
LINE
  5
E69
330
1B
100
AcDbEntity
  8
B.Cu
  6
CONTINUOUS
100
AcDbLine
 10
152.0573090000000036
 20
-68.6505030000000005
 30
0
 11
152.0573090000000036
 21
-68.650502000000003
 31
0
  0
LINE
  5
E6A
330
1B
100
AcDbEntity
  8
B.Cu
  6
CONTINUOUS
100
AcDbLine
 10
152.0573090000000036
 20
-68.650502000000003
 30
0
 11
152.057313999999991
 21
-68.6504999999999939
 31
0
  0
LINE
  5
E6B
330
1B
100
AcDbEntity
  8
B.Cu
  6
CONTINUOUS
100
AcDbLine
 10
152.057313999999991
 20
-68.6504999999999939
 30
0
 11
152.1504999999999939
 21
-68.557313999999991
 31
0
  0
LINE
  5
E6C
330
1B
100
AcDbEntity
  8
B.Cu
  6
CONTINUOUS
100
AcDbLine
 10
152.1504999999999939
 20
-68.557313999999991
 30
0
 11
152.2163919999999848
 21
-68.4431859999999972
 31
0
  0
LINE
  5
E6D
330
1B
100
AcDbEntity
  8
B.Cu
  6
CONTINUOUS
100
AcDbLine
 10
152.2163919999999848
 20
-68.4431859999999972
 30
0
 11
152.2504999999999882
 21
-68.315891999999991
 31
0
  0
LINE
  5
E6E
330
1B
100
AcDbEntity
  8
B.Cu
  6
CONTINUOUS
100
AcDbLine
 10
152.2504999999999882
 20
-68.315891999999991
 30
0
 11
152.2504999999999882
 21
-68.1841079999999948
 31
0
  0
LINE
  5
E6F
330
1B
100
AcDbEntity
  8
B.Cu
  6
CONTINUOUS
100
AcDbLine
 10
152.2504999999999882
 20
-68.1841079999999948
 30
0
 11
152.2163919999999848
 21
-68.0568140000000028
 31
0
  0
LINE
  5
E70
330
1B
100
AcDbEntity
  8
B.Cu
  6
CONTINUOUS
100
AcDbLine
 10
152.2163919999999848
 20
-68.0568140000000028
 30
0
 11
152.2163899999999899
 21
-68.0568109999999962
 31
0
  0
LINE
  5
E71
330
1B
100
AcDbEntity
  8
B.Cu
  6
CONTINUOUS
100
AcDbLine
 10
152.2163899999999899
 20
-68.0568109999999962
 30
0
 11
152.2163899999999899
 21
-68.0568090000000012
 31
0
  0
LINE
  5
E72
330
1B
100
AcDbEntity
  8
B.Cu
  6
CONTINUOUS
100
AcDbLine
 10
152.2163899999999899
 20
-68.0568090000000012
 30
0
 11
152.1722809999999981
 21
-67.9804120000000012
 31
0
  0
LINE
  5
E73
330
1B
100
AcDbEntity
  8
B.Cu
  6
CONTINUOUS
100
AcDbLine
 10
152.1722809999999981
 20
-67.9804120000000012
 30
0
 11
152.1722790000000032
 21
-67.9804089999999945
 31
0
  0
LINE
  5
E74
330
1B
100
AcDbEntity
  8
B.Cu
  6
CONTINUOUS
100
AcDbLine
 10
152.1722790000000032
 20
-67.9804089999999945
 30
0
 11
152.1504999999999939
 21
-67.9426859999999948
 31
0
  0
LINE
  5
E75
330
1B
100
AcDbEntity
  8
B.Cu
  6
CONTINUOUS
100
AcDbLine
 10
152.1504999999999939
 20
-67.9426859999999948
 30
0
 11
152.1452119999999866
 21
-67.9373980000000017
 31
0
  0
LINE
  5
E76
330
1B
100
AcDbEntity
  8
B.Cu
  6
CONTINUOUS
100
AcDbLine
 10
152.1452119999999866
 20
-67.9373980000000017
 30
0
 11
152.057313999999991
 21
-67.8494999999999919
 31
0
  0
LINE
  5
E77
330
1B
100
AcDbEntity
  8
B.Cu
  6
CONTINUOUS
100
AcDbLine
 10
152.057313999999991
 20
-67.8494999999999919
 30
0
 11
152.0573109999999986
 21
-67.849497999999997
 31
0
  0
LINE
  5
E78
330
1B
100
AcDbEntity
  8
B.Cu
  6
CONTINUOUS
100
AcDbLine
 10
152.0573109999999986
 20
-67.849497999999997
 30
0
 11
152.0573090000000036
 21
-67.849496000000002
 31
0
  0
LINE
  5
E79
330
1B
100
AcDbEntity
  8
B.Cu
  6
CONTINUOUS
100
AcDbLine
 10
152.0573090000000036
 20
-67.849496000000002
 30
0
 11
151.9431889999999896
 21
-67.7836089999999984
 31
0
  0
LINE
  5
E7A
330
1B
100
AcDbEntity
  8
B.Cu
  6
CONTINUOUS
100
AcDbLine
 10
151.9431889999999896
 20
-67.7836089999999984
 30
0
 11
151.9431909999999846
 21
-67.7836089999999984
 31
0
  0
LINE
  5
E7B
330
1B
100
AcDbEntity
  8
B.Cu
  6
CONTINUOUS
100
AcDbLine
 10
151.9431909999999846
 20
-67.7836089999999984
 30
0
 11
151.8937990000000013
 21
-67.7703750000000014
 31
0
  0
LINE
  5
E7C
330
1B
100
AcDbEntity
  8
B.Cu
  6
CONTINUOUS
100
AcDbLine
 10
151.8937990000000013
 20
-67.7703750000000014
 30
0
 11
151.815891999999991
 21
-67.7494999999999976
 31
0
  0
LINE
  5
E7D
330
1B
100
AcDbEntity
  8
B.Cu
  6
CONTINUOUS
100
AcDbLine
 10
151.815891999999991
 20
-67.7494999999999976
 30
0
 11
151.6841079999999806
 21
-67.7494999999999976
 31
0
  0
LINE
  5
E7E
330
1B
100
AcDbEntity
  8
B.Cu
  6
CONTINUOUS
100
AcDbLine
 10
151.6841079999999806
 20
-67.7494999999999976
 30
0
 11
151.6062000000000012
 21
-67.7703750000000014
 31
0
  0
LINE
  5
E7F
330
1B
100
AcDbEntity
  8
B.Cu
  6
CONTINUOUS
100
AcDbLine
 10
151.6062000000000012
 20
-67.7703750000000014
 30
0
 11
151.556808999999987
 21
-67.7836089999999984
 31
0
  0
LINE
  5
E80
330
1B
100
AcDbEntity
  8
B.Cu
  6
CONTINUOUS
100
AcDbLine
 10
151.556808999999987
 20
-67.7836089999999984
 30
0
 11
151.4426899999999989
 21
-67.849496000000002
 31
0
  0
LINE
  5
E81
330
1B
100
AcDbEntity
  8
B.Cu
  6
CONTINUOUS
100
AcDbLine
 10
151.4426899999999989
 20
-67.849496000000002
 30
0
 11
151.3494959999999878
 21
-67.9426899999999989
 31
0
  0
LINE
  5
E82
330
1B
100
AcDbEntity
  8
B.Cu
  6
CONTINUOUS
100
AcDbLine
 10
151.3494959999999878
 20
-67.9426899999999989
 30
0
 11
151.2836089999999842
 21
-68.0568090000000012
 31
0
  0
LINE
  5
E83
330
1B
100
AcDbEntity
  8
B.Cu
  6
CONTINUOUS
100
AcDbLine
 10
151.2836089999999842
 20
-68.0568090000000012
 30
0
 11
151.27350899999999
 21
-68.0945040000000006
 31
0
  0
LINE
  5
E84
330
1B
100
AcDbEntity
  8
B.Cu
  6
CONTINUOUS
100
AcDbLine
 10
151.27350899999999
 20
-68.0945040000000006
 30
0
 11
151.2494999999999834
 21
-68.1841079999999948
 31
0
  0
LINE
  5
E85
330
1B
100
AcDbEntity
  8
B.Cu
  6
CONTINUOUS
100
AcDbLine
 10
151.2494999999999834
 20
-68.1841079999999948
 30
0
 11
151.2494999999999834
 21
-68.315891999999991
 31
0
  0
LINE
  5
E86
330
1B
100
AcDbEntity
  8
B.Cu
  6
CONTINUOUS
100
AcDbLine
 10
157.2494999999999834
 20
-68.315891999999991
 30
0
 11
157.2584970000000055
 21
-68.3494699999999966
 31
0
  0
LINE
  5
E87
330
1B
100
AcDbEntity
  8
B.Cu
  6
CONTINUOUS
100
AcDbLine
 10
157.2584970000000055
 20
-68.3494699999999966
 30
0
 11
157.2836089999999842
 21
-68.4431900000000013
 31
0
  0
LINE
  5
E88
330
1B
100
AcDbEntity
  8
B.Cu
  6
CONTINUOUS
100
AcDbLine
 10
157.2836089999999842
 20
-68.4431900000000013
 30
0
 11
157.3494959999999878
 21
-68.5573090000000036
 31
0
  0
LINE
  5
E89
330
1B
100
AcDbEntity
  8
B.Cu
  6
CONTINUOUS
100
AcDbLine
 10
157.3494959999999878
 20
-68.5573090000000036
 30
0
 11
157.3494979999999828
 21
-68.5573109999999986
 31
0
  0
LINE
  5
E8A
330
1B
100
AcDbEntity
  8
B.Cu
  6
CONTINUOUS
100
AcDbLine
 10
157.3494979999999828
 20
-68.5573109999999986
 30
0
 11
157.3495000000000061
 21
-68.557313999999991
 31
0
  0
LINE
  5
E8B
330
1B
100
AcDbEntity
  8
B.Cu
  6
CONTINUOUS
100
AcDbLine
 10
157.3495000000000061
 20
-68.557313999999991
 30
0
 11
157.4426859999999806
 21
-68.6504999999999939
 31
0
  0
LINE
  5
E8C
330
1B
100
AcDbEntity
  8
B.Cu
  6
CONTINUOUS
100
AcDbLine
 10
157.4426859999999806
 20
-68.6504999999999939
 30
0
 11
157.442688000000004
 21
-68.6505009999999913
 31
0
  0
LINE
  5
E8D
330
1B
100
AcDbEntity
  8
B.Cu
  6
CONTINUOUS
100
AcDbLine
 10
157.442688000000004
 20
-68.6505009999999913
 30
0
 11
157.4426899999999989
 21
-68.6505030000000005
 31
0
  0
LINE
  5
E8E
330
1B
100
AcDbEntity
  8
B.Cu
  6
CONTINUOUS
100
AcDbLine
 10
157.4426899999999989
 20
-68.6505030000000005
 30
0
 11
157.5568099999999845
 21
-68.7163899999999899
 31
0
  0
LINE
  5
E8F
330
1B
100
AcDbEntity
  8
B.Cu
  6
CONTINUOUS
100
AcDbLine
 10
157.5568099999999845
 20
-68.7163899999999899
 30
0
 11
157.5568079999999895
 21
-68.7163899999999899
 31
0
  0
LINE
  5
E90
330
1B
100
AcDbEntity
  8
B.Cu
  6
CONTINUOUS
100
AcDbLine
 10
157.5568079999999895
 20
-68.7163899999999899
 30
0
 11
157.5568119999999794
 21
-68.7163910000000016
 31
0
  0
LINE
  5
E91
330
1B
100
AcDbEntity
  8
B.Cu
  6
CONTINUOUS
100
AcDbLine
 10
157.5568119999999794
 20
-68.7163910000000016
 30
0
 11
157.5568140000000028
 21
-68.716391999999999
 31
0
  0
LINE
  5
E92
330
1B
100
AcDbEntity
  8
B.Cu
  6
CONTINUOUS
100
AcDbLine
 10
157.5568140000000028
 20
-68.716391999999999
 30
0
 11
157.6841079999999806
 21
-68.7505000000000024
 31
0
  0
LINE
  5
E93
330
1B
100
AcDbEntity
  8
B.Cu
  6
CONTINUOUS
100
AcDbLine
 10
157.6841079999999806
 20
-68.7505000000000024
 30
0
 11
157.684110000000004
 21
-68.7505000000000024
 31
0
  0
LINE
  5
E94
330
1B
100
AcDbEntity
  8
B.Cu
  6
CONTINUOUS
100
AcDbLine
 10
157.684110000000004
 20
-68.7505000000000024
 30
0
 11
157.815889999999996
 21
-68.7505000000000024
 31
0
  0
LINE
  5
E95
330
1B
100
AcDbEntity
  8
B.Cu
  6
CONTINUOUS
100
AcDbLine
 10
157.815889999999996
 20
-68.7505000000000024
 30
0
 11
157.815891999999991
 21
-68.7505000000000024
 31
0
  0
LINE
  5
E96
330
1B
100
AcDbEntity
  8
B.Cu
  6
CONTINUOUS
100
AcDbLine
 10
157.815891999999991
 20
-68.7505000000000024
 30
0
 11
157.9431859999999972
 21
-68.716391999999999
 31
0
  0
LINE
  5
E97
330
1B
100
AcDbEntity
  8
B.Cu
  6
CONTINUOUS
100
AcDbLine
 10
157.9431859999999972
 20
-68.716391999999999
 30
0
 11
157.9431879999999921
 21
-68.7163899999999899
 31
0
  0
LINE
  5
E98
330
1B
100
AcDbEntity
  8
B.Cu
  6
CONTINUOUS
100
AcDbLine
 10
157.9431879999999921
 20
-68.7163899999999899
 30
0
 11
157.9431899999999871
 21
-68.7163899999999899
 31
0
  0
LINE
  5
E99
330
1B
100
AcDbEntity
  8
B.Cu
  6
CONTINUOUS
100
AcDbLine
 10
157.9431899999999871
 20
-68.7163899999999899
 30
0
 11
158.0573090000000036
 21
-68.6505030000000005
 31
0
  0
LINE
  5
E9A
330
1B
100
AcDbEntity
  8
B.Cu
  6
CONTINUOUS
100
AcDbLine
 10
158.0573090000000036
 20
-68.6505030000000005
 30
0
 11
158.0573090000000036
 21
-68.650502000000003
 31
0
  0
LINE
  5
E9B
330
1B
100
AcDbEntity
  8
B.Cu
  6
CONTINUOUS
100
AcDbLine
 10
158.0573090000000036
 20
-68.650502000000003
 30
0
 11
158.057313999999991
 21
-68.6504999999999939
 31
0
  0
LINE
  5
E9C
330
1B
100
AcDbEntity
  8
B.Cu
  6
CONTINUOUS
100
AcDbLine
 10
158.057313999999991
 20
-68.6504999999999939
 30
0
 11
158.1504999999999939
 21
-68.557313999999991
 31
0
  0
LINE
  5
E9D
330
1B
100
AcDbEntity
  8
B.Cu
  6
CONTINUOUS
100
AcDbLine
 10
158.1504999999999939
 20
-68.557313999999991
 30
0
 11
158.2163919999999848
 21
-68.4431859999999972
 31
0
  0
LINE
  5
E9E
330
1B
100
AcDbEntity
  8
B.Cu
  6
CONTINUOUS
100
AcDbLine
 10
158.2163919999999848
 20
-68.4431859999999972
 30
0
 11
158.2504999999999882
 21
-68.315891999999991
 31
0
  0
LINE
  5
E9F
330
1B
100
AcDbEntity
  8
B.Cu
  6
CONTINUOUS
100
AcDbLine
 10
158.2504999999999882
 20
-68.315891999999991
 30
0
 11
158.2504999999999882
 21
-68.1841079999999948
 31
0
  0
LINE
  5
EA0
330
1B
100
AcDbEntity
  8
B.Cu
  6
CONTINUOUS
100
AcDbLine
 10
158.2504999999999882
 20
-68.1841079999999948
 30
0
 11
158.2163919999999848
 21
-68.0568140000000028
 31
0
  0
LINE
  5
EA1
330
1B
100
AcDbEntity
  8
B.Cu
  6
CONTINUOUS
100
AcDbLine
 10
158.2163919999999848
 20
-68.0568140000000028
 30
0
 11
158.2163899999999899
 21
-68.0568109999999962
 31
0
  0
LINE
  5
EA2
330
1B
100
AcDbEntity
  8
B.Cu
  6
CONTINUOUS
100
AcDbLine
 10
158.2163899999999899
 20
-68.0568109999999962
 30
0
 11
158.2163899999999899
 21
-68.0568090000000012
 31
0
  0
LINE
  5
EA3
330
1B
100
AcDbEntity
  8
B.Cu
  6
CONTINUOUS
100
AcDbLine
 10
158.2163899999999899
 20
-68.0568090000000012
 30
0
 11
158.1505029999999863
 21
-67.9426899999999989
 31
0
  0
LINE
  5
EA4
330
1B
100
AcDbEntity
  8
B.Cu
  6
CONTINUOUS
100
AcDbLine
 10
158.1505029999999863
 20
-67.9426899999999989
 30
0
 11
158.1505009999999913
 21
-67.942688000000004
 31
0
  0
LINE
  5
EA5
330
1B
100
AcDbEntity
  8
B.Cu
  6
CONTINUOUS
100
AcDbLine
 10
158.1505009999999913
 20
-67.942688000000004
 30
0
 11
158.1504999999999939
 21
-67.9426859999999948
 31
0
  0
LINE
  5
EA6
330
1B
100
AcDbEntity
  8
B.Cu
  6
CONTINUOUS
100
AcDbLine
 10
158.1504999999999939
 20
-67.9426859999999948
 30
0
 11
158.057313999999991
 21
-67.8494999999999919
 31
0
  0
LINE
  5
EA7
330
1B
100
AcDbEntity
  8
B.Cu
  6
CONTINUOUS
100
AcDbLine
 10
158.057313999999991
 20
-67.8494999999999919
 30
0
 11
158.0573109999999986
 21
-67.849497999999997
 31
0
  0
LINE
  5
EA8
330
1B
100
AcDbEntity
  8
B.Cu
  6
CONTINUOUS
100
AcDbLine
 10
158.0573109999999986
 20
-67.849497999999997
 30
0
 11
158.0573090000000036
 21
-67.849496000000002
 31
0
  0
LINE
  5
EA9
330
1B
100
AcDbEntity
  8
B.Cu
  6
CONTINUOUS
100
AcDbLine
 10
158.0573090000000036
 20
-67.849496000000002
 30
0
 11
157.9431889999999896
 21
-67.7836089999999984
 31
0
  0
LINE
  5
EAA
330
1B
100
AcDbEntity
  8
B.Cu
  6
CONTINUOUS
100
AcDbLine
 10
157.9431889999999896
 20
-67.7836089999999984
 30
0
 11
157.9431909999999846
 21
-67.7836089999999984
 31
0
  0
LINE
  5
EAB
330
1B
100
AcDbEntity
  8
B.Cu
  6
CONTINUOUS
100
AcDbLine
 10
157.9431909999999846
 20
-67.7836089999999984
 30
0
 11
157.8937990000000013
 21
-67.7703750000000014
 31
0
  0
LINE
  5
EAC
330
1B
100
AcDbEntity
  8
B.Cu
  6
CONTINUOUS
100
AcDbLine
 10
157.8937990000000013
 20
-67.7703750000000014
 30
0
 11
157.815891999999991
 21
-67.7494999999999976
 31
0
  0
LINE
  5
EAD
330
1B
100
AcDbEntity
  8
B.Cu
  6
CONTINUOUS
100
AcDbLine
 10
157.815891999999991
 20
-67.7494999999999976
 30
0
 11
157.6841079999999806
 21
-67.7494999999999976
 31
0
  0
LINE
  5
EAE
330
1B
100
AcDbEntity
  8
B.Cu
  6
CONTINUOUS
100
AcDbLine
 10
157.6841079999999806
 20
-67.7494999999999976
 30
0
 11
157.6062000000000012
 21
-67.7703750000000014
 31
0
  0
LINE
  5
EAF
330
1B
100
AcDbEntity
  8
B.Cu
  6
CONTINUOUS
100
AcDbLine
 10
157.6062000000000012
 20
-67.7703750000000014
 30
0
 11
157.556808999999987
 21
-67.7836089999999984
 31
0
  0
LINE
  5
EB0
330
1B
100
AcDbEntity
  8
B.Cu
  6
CONTINUOUS
100
AcDbLine
 10
157.556808999999987
 20
-67.7836089999999984
 30
0
 11
157.4426899999999989
 21
-67.849496000000002
 31
0
  0
LINE
  5
EB1
330
1B
100
AcDbEntity
  8
B.Cu
  6
CONTINUOUS
100
AcDbLine
 10
157.4426899999999989
 20
-67.849496000000002
 30
0
 11
157.3494959999999878
 21
-67.9426899999999989
 31
0
  0
LINE
  5
EB2
330
1B
100
AcDbEntity
  8
B.Cu
  6
CONTINUOUS
100
AcDbLine
 10
157.3494959999999878
 20
-67.9426899999999989
 30
0
 11
157.2836089999999842
 21
-68.0568090000000012
 31
0
  0
LINE
  5
EB3
330
1B
100
AcDbEntity
  8
B.Cu
  6
CONTINUOUS
100
AcDbLine
 10
157.2836089999999842
 20
-68.0568090000000012
 30
0
 11
157.27350899999999
 21
-68.0945040000000006
 31
0
  0
LINE
  5
EB4
330
1B
100
AcDbEntity
  8
B.Cu
  6
CONTINUOUS
100
AcDbLine
 10
157.27350899999999
 20
-68.0945040000000006
 30
0
 11
157.2494999999999834
 21
-68.1841079999999948
 31
0
  0
LINE
  5
EB5
330
1B
100
AcDbEntity
  8
B.Cu
  6
CONTINUOUS
100
AcDbLine
 10
157.2494999999999834
 20
-68.1841079999999948
 30
0
 11
157.2494999999999834
 21
-68.315891999999991
 31
0
  0
LINE
  5
EB6
330
1B
100
AcDbEntity
  8
B.Cu
  6
CONTINUOUS
100
AcDbLine
 10
147.1012319999999818
 20
-67.2588209999999975
 30
0
 11
146.9647420000000011
 21
-67.3153569999999917
 31
0
  0
LINE
  5
EB7
330
1B
100
AcDbEntity
  8
B.Cu
  6
CONTINUOUS
100
AcDbLine
 10
146.9647420000000011
 20
-67.3153569999999917
 30
0
 11
146.8419059999999945
 21
-67.3974329999999924
 31
0
  0
LINE
  5
EB8
330
1B
100
AcDbEntity
  8
B.Cu
  6
CONTINUOUS
100
AcDbLine
 10
146.8419059999999945
 20
-67.3974329999999924
 30
0
 11
146.7374340000000075
 21
-67.5019049999999936
 31
0
  0
LINE
  5
EB9
330
1B
100
AcDbEntity
  8
B.Cu
  6
CONTINUOUS
100
AcDbLine
 10
146.7374340000000075
 20
-67.5019049999999936
 30
0
 11
146.6553580000000068
 21
-67.6247410000000002
 31
0
  0
LINE
  5
EBA
330
1B
100
AcDbEntity
  8
B.Cu
  6
CONTINUOUS
100
AcDbLine
 10
146.6553580000000068
 20
-67.6247410000000002
 30
0
 11
146.5988229999999817
 21
-67.7612280000000027
 31
0
  0
LINE
  5
EBB
330
1B
100
AcDbEntity
  8
B.Cu
  6
CONTINUOUS
100
AcDbLine
 10
146.5988229999999817
 20
-67.7612280000000027
 30
0
 11
146.5988209999999867
 21
-67.7612340000000017
 31
0
  0
LINE
  5
EBC
330
1B
100
AcDbEntity
  8
B.Cu
  6
CONTINUOUS
100
AcDbLine
 10
146.5988209999999867
 20
-67.7612340000000017
 30
0
 11
146.5699999999999932
 21
-67.9061269999999979
 31
0
  0
LINE
  5
EBD
330
1B
100
AcDbEntity
  8
B.Cu
  6
CONTINUOUS
100
AcDbLine
 10
146.5699999999999932
 20
-67.9061269999999979
 30
0
 11
146.5699999999999932
 21
-68.3799980000000005
 31
0
  0
LINE
  5
EBE
330
1B
100
AcDbEntity
  8
B.Cu
  6
CONTINUOUS
100
AcDbLine
 10
146.5699999999999932
 20
-68.3799980000000005
 30
0
 11
146.5700009999999907
 21
-68.379998999999998
 31
0
  0
LINE
  5
EBF
330
1B
100
AcDbEntity
  8
B.Cu
  6
CONTINUOUS
100
AcDbLine
 10
146.5700009999999907
 20
-68.379998999999998
 30
0
 11
146.8199999999999932
 21
-68.379998999999998
 31
0
  0
LINE
  5
EC0
330
1B
100
AcDbEntity
  8
B.Cu
  6
CONTINUOUS
100
AcDbLine
 10
146.8199999999999932
 20
-68.379998999999998
 30
0
 11
146.8199999999999932
 21
-67.9799989999999923
 31
0
  0
LINE
  5
EC1
330
1B
100
AcDbEntity
  8
B.Cu
  6
CONTINUOUS
100
AcDbLine
 10
146.8199999999999932
 20
-67.9799989999999923
 30
0
 11
146.8242779999999925
 21
-67.9147359999999907
 31
0
  0
LINE
  5
EC2
330
1B
100
AcDbEntity
  8
B.Cu
  6
CONTINUOUS
100
AcDbLine
 10
146.8242779999999925
 20
-67.9147359999999907
 30
0
 11
146.8580599999999947
 21
-67.7886570000000006
 31
0
  0
LINE
  5
EC3
330
1B
100
AcDbEntity
  8
B.Cu
  6
CONTINUOUS
100
AcDbLine
 10
146.8580599999999947
 20
-67.7886570000000006
 30
0
 11
146.9233229999999821
 21
-67.6756180000000001
 31
0
  0
LINE
  5
EC4
330
1B
100
AcDbEntity
  8
B.Cu
  6
CONTINUOUS
100
AcDbLine
 10
146.9233229999999821
 20
-67.6756180000000001
 30
0
 11
147.0156189999999867
 21
-67.5833219999999955
 31
0
  0
LINE
  5
EC5
330
1B
100
AcDbEntity
  8
B.Cu
  6
CONTINUOUS
100
AcDbLine
 10
147.0156189999999867
 20
-67.5833219999999955
 30
0
 11
147.1286580000000015
 21
-67.5180589999999938
 31
0
  0
LINE
  5
EC6
330
1B
100
AcDbEntity
  8
B.Cu
  6
CONTINUOUS
100
AcDbLine
 10
147.1286580000000015
 20
-67.5180589999999938
 30
0
 11
147.1699999999999875
 21
-67.5069809999999961
 31
0
  0
LINE
  5
EC7
330
1B
100
AcDbEntity
  8
B.Cu
  6
CONTINUOUS
100
AcDbLine
 10
147.1699999999999875
 20
-67.5069809999999961
 30
0
 11
147.1699999999999875
 21
-67.2451420000000013
 31
0
  0
LINE
  5
EC8
330
1B
100
AcDbEntity
  8
B.Cu
  6
CONTINUOUS
100
AcDbLine
 10
147.1699999999999875
 20
-67.2451420000000013
 30
0
 11
147.1012319999999818
 21
-67.2588209999999975
 31
0
  0
LINE
  5
EC9
330
1B
100
AcDbEntity
  8
B.Cu
  6
CONTINUOUS
100
AcDbLine
 10
146.5700009999999907
 20
-64.4999990000000025
 30
0
 11
146.5699999999999932
 21
-64.5
 31
0
  0
LINE
  5
ECA
330
1B
100
AcDbEntity
  8
B.Cu
  6
CONTINUOUS
100
AcDbLine
 10
146.5699999999999932
 20
-64.5
 30
0
 11
146.5699999999999932
 21
-64.7238699999999909
 31
0
  0
LINE
  5
ECB
330
1B
100
AcDbEntity
  8
B.Cu
  6
CONTINUOUS
100
AcDbLine
 10
146.5699999999999932
 20
-64.7238699999999909
 30
0
 11
146.5988209999999867
 21
-64.8687630000000013
 31
0
  0
LINE
  5
ECC
330
1B
100
AcDbEntity
  8
B.Cu
  6
CONTINUOUS
100
AcDbLine
 10
146.5988209999999867
 20
-64.8687630000000013
 30
0
 11
146.5988229999999817
 21
-64.8687690000000003
 31
0
  0
LINE
  5
ECD
330
1B
100
AcDbEntity
  8
B.Cu
  6
CONTINUOUS
100
AcDbLine
 10
146.5988229999999817
 20
-64.8687690000000003
 30
0
 11
146.6553580000000068
 21
-65.0052560000000028
 31
0
  0
LINE
  5
ECE
330
1B
100
AcDbEntity
  8
B.Cu
  6
CONTINUOUS
100
AcDbLine
 10
146.6553580000000068
 20
-65.0052560000000028
 30
0
 11
146.7374340000000075
 21
-65.1280919999999952
 31
0
  0
LINE
  5
ECF
330
1B
100
AcDbEntity
  8
B.Cu
  6
CONTINUOUS
100
AcDbLine
 10
146.7374340000000075
 20
-65.1280919999999952
 30
0
 11
146.8419059999999945
 21
-65.2325639999999964
 31
0
  0
LINE
  5
ED0
330
1B
100
AcDbEntity
  8
B.Cu
  6
CONTINUOUS
100
AcDbLine
 10
146.8419059999999945
 20
-65.2325639999999964
 30
0
 11
146.9647420000000011
 21
-65.3146399999999971
 31
0
  0
LINE
  5
ED1
330
1B
100
AcDbEntity
  8
B.Cu
  6
CONTINUOUS
100
AcDbLine
 10
146.9647420000000011
 20
-65.3146399999999971
 30
0
 11
147.1012350000000026
 21
-65.371177000000003
 31
0
  0
LINE
  5
ED2
330
1B
100
AcDbEntity
  8
B.Cu
  6
CONTINUOUS
100
AcDbLine
 10
147.1012350000000026
 20
-65.371177000000003
 30
0
 11
147.1012340000000052
 21
-65.371177000000003
 31
0
  0
LINE
  5
ED3
330
1B
100
AcDbEntity
  8
B.Cu
  6
CONTINUOUS
100
AcDbLine
 10
147.1012340000000052
 20
-65.371177000000003
 30
0
 11
147.1699999999999875
 21
-65.38485399999999
 31
0
  0
LINE
  5
ED4
330
1B
100
AcDbEntity
  8
B.Cu
  6
CONTINUOUS
100
AcDbLine
 10
147.1699999999999875
 20
-65.38485399999999
 30
0
 11
147.1699999999999875
 21
-65.1230159999999927
 31
0
  0
LINE
  5
ED5
330
1B
100
AcDbEntity
  8
B.Cu
  6
CONTINUOUS
100
AcDbLine
 10
147.1699999999999875
 20
-65.1230159999999927
 30
0
 11
147.1286580000000015
 21
-65.1119389999999925
 31
0
  0
LINE
  5
ED6
330
1B
100
AcDbEntity
  8
B.Cu
  6
CONTINUOUS
100
AcDbLine
 10
147.1286580000000015
 20
-65.1119389999999925
 30
0
 11
147.0156189999999867
 21
-65.0466759999999908
 31
0
  0
LINE
  5
ED7
330
1B
100
AcDbEntity
  8
B.Cu
  6
CONTINUOUS
100
AcDbLine
 10
147.0156189999999867
 20
-65.0466759999999908
 30
0
 11
146.9233229999999821
 21
-64.9543800000000005
 31
0
  0
LINE
  5
ED8
330
1B
100
AcDbEntity
  8
B.Cu
  6
CONTINUOUS
100
AcDbLine
 10
146.9233229999999821
 20
-64.9543800000000005
 30
0
 11
146.8580599999999947
 21
-64.8413409999999999
 31
0
  0
LINE
  5
ED9
330
1B
100
AcDbEntity
  8
B.Cu
  6
CONTINUOUS
100
AcDbLine
 10
146.8580599999999947
 20
-64.8413409999999999
 30
0
 11
146.8242779999999925
 21
-64.7152619999999956
 31
0
  0
LINE
  5
EDA
330
1B
100
AcDbEntity
  8
B.Cu
  6
CONTINUOUS
100
AcDbLine
 10
146.8242779999999925
 20
-64.7152619999999956
 30
0
 11
146.8199999999999932
 21
-64.649998999999994
 31
0
  0
LINE
  5
EDB
330
1B
100
AcDbEntity
  8
B.Cu
  6
CONTINUOUS
100
AcDbLine
 10
146.8199999999999932
 20
-64.649998999999994
 30
0
 11
146.8199999999999932
 21
-64.4999990000000025
 31
0
  0
LINE
  5
EDC
330
1B
100
AcDbEntity
  8
B.Cu
  6
CONTINUOUS
100
AcDbLine
 10
146.8199999999999932
 20
-64.4999990000000025
 30
0
 11
146.5700009999999907
 21
-64.4999990000000025
 31
0
  0
LINE
  5
EDD
330
1B
100
AcDbEntity
  8
B.Cu
  6
CONTINUOUS
100
AcDbLine
 10
155.2100010000000054
 20
-64.4999990000000025
 30
0
 11
155.2099999999999795
 21
-64.5
 31
0
  0
LINE
  5
EDE
330
1B
100
AcDbEntity
  8
B.Cu
  6
CONTINUOUS
100
AcDbLine
 10
155.2099999999999795
 20
-64.5
 30
0
 11
155.2099999999999795
 21
-64.7238699999999909
 31
0
  0
LINE
  5
EDF
330
1B
100
AcDbEntity
  8
B.Cu
  6
CONTINUOUS
100
AcDbLine
 10
155.2099999999999795
 20
-64.7238699999999909
 30
0
 11
155.2388210000000015
 21
-64.8687630000000013
 31
0
  0
LINE
  5
EE0
330
1B
100
AcDbEntity
  8
B.Cu
  6
CONTINUOUS
100
AcDbLine
 10
155.2388210000000015
 20
-64.8687630000000013
 30
0
 11
155.2388229999999965
 21
-64.8687690000000003
 31
0
  0
LINE
  5
EE1
330
1B
100
AcDbEntity
  8
B.Cu
  6
CONTINUOUS
100
AcDbLine
 10
155.2388229999999965
 20
-64.8687690000000003
 30
0
 11
155.2953579999999931
 21
-65.0052560000000028
 31
0
  0
LINE
  5
EE2
330
1B
100
AcDbEntity
  8
B.Cu
  6
CONTINUOUS
100
AcDbLine
 10
155.2953579999999931
 20
-65.0052560000000028
 30
0
 11
155.3774339999999938
 21
-65.1280919999999952
 31
0
  0
LINE
  5
EE3
330
1B
100
AcDbEntity
  8
B.Cu
  6
CONTINUOUS
100
AcDbLine
 10
155.3774339999999938
 20
-65.1280919999999952
 30
0
 11
155.4819059999999808
 21
-65.2325639999999964
 31
0
  0
LINE
  5
EE4
330
1B
100
AcDbEntity
  8
B.Cu
  6
CONTINUOUS
100
AcDbLine
 10
155.4819059999999808
 20
-65.2325639999999964
 30
0
 11
155.6047419999999875
 21
-65.3146399999999971
 31
0
  0
LINE
  5
EE5
330
1B
100
AcDbEntity
  8
B.Cu
  6
CONTINUOUS
100
AcDbLine
 10
155.6047419999999875
 20
-65.3146399999999971
 30
0
 11
155.741234999999989
 21
-65.371177000000003
 31
0
  0
LINE
  5
EE6
330
1B
100
AcDbEntity
  8
B.Cu
  6
CONTINUOUS
100
AcDbLine
 10
155.741234999999989
 20
-65.371177000000003
 30
0
 11
155.7412339999999915
 21
-65.371177000000003
 31
0
  0
LINE
  5
EE7
330
1B
100
AcDbEntity
  8
B.Cu
  6
CONTINUOUS
100
AcDbLine
 10
155.7412339999999915
 20
-65.371177000000003
 30
0
 11
155.8100000000000023
 21
-65.38485399999999
 31
0
  0
LINE
  5
EE8
330
1B
100
AcDbEntity
  8
B.Cu
  6
CONTINUOUS
100
AcDbLine
 10
155.8100000000000023
 20
-65.38485399999999
 30
0
 11
155.8100000000000023
 21
-65.1230159999999927
 31
0
  0
LINE
  5
EE9
330
1B
100
AcDbEntity
  8
B.Cu
  6
CONTINUOUS
100
AcDbLine
 10
155.8100000000000023
 20
-65.1230159999999927
 30
0
 11
155.7686579999999879
 21
-65.1119389999999925
 31
0
  0
LINE
  5
EEA
330
1B
100
AcDbEntity
  8
B.Cu
  6
CONTINUOUS
100
AcDbLine
 10
155.7686579999999879
 20
-65.1119389999999925
 30
0
 11
155.6556190000000015
 21
-65.0466759999999908
 31
0
  0
LINE
  5
EEB
330
1B
100
AcDbEntity
  8
B.Cu
  6
CONTINUOUS
100
AcDbLine
 10
155.6556190000000015
 20
-65.0466759999999908
 30
0
 11
155.5633229999999969
 21
-64.9543800000000005
 31
0
  0
LINE
  5
EEC
330
1B
100
AcDbEntity
  8
B.Cu
  6
CONTINUOUS
100
AcDbLine
 10
155.5633229999999969
 20
-64.9543800000000005
 30
0
 11
155.4980599999999811
 21
-64.8413409999999999
 31
0
  0
LINE
  5
EED
330
1B
100
AcDbEntity
  8
B.Cu
  6
CONTINUOUS
100
AcDbLine
 10
155.4980599999999811
 20
-64.8413409999999999
 30
0
 11
155.4642779999999789
 21
-64.7152619999999956
 31
0
  0
LINE
  5
EEE
330
1B
100
AcDbEntity
  8
B.Cu
  6
CONTINUOUS
100
AcDbLine
 10
155.4642779999999789
 20
-64.7152619999999956
 30
0
 11
155.4599999999999795
 21
-64.649998999999994
 31
0
  0
LINE
  5
EEF
330
1B
100
AcDbEntity
  8
B.Cu
  6
CONTINUOUS
100
AcDbLine
 10
155.4599999999999795
 20
-64.649998999999994
 30
0
 11
155.4599999999999795
 21
-64.4999990000000025
 31
0
  0
LINE
  5
EF0
330
1B
100
AcDbEntity
  8
B.Cu
  6
CONTINUOUS
100
AcDbLine
 10
155.4599999999999795
 20
-64.4999990000000025
 30
0
 11
155.2100010000000054
 21
-64.4999990000000025
 31
0
  0
LINE
  5
EF1
330
1B
100
AcDbEntity
  8
B.Cu
  6
CONTINUOUS
100
AcDbLine
 10
147.8199999999999932
 20
-64.649998999999994
 30
0
 11
147.8157219999999938
 21
-64.7152619999999956
 31
0
  0
LINE
  5
EF2
330
1B
100
AcDbEntity
  8
B.Cu
  6
CONTINUOUS
100
AcDbLine
 10
147.8157219999999938
 20
-64.7152619999999956
 30
0
 11
147.7819399999999916
 21
-64.8413409999999999
 31
0
  0
LINE
  5
EF3
330
1B
100
AcDbEntity
  8
B.Cu
  6
CONTINUOUS
100
AcDbLine
 10
147.7819399999999916
 20
-64.8413409999999999
 30
0
 11
147.7166770000000042
 21
-64.9543800000000005
 31
0
  0
LINE
  5
EF4
330
1B
100
AcDbEntity
  8
B.Cu
  6
CONTINUOUS
100
AcDbLine
 10
147.7166770000000042
 20
-64.9543800000000005
 30
0
 11
147.6243809999999996
 21
-65.0466759999999908
 31
0
  0
LINE
  5
EF5
330
1B
100
AcDbEntity
  8
B.Cu
  6
CONTINUOUS
100
AcDbLine
 10
147.6243809999999996
 20
-65.0466759999999908
 30
0
 11
147.5113419999999849
 21
-65.1119389999999925
 31
0
  0
LINE
  5
EF6
330
1B
100
AcDbEntity
  8
B.Cu
  6
CONTINUOUS
100
AcDbLine
 10
147.5113419999999849
 20
-65.1119389999999925
 30
0
 11
147.4699999999999989
 21
-65.1230159999999927
 31
0
  0
LINE
  5
EF7
330
1B
100
AcDbEntity
  8
B.Cu
  6
CONTINUOUS
100
AcDbLine
 10
147.4699999999999989
 20
-65.1230159999999927
 30
0
 11
147.4699999999999989
 21
-65.3848529999999926
 31
0
  0
LINE
  5
EF8
330
1B
100
AcDbEntity
  8
B.Cu
  6
CONTINUOUS
100
AcDbLine
 10
147.4699999999999989
 20
-65.3848529999999926
 30
0
 11
147.5387649999999837
 21
-65.371177000000003
 31
0
  0
LINE
  5
EF9
330
1B
100
AcDbEntity
  8
B.Cu
  6
CONTINUOUS
100
AcDbLine
 10
147.5387649999999837
 20
-65.371177000000003
 30
0
 11
147.6752569999999878
 21
-65.3146399999999971
 31
0
  0
LINE
  5
EFA
330
1B
100
AcDbEntity
  8
B.Cu
  6
CONTINUOUS
100
AcDbLine
 10
147.6752569999999878
 20
-65.3146399999999971
 30
0
 11
147.7980929999999944
 21
-65.2325639999999964
 31
0
  0
LINE
  5
EFB
330
1B
100
AcDbEntity
  8
B.Cu
  6
CONTINUOUS
100
AcDbLine
 10
147.7980929999999944
 20
-65.2325639999999964
 30
0
 11
147.9025649999999814
 21
-65.1280919999999952
 31
0
  0
LINE
  5
EFC
330
1B
100
AcDbEntity
  8
B.Cu
  6
CONTINUOUS
100
AcDbLine
 10
147.9025649999999814
 20
-65.1280919999999952
 30
0
 11
147.9846409999999821
 21
-65.0052560000000028
 31
0
  0
LINE
  5
EFD
330
1B
100
AcDbEntity
  8
B.Cu
  6
CONTINUOUS
100
AcDbLine
 10
147.9846409999999821
 20
-65.0052560000000028
 30
0
 11
148.0411760000000072
 21
-64.8687690000000003
 31
0
  0
LINE
  5
EFE
330
1B
100
AcDbEntity
  8
B.Cu
  6
CONTINUOUS
100
AcDbLine
 10
148.0411760000000072
 20
-64.8687690000000003
 30
0
 11
148.0411780000000022
 21
-64.8687630000000013
 31
0
  0
LINE
  5
EFF
330
1B
100
AcDbEntity
  8
B.Cu
  6
CONTINUOUS
100
AcDbLine
 10
148.0411780000000022
 20
-64.8687630000000013
 30
0
 11
148.0699989999999957
 21
-64.7238699999999909
 31
0
  0
LINE
  5
F00
330
1B
100
AcDbEntity
  8
B.Cu
  6
CONTINUOUS
100
AcDbLine
 10
148.0699989999999957
 20
-64.7238699999999909
 30
0
 11
148.0699999999999932
 21
-64.723866000000001
 31
0
  0
LINE
  5
F01
330
1B
100
AcDbEntity
  8
B.Cu
  6
CONTINUOUS
100
AcDbLine
 10
148.0699999999999932
 20
-64.723866000000001
 30
0
 11
148.0699999999999932
 21
-64.5
 31
0
  0
LINE
  5
F02
330
1B
100
AcDbEntity
  8
B.Cu
  6
CONTINUOUS
100
AcDbLine
 10
148.0699999999999932
 20
-64.5
 30
0
 11
148.0699989999999957
 21
-64.4999990000000025
 31
0
  0
LINE
  5
F03
330
1B
100
AcDbEntity
  8
B.Cu
  6
CONTINUOUS
100
AcDbLine
 10
148.0699989999999957
 20
-64.4999990000000025
 30
0
 11
147.8199999999999932
 21
-64.4999990000000025
 31
0
  0
LINE
  5
F04
330
1B
100
AcDbEntity
  8
B.Cu
  6
CONTINUOUS
100
AcDbLine
 10
147.8199999999999932
 20
-64.4999990000000025
 30
0
 11
147.8199999999999932
 21
-64.649998999999994
 31
0
  0
LINE
  5
F05
330
1B
100
AcDbEntity
  8
B.Cu
  6
CONTINUOUS
100
AcDbLine
 10
156.4599999999999795
 20
-64.649998999999994
 30
0
 11
156.4557219999999802
 21
-64.7152619999999956
 31
0
  0
LINE
  5
F06
330
1B
100
AcDbEntity
  8
B.Cu
  6
CONTINUOUS
100
AcDbLine
 10
156.4557219999999802
 20
-64.7152619999999956
 30
0
 11
156.4219400000000064
 21
-64.8413409999999999
 31
0
  0
LINE
  5
F07
330
1B
100
AcDbEntity
  8
B.Cu
  6
CONTINUOUS
100
AcDbLine
 10
156.4219400000000064
 20
-64.8413409999999999
 30
0
 11
156.3566769999999906
 21
-64.9543800000000005
 31
0
  0
LINE
  5
F08
330
1B
100
AcDbEntity
  8
B.Cu
  6
CONTINUOUS
100
AcDbLine
 10
156.3566769999999906
 20
-64.9543800000000005
 30
0
 11
156.264380999999986
 21
-65.0466759999999908
 31
0
  0
LINE
  5
F09
330
1B
100
AcDbEntity
  8
B.Cu
  6
CONTINUOUS
100
AcDbLine
 10
156.264380999999986
 20
-65.0466759999999908
 30
0
 11
156.1513419999999996
 21
-65.1119389999999925
 31
0
  0
LINE
  5
F0A
330
1B
100
AcDbEntity
  8
B.Cu
  6
CONTINUOUS
100
AcDbLine
 10
156.1513419999999996
 20
-65.1119389999999925
 30
0
 11
156.1099999999999852
 21
-65.1230159999999927
 31
0
  0
LINE
  5
F0B
330
1B
100
AcDbEntity
  8
B.Cu
  6
CONTINUOUS
100
AcDbLine
 10
156.1099999999999852
 20
-65.1230159999999927
 30
0
 11
156.1099999999999852
 21
-65.3848529999999926
 31
0
  0
LINE
  5
F0C
330
1B
100
AcDbEntity
  8
B.Cu
  6
CONTINUOUS
100
AcDbLine
 10
156.1099999999999852
 20
-65.3848529999999926
 30
0
 11
156.1787649999999985
 21
-65.371177000000003
 31
0
  0
LINE
  5
F0D
330
1B
100
AcDbEntity
  8
B.Cu
  6
CONTINUOUS
100
AcDbLine
 10
156.1787649999999985
 20
-65.371177000000003
 30
0
 11
156.3152570000000026
 21
-65.3146399999999971
 31
0
  0
LINE
  5
F0E
330
1B
100
AcDbEntity
  8
B.Cu
  6
CONTINUOUS
100
AcDbLine
 10
156.3152570000000026
 20
-65.3146399999999971
 30
0
 11
156.4380929999999807
 21
-65.2325639999999964
 31
0
  0
LINE
  5
F0F
330
1B
100
AcDbEntity
  8
B.Cu
  6
CONTINUOUS
100
AcDbLine
 10
156.4380929999999807
 20
-65.2325639999999964
 30
0
 11
156.5425649999999962
 21
-65.1280919999999952
 31
0
  0
LINE
  5
F10
330
1B
100
AcDbEntity
  8
B.Cu
  6
CONTINUOUS
100
AcDbLine
 10
156.5425649999999962
 20
-65.1280919999999952
 30
0
 11
156.6246409999999969
 21
-65.0052560000000028
 31
0
  0
LINE
  5
F11
330
1B
100
AcDbEntity
  8
B.Cu
  6
CONTINUOUS
100
AcDbLine
 10
156.6246409999999969
 20
-65.0052560000000028
 30
0
 11
156.6811759999999936
 21
-64.8687690000000003
 31
0
  0
LINE
  5
F12
330
1B
100
AcDbEntity
  8
B.Cu
  6
CONTINUOUS
100
AcDbLine
 10
156.6811759999999936
 20
-64.8687690000000003
 30
0
 11
156.6811779999999885
 21
-64.8687630000000013
 31
0
  0
LINE
  5
F13
330
1B
100
AcDbEntity
  8
B.Cu
  6
CONTINUOUS
100
AcDbLine
 10
156.6811779999999885
 20
-64.8687630000000013
 30
0
 11
156.7099989999999821
 21
-64.7238699999999909
 31
0
  0
LINE
  5
F14
330
1B
100
AcDbEntity
  8
B.Cu
  6
CONTINUOUS
100
AcDbLine
 10
156.7099989999999821
 20
-64.7238699999999909
 30
0
 11
156.7099999999999795
 21
-64.723866000000001
 31
0
  0
LINE
  5
F15
330
1B
100
AcDbEntity
  8
B.Cu
  6
CONTINUOUS
100
AcDbLine
 10
156.7099999999999795
 20
-64.723866000000001
 30
0
 11
156.7099999999999795
 21
-64.5
 31
0
  0
LINE
  5
F16
330
1B
100
AcDbEntity
  8
B.Cu
  6
CONTINUOUS
100
AcDbLine
 10
156.7099999999999795
 20
-64.5
 30
0
 11
156.7099989999999821
 21
-64.4999990000000025
 31
0
  0
LINE
  5
F17
330
1B
100
AcDbEntity
  8
B.Cu
  6
CONTINUOUS
100
AcDbLine
 10
156.7099989999999821
 20
-64.4999990000000025
 30
0
 11
156.4599999999999795
 21
-64.4999990000000025
 31
0
  0
LINE
  5
F18
330
1B
100
AcDbEntity
  8
B.Cu
  6
CONTINUOUS
100
AcDbLine
 10
156.4599999999999795
 20
-64.4999990000000025
 30
0
 11
156.4599999999999795
 21
-64.649998999999994
 31
0
  0
LINE
  5
F19
330
1B
100
AcDbEntity
  8
B.Cu
  6
CONTINUOUS
100
AcDbLine
 10
156.1099999999999852
 20
-63.5769809999999964
 30
0
 11
156.1513419999999996
 21
-63.5880589999999941
 31
0
  0
LINE
  5
F1A
330
1B
100
AcDbEntity
  8
B.Cu
  6
CONTINUOUS
100
AcDbLine
 10
156.1513419999999996
 20
-63.5880589999999941
 30
0
 11
156.264380999999986
 21
-63.6533219999999957
 31
0
  0
LINE
  5
F1B
330
1B
100
AcDbEntity
  8
B.Cu
  6
CONTINUOUS
100
AcDbLine
 10
156.264380999999986
 20
-63.6533219999999957
 30
0
 11
156.3566769999999906
 21
-63.7456180000000003
 31
0
  0
LINE
  5
F1C
330
1B
100
AcDbEntity
  8
B.Cu
  6
CONTINUOUS
100
AcDbLine
 10
156.3566769999999906
 20
-63.7456180000000003
 30
0
 11
156.4219400000000064
 21
-63.8586569999999938
 31
0
  0
LINE
  5
F1D
330
1B
100
AcDbEntity
  8
B.Cu
  6
CONTINUOUS
100
AcDbLine
 10
156.4219400000000064
 20
-63.8586569999999938
 30
0
 11
156.4557219999999802
 21
-63.9847359999999981
 31
0
  0
LINE
  5
F1E
330
1B
100
AcDbEntity
  8
B.Cu
  6
CONTINUOUS
100
AcDbLine
 10
156.4557219999999802
 20
-63.9847359999999981
 30
0
 11
156.4599999999999795
 21
-64.0499989999999997
 31
0
  0
LINE
  5
F1F
330
1B
100
AcDbEntity
  8
B.Cu
  6
CONTINUOUS
100
AcDbLine
 10
156.4599999999999795
 20
-64.0499989999999997
 30
0
 11
156.4599999999999795
 21
-64.1999989999999912
 31
0
  0
LINE
  5
F20
330
1B
100
AcDbEntity
  8
B.Cu
  6
CONTINUOUS
100
AcDbLine
 10
156.4599999999999795
 20
-64.1999989999999912
 30
0
 11
156.7099989999999821
 21
-64.1999989999999912
 31
0
  0
LINE
  5
F21
330
1B
100
AcDbEntity
  8
B.Cu
  6
CONTINUOUS
100
AcDbLine
 10
156.7099989999999821
 20
-64.1999989999999912
 30
0
 11
156.7099999999999795
 21
-64.1999979999999937
 31
0
  0
LINE
  5
F22
330
1B
100
AcDbEntity
  8
B.Cu
  6
CONTINUOUS
100
AcDbLine
 10
156.7099999999999795
 20
-64.1999979999999937
 30
0
 11
156.7099999999999795
 21
-63.9761309999999952
 31
0
  0
LINE
  5
F23
330
1B
100
AcDbEntity
  8
B.Cu
  6
CONTINUOUS
100
AcDbLine
 10
156.7099999999999795
 20
-63.9761309999999952
 30
0
 11
156.7099989999999821
 21
-63.9761269999999982
 31
0
  0
LINE
  5
F24
330
1B
100
AcDbEntity
  8
B.Cu
  6
CONTINUOUS
100
AcDbLine
 10
156.7099989999999821
 20
-63.9761269999999982
 30
0
 11
156.6811779999999885
 21
-63.8312339999999949
 31
0
  0
LINE
  5
F25
330
1B
100
AcDbEntity
  8
B.Cu
  6
CONTINUOUS
100
AcDbLine
 10
156.6811779999999885
 20
-63.8312339999999949
 30
0
 11
156.6811759999999936
 21
-63.8312279999999959
 31
0
  0
LINE
  5
F26
330
1B
100
AcDbEntity
  8
B.Cu
  6
CONTINUOUS
100
AcDbLine
 10
156.6811759999999936
 20
-63.8312279999999959
 30
0
 11
156.6246409999999969
 21
-63.6947410000000005
 31
0
  0
LINE
  5
F27
330
1B
100
AcDbEntity
  8
B.Cu
  6
CONTINUOUS
100
AcDbLine
 10
156.6246409999999969
 20
-63.6947410000000005
 30
0
 11
156.5425649999999962
 21
-63.5719049999999939
 31
0
  0
LINE
  5
F28
330
1B
100
AcDbEntity
  8
B.Cu
  6
CONTINUOUS
100
AcDbLine
 10
156.5425649999999962
 20
-63.5719049999999939
 30
0
 11
156.4380929999999807
 21
-63.4674329999999998
 31
0
  0
LINE
  5
F29
330
1B
100
AcDbEntity
  8
B.Cu
  6
CONTINUOUS
100
AcDbLine
 10
156.4380929999999807
 20
-63.4674329999999998
 30
0
 11
156.3152570000000026
 21
-63.3853569999999991
 31
0
  0
LINE
  5
F2A
330
1B
100
AcDbEntity
  8
B.Cu
  6
CONTINUOUS
100
AcDbLine
 10
156.3152570000000026
 20
-63.3853569999999991
 30
0
 11
156.1787669999999935
 21
-63.3288209999999978
 31
0
  0
LINE
  5
F2B
330
1B
100
AcDbEntity
  8
B.Cu
  6
CONTINUOUS
100
AcDbLine
 10
156.1787669999999935
 20
-63.3288209999999978
 30
0
 11
156.1099999999999852
 21
-63.3151419999999945
 31
0
  0
LINE
  5
F2C
330
1B
100
AcDbEntity
  8
B.Cu
  6
CONTINUOUS
100
AcDbLine
 10
156.1099999999999852
 20
-63.3151419999999945
 30
0
 11
156.1099999999999852
 21
-63.5769809999999964
 31
0
  0
LINE
  5
F2D
330
1B
100
AcDbEntity
  8
B.Cu
  6
CONTINUOUS
100
AcDbLine
 10
148.0411780000000022
 20
-63.8312339999999949
 30
0
 11
148.0411760000000072
 21
-63.8312279999999959
 31
0
  0
LINE
  5
F2E
330
1B
100
AcDbEntity
  8
B.Cu
  6
CONTINUOUS
100
AcDbLine
 10
148.0411760000000072
 20
-63.8312279999999959
 30
0
 11
147.9846409999999821
 21
-63.6947410000000005
 31
0
  0
LINE
  5
F2F
330
1B
100
AcDbEntity
  8
B.Cu
  6
CONTINUOUS
100
AcDbLine
 10
147.9846409999999821
 20
-63.6947410000000005
 30
0
 11
147.9025649999999814
 21
-63.5719049999999939
 31
0
  0
LINE
  5
F30
330
1B
100
AcDbEntity
  8
B.Cu
  6
CONTINUOUS
100
AcDbLine
 10
147.9025649999999814
 20
-63.5719049999999939
 30
0
 11
147.7980929999999944
 21
-63.4674329999999998
 31
0
  0
LINE
  5
F31
330
1B
100
AcDbEntity
  8
B.Cu
  6
CONTINUOUS
100
AcDbLine
 10
147.7980929999999944
 20
-63.4674329999999998
 30
0
 11
147.6752569999999878
 21
-63.3853569999999991
 31
0
  0
LINE
  5
F32
330
1B
100
AcDbEntity
  8
B.Cu
  6
CONTINUOUS
100
AcDbLine
 10
147.6752569999999878
 20
-63.3853569999999991
 30
0
 11
147.5387670000000071
 21
-63.3288209999999978
 31
0
  0
LINE
  5
F33
330
1B
100
AcDbEntity
  8
B.Cu
  6
CONTINUOUS
100
AcDbLine
 10
147.5387670000000071
 20
-63.3288209999999978
 30
0
 11
147.4699999999999989
 21
-63.3151419999999945
 31
0
  0
LINE
  5
F34
330
1B
100
AcDbEntity
  8
B.Cu
  6
CONTINUOUS
100
AcDbLine
 10
147.4699999999999989
 20
-63.3151419999999945
 30
0
 11
147.4699999999999989
 21
-63.5769809999999964
 31
0
  0
LINE
  5
F35
330
1B
100
AcDbEntity
  8
B.Cu
  6
CONTINUOUS
100
AcDbLine
 10
147.4699999999999989
 20
-63.5769809999999964
 30
0
 11
147.5113419999999849
 21
-63.5880589999999941
 31
0
  0
LINE
  5
F36
330
1B
100
AcDbEntity
  8
B.Cu
  6
CONTINUOUS
100
AcDbLine
 10
147.5113419999999849
 20
-63.5880589999999941
 30
0
 11
147.6243809999999996
 21
-63.6533219999999957
 31
0
  0
LINE
  5
F37
330
1B
100
AcDbEntity
  8
B.Cu
  6
CONTINUOUS
100
AcDbLine
 10
147.6243809999999996
 20
-63.6533219999999957
 30
0
 11
147.7166770000000042
 21
-63.7456180000000003
 31
0
  0
LINE
  5
F38
330
1B
100
AcDbEntity
  8
B.Cu
  6
CONTINUOUS
100
AcDbLine
 10
147.7166770000000042
 20
-63.7456180000000003
 30
0
 11
147.7819399999999916
 21
-63.8586569999999938
 31
0
  0
LINE
  5
F39
330
1B
100
AcDbEntity
  8
B.Cu
  6
CONTINUOUS
100
AcDbLine
 10
147.7819399999999916
 20
-63.8586569999999938
 30
0
 11
147.8157219999999938
 21
-63.9847359999999981
 31
0
  0
LINE
  5
F3A
330
1B
100
AcDbEntity
  8
B.Cu
  6
CONTINUOUS
100
AcDbLine
 10
147.8157219999999938
 20
-63.9847359999999981
 30
0
 11
147.8199999999999932
 21
-64.0499989999999997
 31
0
  0
LINE
  5
F3B
330
1B
100
AcDbEntity
  8
B.Cu
  6
CONTINUOUS
100
AcDbLine
 10
147.8199999999999932
 20
-64.0499989999999997
 30
0
 11
147.8199999999999932
 21
-64.1999989999999912
 31
0
  0
LINE
  5
F3C
330
1B
100
AcDbEntity
  8
B.Cu
  6
CONTINUOUS
100
AcDbLine
 10
147.8199999999999932
 20
-64.1999989999999912
 30
0
 11
148.0699989999999957
 21
-64.1999989999999912
 31
0
  0
LINE
  5
F3D
330
1B
100
AcDbEntity
  8
B.Cu
  6
CONTINUOUS
100
AcDbLine
 10
148.0699989999999957
 20
-64.1999989999999912
 30
0
 11
148.0699999999999932
 21
-64.1999979999999937
 31
0
  0
LINE
  5
F3E
330
1B
100
AcDbEntity
  8
B.Cu
  6
CONTINUOUS
100
AcDbLine
 10
148.0699999999999932
 20
-64.1999979999999937
 30
0
 11
148.0699999999999932
 21
-63.9761309999999952
 31
0
  0
LINE
  5
F3F
330
1B
100
AcDbEntity
  8
B.Cu
  6
CONTINUOUS
100
AcDbLine
 10
148.0699999999999932
 20
-63.9761309999999952
 30
0
 11
148.0699989999999957
 21
-63.9761269999999982
 31
0
  0
LINE
  5
F40
330
1B
100
AcDbEntity
  8
B.Cu
  6
CONTINUOUS
100
AcDbLine
 10
148.0699989999999957
 20
-63.9761269999999982
 30
0
 11
148.0411780000000022
 21
-63.8312339999999949
 31
0
  0
LINE
  5
F41
330
1B
100
AcDbEntity
  8
B.Cu
  6
CONTINUOUS
100
AcDbLine
 10
125.0199989999999985
 20
-106.0347019999999958
 30
0
 11
125.0499409999999898
 21
-106.2621329999999915
 31
0
  0
LINE
  5
F42
330
1B
100
AcDbEntity
  8
B.Cu
  6
CONTINUOUS
100
AcDbLine
 10
125.0499409999999898
 20
-106.2621329999999915
 30
0
 11
125.0499409999999898
 21
-106.2621379999999931
 31
0
  0
LINE
  5
F43
330
1B
100
AcDbEntity
  8
B.Cu
  6
CONTINUOUS
100
AcDbLine
 10
125.0499409999999898
 20
-106.2621379999999931
 30
0
 11
125.1093139999999977
 21
-106.4837179999999961
 31
0
  0
LINE
  5
F44
330
1B
100
AcDbEntity
  8
B.Cu
  6
CONTINUOUS
100
AcDbLine
 10
125.1093139999999977
 20
-106.4837179999999961
 30
0
 11
125.1093179999999876
 21
-106.4837309999999917
 31
0
  0
LINE
  5
F45
330
1B
100
AcDbEntity
  8
B.Cu
  6
CONTINUOUS
100
AcDbLine
 10
125.1093179999999876
 20
-106.4837309999999917
 30
0
 11
125.1970999999999918
 21
-106.6956579999999946
 31
0
  0
LINE
  5
F46
330
1B
100
AcDbEntity
  8
B.Cu
  6
CONTINUOUS
100
AcDbLine
 10
125.1970999999999918
 20
-106.6956579999999946
 30
0
 11
125.3118039999999951
 21
-106.8943319999999915
 31
0
  0
LINE
  5
F47
330
1B
100
AcDbEntity
  8
B.Cu
  6
CONTINUOUS
100
AcDbLine
 10
125.3118039999999951
 20
-106.8943319999999915
 30
0
 11
125.4297819999999888
 21
-107.0480829999999912
 31
0
  0
LINE
  5
F48
330
1B
100
AcDbEntity
  8
B.Cu
  6
CONTINUOUS
100
AcDbLine
 10
125.4297819999999888
 20
-107.0480829999999912
 30
0
 11
125.6101599999999934
 21
-106.8677039999999892
 31
0
  0
LINE
  5
F49
330
1B
100
AcDbEntity
  8
B.Cu
  6
CONTINUOUS
100
AcDbLine
 10
125.6101599999999934
 20
-106.8677039999999892
 30
0
 11
125.4910390000000007
 21
-106.7037479999999903
 31
0
  0
LINE
  5
F4A
330
1B
100
AcDbEntity
  8
B.Cu
  6
CONTINUOUS
100
AcDbLine
 10
125.4910390000000007
 20
-106.7037479999999903
 30
0
 11
125.3841800000000006
 21
-106.4940249999999935
 31
0
  0
LINE
  5
F4B
330
1B
100
AcDbEntity
  8
B.Cu
  6
CONTINUOUS
100
AcDbLine
 10
125.3841800000000006
 20
-106.4940249999999935
 30
0
 11
125.3114439999999945
 21
-106.2701679999999982
 31
0
  0
LINE
  5
F4C
330
1B
100
AcDbEntity
  8
B.Cu
  6
CONTINUOUS
100
AcDbLine
 10
125.3114439999999945
 20
-106.2701679999999982
 30
0
 11
125.2746229999999912
 21
-106.0376890000000003
 31
0
  0
LINE
  5
F4D
330
1B
100
AcDbEntity
  8
B.Cu
  6
CONTINUOUS
100
AcDbLine
 10
125.2746229999999912
 20
-106.0376890000000003
 30
0
 11
125.2746229999999912
 21
-105.8023109999999889
 31
0
  0
LINE
  5
F4E
330
1B
100
AcDbEntity
  8
B.Cu
  6
CONTINUOUS
100
AcDbLine
 10
125.2746229999999912
 20
-105.8023109999999889
 30
0
 11
125.3114439999999945
 21
-105.569831999999991
 31
0
  0
LINE
  5
F4F
330
1B
100
AcDbEntity
  8
B.Cu
  6
CONTINUOUS
100
AcDbLine
 10
125.3114439999999945
 20
-105.569831999999991
 30
0
 11
125.3841800000000006
 21
-105.3459749999999957
 31
0
  0
LINE
  5
F50
330
1B
100
AcDbEntity
  8
B.Cu
  6
CONTINUOUS
100
AcDbLine
 10
125.3841800000000006
 20
-105.3459749999999957
 30
0
 11
125.4910390000000007
 21
-105.1362519999999989
 31
0
  0
LINE
  5
F51
330
1B
100
AcDbEntity
  8
B.Cu
  6
CONTINUOUS
100
AcDbLine
 10
125.4910390000000007
 20
-105.1362519999999989
 30
0
 11
125.6101599999999934
 21
-104.9722939999999909
 31
0
  0
LINE
  5
F52
330
1B
100
AcDbEntity
  8
B.Cu
  6
CONTINUOUS
100
AcDbLine
 10
125.6101599999999934
 20
-104.9722939999999909
 30
0
 11
125.4297809999999913
 21
-104.7919149999999888
 31
0
  0
LINE
  5
F53
330
1B
100
AcDbEntity
  8
B.Cu
  6
CONTINUOUS
100
AcDbLine
 10
125.4297809999999913
 20
-104.7919149999999888
 30
0
 11
125.3118069999999875
 21
-104.9456619999999987
 31
0
  0
LINE
  5
F54
330
1B
100
AcDbEntity
  8
B.Cu
  6
CONTINUOUS
100
AcDbLine
 10
125.3118069999999875
 20
-104.9456619999999987
 30
0
 11
125.1970999999999918
 21
-105.1443409999999972
 31
0
  0
LINE
  5
F55
330
1B
100
AcDbEntity
  8
B.Cu
  6
CONTINUOUS
100
AcDbLine
 10
125.1970999999999918
 20
-105.1443409999999972
 30
0
 11
125.1093179999999876
 21
-105.356268
 31
0
  0
LINE
  5
F56
330
1B
100
AcDbEntity
  8
B.Cu
  6
CONTINUOUS
100
AcDbLine
 10
125.1093179999999876
 20
-105.356268
 30
0
 11
125.1093139999999977
 21
-105.3562809999999956
 31
0
  0
LINE
  5
F57
330
1B
100
AcDbEntity
  8
B.Cu
  6
CONTINUOUS
100
AcDbLine
 10
125.1093139999999977
 20
-105.3562809999999956
 30
0
 11
125.0499409999999898
 21
-105.5778609999999986
 31
0
  0
LINE
  5
F58
330
1B
100
AcDbEntity
  8
B.Cu
  6
CONTINUOUS
100
AcDbLine
 10
125.0499409999999898
 20
-105.5778609999999986
 30
0
 11
125.0499409999999898
 21
-105.5778660000000002
 31
0
  0
LINE
  5
F59
330
1B
100
AcDbEntity
  8
B.Cu
  6
CONTINUOUS
100
AcDbLine
 10
125.0499409999999898
 20
-105.5778660000000002
 30
0
 11
125.0199989999999985
 21
-105.8052969999999959
 31
0
  0
LINE
  5
F5A
330
1B
100
AcDbEntity
  8
B.Cu
  6
CONTINUOUS
100
AcDbLine
 10
125.0199989999999985
 20
-105.8052969999999959
 30
0
 11
125.0199989999999985
 21
-106.0347019999999958
 31
0
  0
LINE
  5
F5B
330
1B
100
AcDbEntity
  8
B.Cu
  6
CONTINUOUS
100
AcDbLine
 10
140.4799999999999898
 20
-106.0347019999999958
 30
0
 11
140.5099419999999952
 21
-106.2621329999999915
 31
0
  0
LINE
  5
F5C
330
1B
100
AcDbEntity
  8
B.Cu
  6
CONTINUOUS
100
AcDbLine
 10
140.5099419999999952
 20
-106.2621329999999915
 30
0
 11
140.5099419999999952
 21
-106.2621379999999931
 31
0
  0
LINE
  5
F5D
330
1B
100
AcDbEntity
  8
B.Cu
  6
CONTINUOUS
100
AcDbLine
 10
140.5099419999999952
 20
-106.2621379999999931
 30
0
 11
140.5693149999999889
 21
-106.4837179999999961
 31
0
  0
LINE
  5
F5E
330
1B
100
AcDbEntity
  8
B.Cu
  6
CONTINUOUS
100
AcDbLine
 10
140.5693149999999889
 20
-106.4837179999999961
 30
0
 11
140.5693190000000072
 21
-106.4837309999999917
 31
0
  0
LINE
  5
F5F
330
1B
100
AcDbEntity
  8
B.Cu
  6
CONTINUOUS
100
AcDbLine
 10
140.5693190000000072
 20
-106.4837309999999917
 30
0
 11
140.6571009999999831
 21
-106.6956579999999946
 31
0
  0
LINE
  5
F60
330
1B
100
AcDbEntity
  8
B.Cu
  6
CONTINUOUS
100
AcDbLine
 10
140.6571009999999831
 20
-106.6956579999999946
 30
0
 11
140.7718050000000005
 21
-106.8943319999999915
 31
0
  0
LINE
  5
F61
330
1B
100
AcDbEntity
  8
B.Cu
  6
CONTINUOUS
100
AcDbLine
 10
140.7718050000000005
 20
-106.8943319999999915
 30
0
 11
140.8897829999999942
 21
-107.0480829999999912
 31
0
  0
LINE
  5
F62
330
1B
100
AcDbEntity
  8
B.Cu
  6
CONTINUOUS
100
AcDbLine
 10
140.8897829999999942
 20
-107.0480829999999912
 30
0
 11
141.0701609999999846
 21
-106.8677039999999892
 31
0
  0
LINE
  5
F63
330
1B
100
AcDbEntity
  8
B.Cu
  6
CONTINUOUS
100
AcDbLine
 10
141.0701609999999846
 20
-106.8677039999999892
 30
0
 11
140.9510400000000061
 21
-106.7037479999999903
 31
0
  0
LINE
  5
F64
330
1B
100
AcDbEntity
  8
B.Cu
  6
CONTINUOUS
100
AcDbLine
 10
140.9510400000000061
 20
-106.7037479999999903
 30
0
 11
140.8441809999999919
 21
-106.4940249999999935
 31
0
  0
LINE
  5
F65
330
1B
100
AcDbEntity
  8
B.Cu
  6
CONTINUOUS
100
AcDbLine
 10
140.8441809999999919
 20
-106.4940249999999935
 30
0
 11
140.7714449999999999
 21
-106.2701679999999982
 31
0
  0
LINE
  5
F66
330
1B
100
AcDbEntity
  8
B.Cu
  6
CONTINUOUS
100
AcDbLine
 10
140.7714449999999999
 20
-106.2701679999999982
 30
0
 11
140.7346239999999966
 21
-106.0376890000000003
 31
0
  0
LINE
  5
F67
330
1B
100
AcDbEntity
  8
B.Cu
  6
CONTINUOUS
100
AcDbLine
 10
140.7346239999999966
 20
-106.0376890000000003
 30
0
 11
140.7346239999999966
 21
-105.8023109999999889
 31
0
  0
LINE
  5
F68
330
1B
100
AcDbEntity
  8
B.Cu
  6
CONTINUOUS
100
AcDbLine
 10
140.7346239999999966
 20
-105.8023109999999889
 30
0
 11
140.7714449999999999
 21
-105.569831999999991
 31
0
  0
LINE
  5
F69
330
1B
100
AcDbEntity
  8
B.Cu
  6
CONTINUOUS
100
AcDbLine
 10
140.7714449999999999
 20
-105.569831999999991
 30
0
 11
140.8441809999999919
 21
-105.3459749999999957
 31
0
  0
LINE
  5
F6A
330
1B
100
AcDbEntity
  8
B.Cu
  6
CONTINUOUS
100
AcDbLine
 10
140.8441809999999919
 20
-105.3459749999999957
 30
0
 11
140.9510400000000061
 21
-105.1362519999999989
 31
0
  0
LINE
  5
F6B
330
1B
100
AcDbEntity
  8
B.Cu
  6
CONTINUOUS
100
AcDbLine
 10
140.9510400000000061
 20
-105.1362519999999989
 30
0
 11
141.0701609999999846
 21
-104.9722939999999909
 31
0
  0
LINE
  5
F6C
330
1B
100
AcDbEntity
  8
B.Cu
  6
CONTINUOUS
100
AcDbLine
 10
141.0701609999999846
 20
-104.9722939999999909
 30
0
 11
140.8897819999999967
 21
-104.7919149999999888
 31
0
  0
LINE
  5
F6D
330
1B
100
AcDbEntity
  8
B.Cu
  6
CONTINUOUS
100
AcDbLine
 10
140.8897819999999967
 20
-104.7919149999999888
 30
0
 11
140.7718079999999929
 21
-104.9456619999999987
 31
0
  0
LINE
  5
F6E
330
1B
100
AcDbEntity
  8
B.Cu
  6
CONTINUOUS
100
AcDbLine
 10
140.7718079999999929
 20
-104.9456619999999987
 30
0
 11
140.6571009999999831
 21
-105.1443409999999972
 31
0
  0
LINE
  5
F6F
330
1B
100
AcDbEntity
  8
B.Cu
  6
CONTINUOUS
100
AcDbLine
 10
140.6571009999999831
 20
-105.1443409999999972
 30
0
 11
140.5693190000000072
 21
-105.356268
 31
0
  0
LINE
  5
F70
330
1B
100
AcDbEntity
  8
B.Cu
  6
CONTINUOUS
100
AcDbLine
 10
140.5693190000000072
 20
-105.356268
 30
0
 11
140.5693149999999889
 21
-105.3562809999999956
 31
0
  0
LINE
  5
F71
330
1B
100
AcDbEntity
  8
B.Cu
  6
CONTINUOUS
100
AcDbLine
 10
140.5693149999999889
 20
-105.3562809999999956
 30
0
 11
140.5099419999999952
 21
-105.5778609999999986
 31
0
  0
LINE
  5
F72
330
1B
100
AcDbEntity
  8
B.Cu
  6
CONTINUOUS
100
AcDbLine
 10
140.5099419999999952
 20
-105.5778609999999986
 30
0
 11
140.5099419999999952
 21
-105.5778660000000002
 31
0
  0
LINE
  5
F73
330
1B
100
AcDbEntity
  8
B.Cu
  6
CONTINUOUS
100
AcDbLine
 10
140.5099419999999952
 20
-105.5778660000000002
 30
0
 11
140.4799999999999898
 21
-105.8052969999999959
 31
0
  0
LINE
  5
F74
330
1B
100
AcDbEntity
  8
B.Cu
  6
CONTINUOUS
100
AcDbLine
 10
140.4799999999999898
 20
-105.8052969999999959
 30
0
 11
140.4799999999999898
 21
-106.0347019999999958
 31
0
  0
LINE
  5
F75
330
1B
100
AcDbEntity
  8
B.Cu
  6
CONTINUOUS
100
AcDbLine
 10
153.6200000000000045
 20
-106.0347019999999958
 30
0
 11
153.6499419999999816
 21
-106.2621329999999915
 31
0
  0
LINE
  5
F76
330
1B
100
AcDbEntity
  8
B.Cu
  6
CONTINUOUS
100
AcDbLine
 10
153.6499419999999816
 20
-106.2621329999999915
 30
0
 11
153.6499419999999816
 21
-106.2621379999999931
 31
0
  0
LINE
  5
F77
330
1B
100
AcDbEntity
  8
B.Cu
  6
CONTINUOUS
100
AcDbLine
 10
153.6499419999999816
 20
-106.2621379999999931
 30
0
 11
153.7093150000000037
 21
-106.4837179999999961
 31
0
  0
LINE
  5
F78
330
1B
100
AcDbEntity
  8
B.Cu
  6
CONTINUOUS
100
AcDbLine
 10
153.7093150000000037
 20
-106.4837179999999961
 30
0
 11
153.7093189999999936
 21
-106.4837309999999917
 31
0
  0
LINE
  5
F79
330
1B
100
AcDbEntity
  8
B.Cu
  6
CONTINUOUS
100
AcDbLine
 10
153.7093189999999936
 20
-106.4837309999999917
 30
0
 11
153.7971009999999978
 21
-106.6956579999999946
 31
0
  0
LINE
  5
F7A
330
1B
100
AcDbEntity
  8
B.Cu
  6
CONTINUOUS
100
AcDbLine
 10
153.7971009999999978
 20
-106.6956579999999946
 30
0
 11
153.9118049999999869
 21
-106.8943319999999915
 31
0
  0
LINE
  5
F7B
330
1B
100
AcDbEntity
  8
B.Cu
  6
CONTINUOUS
100
AcDbLine
 10
153.9118049999999869
 20
-106.8943319999999915
 30
0
 11
154.0297819999999831
 21
-107.0480819999999937
 31
0
  0
LINE
  5
F7C
330
1B
100
AcDbEntity
  8
B.Cu
  6
CONTINUOUS
100
AcDbLine
 10
154.0297819999999831
 20
-107.0480819999999937
 30
0
 11
154.2101600000000019
 21
-106.8677029999999917
 31
0
  0
LINE
  5
F7D
330
1B
100
AcDbEntity
  8
B.Cu
  6
CONTINUOUS
100
AcDbLine
 10
154.2101600000000019
 20
-106.8677029999999917
 30
0
 11
154.0910399999999925
 21
-106.7037479999999903
 31
0
  0
LINE
  5
F7E
330
1B
100
AcDbEntity
  8
B.Cu
  6
CONTINUOUS
100
AcDbLine
 10
154.0910399999999925
 20
-106.7037479999999903
 30
0
 11
153.9841810000000066
 21
-106.4940249999999935
 31
0
  0
LINE
  5
F7F
330
1B
100
AcDbEntity
  8
B.Cu
  6
CONTINUOUS
100
AcDbLine
 10
153.9841810000000066
 20
-106.4940249999999935
 30
0
 11
153.9114449999999863
 21
-106.2701679999999982
 31
0
  0
LINE
  5
F80
330
1B
100
AcDbEntity
  8
B.Cu
  6
CONTINUOUS
100
AcDbLine
 10
153.9114449999999863
 20
-106.2701679999999982
 30
0
 11
153.874623999999983
 21
-106.0376890000000003
 31
0
  0
LINE
  5
F81
330
1B
100
AcDbEntity
  8
B.Cu
  6
CONTINUOUS
100
AcDbLine
 10
153.874623999999983
 20
-106.0376890000000003
 30
0
 11
153.874623999999983
 21
-105.8023109999999889
 31
0
  0
LINE
  5
F82
330
1B
100
AcDbEntity
  8
B.Cu
  6
CONTINUOUS
100
AcDbLine
 10
153.874623999999983
 20
-105.8023109999999889
 30
0
 11
153.9114449999999863
 21
-105.569831999999991
 31
0
  0
LINE
  5
F83
330
1B
100
AcDbEntity
  8
B.Cu
  6
CONTINUOUS
100
AcDbLine
 10
153.9114449999999863
 20
-105.569831999999991
 30
0
 11
153.9841810000000066
 21
-105.3459749999999957
 31
0
  0
LINE
  5
F84
330
1B
100
AcDbEntity
  8
B.Cu
  6
CONTINUOUS
100
AcDbLine
 10
153.9841810000000066
 20
-105.3459749999999957
 30
0
 11
154.0910399999999925
 21
-105.1362519999999989
 31
0
  0
LINE
  5
F85
330
1B
100
AcDbEntity
  8
B.Cu
  6
CONTINUOUS
100
AcDbLine
 10
154.0910399999999925
 20
-105.1362519999999989
 30
0
 11
154.2101609999999994
 21
-104.9722939999999909
 31
0
  0
LINE
  5
F86
330
1B
100
AcDbEntity
  8
B.Cu
  6
CONTINUOUS
100
AcDbLine
 10
154.2101609999999994
 20
-104.9722939999999909
 30
0
 11
154.0297819999999831
 21
-104.7919149999999888
 31
0
  0
LINE
  5
F87
330
1B
100
AcDbEntity
  8
B.Cu
  6
CONTINUOUS
100
AcDbLine
 10
154.0297819999999831
 20
-104.7919149999999888
 30
0
 11
153.9118079999999793
 21
-104.9456619999999987
 31
0
  0
LINE
  5
F88
330
1B
100
AcDbEntity
  8
B.Cu
  6
CONTINUOUS
100
AcDbLine
 10
153.9118079999999793
 20
-104.9456619999999987
 30
0
 11
153.7971009999999978
 21
-105.1443409999999972
 31
0
  0
LINE
  5
F89
330
1B
100
AcDbEntity
  8
B.Cu
  6
CONTINUOUS
100
AcDbLine
 10
153.7971009999999978
 20
-105.1443409999999972
 30
0
 11
153.7093189999999936
 21
-105.356268
 31
0
  0
LINE
  5
F8A
330
1B
100
AcDbEntity
  8
B.Cu
  6
CONTINUOUS
100
AcDbLine
 10
153.7093189999999936
 20
-105.356268
 30
0
 11
153.7093150000000037
 21
-105.3562809999999956
 31
0
  0
LINE
  5
F8B
330
1B
100
AcDbEntity
  8
B.Cu
  6
CONTINUOUS
100
AcDbLine
 10
153.7093150000000037
 20
-105.3562809999999956
 30
0
 11
153.6499419999999816
 21
-105.5778609999999986
 31
0
  0
LINE
  5
F8C
330
1B
100
AcDbEntity
  8
B.Cu
  6
CONTINUOUS
100
AcDbLine
 10
153.6499419999999816
 20
-105.5778609999999986
 30
0
 11
153.6499419999999816
 21
-105.5778660000000002
 31
0
  0
LINE
  5
F8D
330
1B
100
AcDbEntity
  8
B.Cu
  6
CONTINUOUS
100
AcDbLine
 10
153.6499419999999816
 20
-105.5778660000000002
 30
0
 11
153.6200000000000045
 21
-105.8052969999999959
 31
0
  0
LINE
  5
F8E
330
1B
100
AcDbEntity
  8
B.Cu
  6
CONTINUOUS
100
AcDbLine
 10
153.6200000000000045
 20
-105.8052969999999959
 30
0
 11
153.6200000000000045
 21
-106.0347019999999958
 31
0
  0
LINE
  5
F8F
330
1B
100
AcDbEntity
  8
B.Cu
  6
CONTINUOUS
100
AcDbLine
 10
168.6799999999999784
 20
-106.0347019999999958
 30
0
 11
168.7099419999999839
 21
-106.2621329999999915
 31
0
  0
LINE
  5
F90
330
1B
100
AcDbEntity
  8
B.Cu
  6
CONTINUOUS
100
AcDbLine
 10
168.7099419999999839
 20
-106.2621329999999915
 30
0
 11
168.7099419999999839
 21
-106.2621379999999931
 31
0
  0
LINE
  5
F91
330
1B
100
AcDbEntity
  8
B.Cu
  6
CONTINUOUS
100
AcDbLine
 10
168.7099419999999839
 20
-106.2621379999999931
 30
0
 11
168.769315000000006
 21
-106.4837179999999961
 31
0
  0
LINE
  5
F92
330
1B
100
AcDbEntity
  8
B.Cu
  6
CONTINUOUS
100
AcDbLine
 10
168.769315000000006
 20
-106.4837179999999961
 30
0
 11
168.7693189999999959
 21
-106.4837309999999917
 31
0
  0
LINE
  5
F93
330
1B
100
AcDbEntity
  8
B.Cu
  6
CONTINUOUS
100
AcDbLine
 10
168.7693189999999959
 20
-106.4837309999999917
 30
0
 11
168.8571010000000001
 21
-106.6956579999999946
 31
0
  0
LINE
  5
F94
330
1B
100
AcDbEntity
  8
B.Cu
  6
CONTINUOUS
100
AcDbLine
 10
168.8571010000000001
 20
-106.6956579999999946
 30
0
 11
168.9718049999999891
 21
-106.8943319999999915
 31
0
  0
LINE
  5
F95
330
1B
100
AcDbEntity
  8
B.Cu
  6
CONTINUOUS
100
AcDbLine
 10
168.9718049999999891
 20
-106.8943319999999915
 30
0
 11
169.0897829999999828
 21
-107.0480829999999912
 31
0
  0
LINE
  5
F96
330
1B
100
AcDbEntity
  8
B.Cu
  6
CONTINUOUS
100
AcDbLine
 10
169.0897829999999828
 20
-107.0480829999999912
 30
0
 11
169.2701610000000016
 21
-106.8677039999999892
 31
0
  0
LINE
  5
F97
330
1B
100
AcDbEntity
  8
B.Cu
  6
CONTINUOUS
100
AcDbLine
 10
169.2701610000000016
 20
-106.8677039999999892
 30
0
 11
169.1510399999999947
 21
-106.7037479999999903
 31
0
  0
LINE
  5
F98
330
1B
100
AcDbEntity
  8
B.Cu
  6
CONTINUOUS
100
AcDbLine
 10
169.1510399999999947
 20
-106.7037479999999903
 30
0
 11
169.0441809999999805
 21
-106.4940249999999935
 31
0
  0
LINE
  5
F99
330
1B
100
AcDbEntity
  8
B.Cu
  6
CONTINUOUS
100
AcDbLine
 10
169.0441809999999805
 20
-106.4940249999999935
 30
0
 11
168.9714449999999886
 21
-106.2701679999999982
 31
0
  0
LINE
  5
F9A
330
1B
100
AcDbEntity
  8
B.Cu
  6
CONTINUOUS
100
AcDbLine
 10
168.9714449999999886
 20
-106.2701679999999982
 30
0
 11
168.9346239999999852
 21
-106.0376890000000003
 31
0
  0
LINE
  5
F9B
330
1B
100
AcDbEntity
  8
B.Cu
  6
CONTINUOUS
100
AcDbLine
 10
168.9346239999999852
 20
-106.0376890000000003
 30
0
 11
168.9346239999999852
 21
-105.8023109999999889
 31
0
  0
LINE
  5
F9C
330
1B
100
AcDbEntity
  8
B.Cu
  6
CONTINUOUS
100
AcDbLine
 10
168.9346239999999852
 20
-105.8023109999999889
 30
0
 11
168.9714449999999886
 21
-105.569831999999991
 31
0
  0
LINE
  5
F9D
330
1B
100
AcDbEntity
  8
B.Cu
  6
CONTINUOUS
100
AcDbLine
 10
168.9714449999999886
 20
-105.569831999999991
 30
0
 11
169.0441809999999805
 21
-105.3459749999999957
 31
0
  0
LINE
  5
F9E
330
1B
100
AcDbEntity
  8
B.Cu
  6
CONTINUOUS
100
AcDbLine
 10
169.0441809999999805
 20
-105.3459749999999957
 30
0
 11
169.1510399999999947
 21
-105.1362519999999989
 31
0
  0
LINE
  5
F9F
330
1B
100
AcDbEntity
  8
B.Cu
  6
CONTINUOUS
100
AcDbLine
 10
169.1510399999999947
 20
-105.1362519999999989
 30
0
 11
169.2701610000000016
 21
-104.9722939999999909
 31
0
  0
LINE
  5
FA0
330
1B
100
AcDbEntity
  8
B.Cu
  6
CONTINUOUS
100
AcDbLine
 10
169.2701610000000016
 20
-104.9722939999999909
 30
0
 11
169.0897819999999854
 21
-104.7919149999999888
 31
0
  0
LINE
  5
FA1
330
1B
100
AcDbEntity
  8
B.Cu
  6
CONTINUOUS
100
AcDbLine
 10
169.0897819999999854
 20
-104.7919149999999888
 30
0
 11
168.9718079999999816
 21
-104.9456619999999987
 31
0
  0
LINE
  5
FA2
330
1B
100
AcDbEntity
  8
B.Cu
  6
CONTINUOUS
100
AcDbLine
 10
168.9718079999999816
 20
-104.9456619999999987
 30
0
 11
168.8571010000000001
 21
-105.1443409999999972
 31
0
  0
LINE
  5
FA3
330
1B
100
AcDbEntity
  8
B.Cu
  6
CONTINUOUS
100
AcDbLine
 10
168.8571010000000001
 20
-105.1443409999999972
 30
0
 11
168.7693189999999959
 21
-105.356268
 31
0
  0
LINE
  5
FA4
330
1B
100
AcDbEntity
  8
B.Cu
  6
CONTINUOUS
100
AcDbLine
 10
168.7693189999999959
 20
-105.356268
 30
0
 11
168.769315000000006
 21
-105.3562809999999956
 31
0
  0
LINE
  5
FA5
330
1B
100
AcDbEntity
  8
B.Cu
  6
CONTINUOUS
100
AcDbLine
 10
168.769315000000006
 20
-105.3562809999999956
 30
0
 11
168.7099419999999839
 21
-105.5778609999999986
 31
0
  0
LINE
  5
FA6
330
1B
100
AcDbEntity
  8
B.Cu
  6
CONTINUOUS
100
AcDbLine
 10
168.7099419999999839
 20
-105.5778609999999986
 30
0
 11
168.7099419999999839
 21
-105.5778660000000002
 31
0
  0
LINE
  5
FA7
330
1B
100
AcDbEntity
  8
B.Cu
  6
CONTINUOUS
100
AcDbLine
 10
168.7099419999999839
 20
-105.5778660000000002
 30
0
 11
168.6799999999999784
 21
-105.8052969999999959
 31
0
  0
LINE
  5
FA8
330
1B
100
AcDbEntity
  8
B.Cu
  6
CONTINUOUS
100
AcDbLine
 10
168.6799999999999784
 20
-105.8052969999999959
 30
0
 11
168.6799999999999784
 21
-106.0347019999999958
 31
0
  0
LINE
  5
FA9
330
1B
100
AcDbEntity
  8
B.Cu
  6
CONTINUOUS
100
AcDbLine
 10
181.8199999999999932
 20
-106.0347019999999958
 30
0
 11
181.8499419999999986
 21
-106.2621329999999915
 31
0
  0
LINE
  5
FAA
330
1B
100
AcDbEntity
  8
B.Cu
  6
CONTINUOUS
100
AcDbLine
 10
181.8499419999999986
 20
-106.2621329999999915
 30
0
 11
181.8499419999999986
 21
-106.2621379999999931
 31
0
  0
LINE
  5
FAB
330
1B
100
AcDbEntity
  8
B.Cu
  6
CONTINUOUS
100
AcDbLine
 10
181.8499419999999986
 20
-106.2621379999999931
 30
0
 11
181.9093149999999923
 21
-106.4837179999999961
 31
0
  0
LINE
  5
FAC
330
1B
100
AcDbEntity
  8
B.Cu
  6
CONTINUOUS
100
AcDbLine
 10
181.9093149999999923
 20
-106.4837179999999961
 30
0
 11
181.9093189999999822
 21
-106.4837309999999917
 31
0
  0
LINE
  5
FAD
330
1B
100
AcDbEntity
  8
B.Cu
  6
CONTINUOUS
100
AcDbLine
 10
181.9093189999999822
 20
-106.4837309999999917
 30
0
 11
181.9971009999999865
 21
-106.6956579999999946
 31
0
  0
LINE
  5
FAE
330
1B
100
AcDbEntity
  8
B.Cu
  6
CONTINUOUS
100
AcDbLine
 10
181.9971009999999865
 20
-106.6956579999999946
 30
0
 11
182.1118050000000039
 21
-106.8943319999999915
 31
0
  0
LINE
  5
FAF
330
1B
100
AcDbEntity
  8
B.Cu
  6
CONTINUOUS
100
AcDbLine
 10
182.1118050000000039
 20
-106.8943319999999915
 30
0
 11
182.2297829999999976
 21
-107.0480829999999912
 31
0
  0
LINE
  5
FB0
330
1B
100
AcDbEntity
  8
B.Cu
  6
CONTINUOUS
100
AcDbLine
 10
182.2297829999999976
 20
-107.0480829999999912
 30
0
 11
182.410160999999988
 21
-106.8677039999999892
 31
0
  0
LINE
  5
FB1
330
1B
100
AcDbEntity
  8
B.Cu
  6
CONTINUOUS
100
AcDbLine
 10
182.410160999999988
 20
-106.8677039999999892
 30
0
 11
182.2910399999999811
 21
-106.7037479999999903
 31
0
  0
LINE
  5
FB2
330
1B
100
AcDbEntity
  8
B.Cu
  6
CONTINUOUS
100
AcDbLine
 10
182.2910399999999811
 20
-106.7037479999999903
 30
0
 11
182.1841809999999953
 21
-106.4940249999999935
 31
0
  0
LINE
  5
FB3
330
1B
100
AcDbEntity
  8
B.Cu
  6
CONTINUOUS
100
AcDbLine
 10
182.1841809999999953
 20
-106.4940249999999935
 30
0
 11
182.1114450000000033
 21
-106.2701679999999982
 31
0
  0
LINE
  5
FB4
330
1B
100
AcDbEntity
  8
B.Cu
  6
CONTINUOUS
100
AcDbLine
 10
182.1114450000000033
 20
-106.2701679999999982
 30
0
 11
182.074624
 21
-106.0376890000000003
 31
0
  0
LINE
  5
FB5
330
1B
100
AcDbEntity
  8
B.Cu
  6
CONTINUOUS
100
AcDbLine
 10
182.074624
 20
-106.0376890000000003
 30
0
 11
182.074624
 21
-105.8023109999999889
 31
0
  0
LINE
  5
FB6
330
1B
100
AcDbEntity
  8
B.Cu
  6
CONTINUOUS
100
AcDbLine
 10
182.074624
 20
-105.8023109999999889
 30
0
 11
182.1114450000000033
 21
-105.569831999999991
 31
0
  0
LINE
  5
FB7
330
1B
100
AcDbEntity
  8
B.Cu
  6
CONTINUOUS
100
AcDbLine
 10
182.1114450000000033
 20
-105.569831999999991
 30
0
 11
182.1841809999999953
 21
-105.3459749999999957
 31
0
  0
LINE
  5
FB8
330
1B
100
AcDbEntity
  8
B.Cu
  6
CONTINUOUS
100
AcDbLine
 10
182.1841809999999953
 20
-105.3459749999999957
 30
0
 11
182.2910399999999811
 21
-105.1362519999999989
 31
0
  0
LINE
  5
FB9
330
1B
100
AcDbEntity
  8
B.Cu
  6
CONTINUOUS
100
AcDbLine
 10
182.2910399999999811
 20
-105.1362519999999989
 30
0
 11
182.410160999999988
 21
-104.9722939999999909
 31
0
  0
LINE
  5
FBA
330
1B
100
AcDbEntity
  8
B.Cu
  6
CONTINUOUS
100
AcDbLine
 10
182.410160999999988
 20
-104.9722939999999909
 30
0
 11
182.2297820000000002
 21
-104.7919149999999888
 31
0
  0
LINE
  5
FBB
330
1B
100
AcDbEntity
  8
B.Cu
  6
CONTINUOUS
100
AcDbLine
 10
182.2297820000000002
 20
-104.7919149999999888
 30
0
 11
182.1118079999999964
 21
-104.9456619999999987
 31
0
  0
LINE
  5
FBC
330
1B
100
AcDbEntity
  8
B.Cu
  6
CONTINUOUS
100
AcDbLine
 10
182.1118079999999964
 20
-104.9456619999999987
 30
0
 11
181.9971009999999865
 21
-105.1443409999999972
 31
0
  0
LINE
  5
FBD
330
1B
100
AcDbEntity
  8
B.Cu
  6
CONTINUOUS
100
AcDbLine
 10
181.9971009999999865
 20
-105.1443409999999972
 30
0
 11
181.9093189999999822
 21
-105.356268
 31
0
  0
LINE
  5
FBE
330
1B
100
AcDbEntity
  8
B.Cu
  6
CONTINUOUS
100
AcDbLine
 10
181.9093189999999822
 20
-105.356268
 30
0
 11
181.9093149999999923
 21
-105.3562809999999956
 31
0
  0
LINE
  5
FBF
330
1B
100
AcDbEntity
  8
B.Cu
  6
CONTINUOUS
100
AcDbLine
 10
181.9093149999999923
 20
-105.3562809999999956
 30
0
 11
181.8499419999999986
 21
-105.5778609999999986
 31
0
  0
LINE
  5
FC0
330
1B
100
AcDbEntity
  8
B.Cu
  6
CONTINUOUS
100
AcDbLine
 10
181.8499419999999986
 20
-105.5778609999999986
 30
0
 11
181.8499419999999986
 21
-105.5778660000000002
 31
0
  0
LINE
  5
FC1
330
1B
100
AcDbEntity
  8
B.Cu
  6
CONTINUOUS
100
AcDbLine
 10
181.8499419999999986
 20
-105.5778660000000002
 30
0
 11
181.8199999999999932
 21
-105.8052969999999959
 31
0
  0
LINE
  5
FC2
330
1B
100
AcDbEntity
  8
B.Cu
  6
CONTINUOUS
100
AcDbLine
 10
181.8199999999999932
 20
-105.8052969999999959
 30
0
 11
181.8199999999999932
 21
-106.0347019999999958
 31
0
  0
LINE
  5
FC3
330
1B
100
AcDbEntity
  8
B.Cu
  6
CONTINUOUS
100
AcDbLine
 10
186.9499999999999886
 20
-87.9519909999999925
 30
0
 11
186.9881639999999834
 21
-88.1929540000000003
 31
0
  0
LINE
  5
FC4
330
1B
100
AcDbEntity
  8
B.Cu
  6
CONTINUOUS
100
AcDbLine
 10
186.9881639999999834
 20
-88.1929540000000003
 30
0
 11
187.0635589999999979
 21
-88.4249939999999981
 31
0
  0
LINE
  5
FC5
330
1B
100
AcDbEntity
  8
B.Cu
  6
CONTINUOUS
100
AcDbLine
 10
187.0635589999999979
 20
-88.4249939999999981
 30
0
 11
187.1743199999999945
 21
-88.6423759999999987
 31
0
  0
LINE
  5
FC6
330
1B
100
AcDbEntity
  8
B.Cu
  6
CONTINUOUS
100
AcDbLine
 10
187.1743199999999945
 20
-88.6423759999999987
 30
0
 11
187.1743219999999894
 21
-88.6423800000000028
 31
0
  0
LINE
  5
FC7
330
1B
100
AcDbEntity
  8
B.Cu
  6
CONTINUOUS
100
AcDbLine
 10
187.1743219999999894
 20
-88.6423800000000028
 30
0
 11
187.3010539999999935
 21
-88.8168110000000013
 31
0
  0
LINE
  5
FC8
330
1B
100
AcDbEntity
  8
B.Cu
  6
CONTINUOUS
100
AcDbLine
 10
187.3010539999999935
 20
-88.8168110000000013
 30
0
 11
187.4829029999999932
 21
-88.6349609999999899
 31
0
  0
LINE
  5
FC9
330
1B
100
AcDbEntity
  8
B.Cu
  6
CONTINUOUS
100
AcDbLine
 10
187.4829029999999932
 20
-88.6349609999999899
 30
0
 11
187.3915679999999782
 21
-88.5092479999999995
 31
0
  0
LINE
  5
FCA
330
1B
100
AcDbEntity
  8
B.Cu
  6
CONTINUOUS
100
AcDbLine
 10
187.3915679999999782
 20
-88.5092479999999995
 30
0
 11
187.2989570000000015
 21
-88.3274880000000024
 31
0
  0
LINE
  5
FCB
330
1B
100
AcDbEntity
  8
B.Cu
  6
CONTINUOUS
100
AcDbLine
 10
187.2989570000000015
 20
-88.3274880000000024
 30
0
 11
187.2359189999999955
 21
-88.1334789999999941
 31
0
  0
LINE
  5
FCC
330
1B
100
AcDbEntity
  8
B.Cu
  6
CONTINUOUS
100
AcDbLine
 10
187.2359189999999955
 20
-88.1334789999999941
 30
0
 11
187.2040069999999901
 21
-87.9319969999999955
 31
0
  0
LINE
  5
FCD
330
1B
100
AcDbEntity
  8
B.Cu
  6
CONTINUOUS
100
AcDbLine
 10
187.2040069999999901
 20
-87.9319969999999955
 30
0
 11
187.2040069999999901
 21
-87.7280030000000011
 31
0
  0
LINE
  5
FCE
330
1B
100
AcDbEntity
  8
B.Cu
  6
CONTINUOUS
100
AcDbLine
 10
187.2040069999999901
 20
-87.7280030000000011
 30
0
 11
187.2359189999999955
 21
-87.5265210000000025
 31
0
  0
LINE
  5
FCF
330
1B
100
AcDbEntity
  8
B.Cu
  6
CONTINUOUS
100
AcDbLine
 10
187.2359189999999955
 20
-87.5265210000000025
 30
0
 11
187.2989570000000015
 21
-87.3325119999999941
 31
0
  0
LINE
  5
FD0
330
1B
100
AcDbEntity
  8
B.Cu
  6
CONTINUOUS
100
AcDbLine
 10
187.2989570000000015
 20
-87.3325119999999941
 30
0
 11
187.3915679999999782
 21
-87.1507519999999971
 31
0
  0
LINE
  5
FD1
330
1B
100
AcDbEntity
  8
B.Cu
  6
CONTINUOUS
100
AcDbLine
 10
187.3915679999999782
 20
-87.1507519999999971
 30
0
 11
187.4829039999999907
 21
-87.0250369999999975
 31
0
  0
LINE
  5
FD2
330
1B
100
AcDbEntity
  8
B.Cu
  6
CONTINUOUS
100
AcDbLine
 10
187.4829039999999907
 20
-87.0250369999999975
 30
0
 11
187.3010539999999935
 21
-86.8431870000000004
 31
0
  0
LINE
  5
FD3
330
1B
100
AcDbEntity
  8
B.Cu
  6
CONTINUOUS
100
AcDbLine
 10
187.3010539999999935
 20
-86.8431870000000004
 30
0
 11
187.1743219999999894
 21
-87.0176189999999963
 31
0
  0
LINE
  5
FD4
330
1B
100
AcDbEntity
  8
B.Cu
  6
CONTINUOUS
100
AcDbLine
 10
187.1743219999999894
 20
-87.0176189999999963
 30
0
 11
187.1743199999999945
 21
-87.0176230000000004
 31
0
  0
LINE
  5
FD5
330
1B
100
AcDbEntity
  8
B.Cu
  6
CONTINUOUS
100
AcDbLine
 10
187.1743199999999945
 20
-87.0176230000000004
 30
0
 11
187.0635589999999979
 21
-87.235005000000001
 31
0
  0
LINE
  5
FD6
330
1B
100
AcDbEntity
  8
B.Cu
  6
CONTINUOUS
100
AcDbLine
 10
187.0635589999999979
 20
-87.235005000000001
 30
0
 11
186.9881639999999834
 21
-87.4670449999999988
 31
0
  0
LINE
  5
FD7
330
1B
100
AcDbEntity
  8
B.Cu
  6
CONTINUOUS
100
AcDbLine
 10
186.9881639999999834
 20
-87.4670449999999988
 30
0
 11
186.9499999999999886
 21
-87.7080079999999924
 31
0
  0
LINE
  5
FD8
330
1B
100
AcDbEntity
  8
B.Cu
  6
CONTINUOUS
100
AcDbLine
 10
186.9499999999999886
 20
-87.7080079999999924
 30
0
 11
186.9499999999999886
 21
-87.9519909999999925
 31
0
  0
LINE
  5
FD9
330
1B
100
AcDbEntity
  8
B.Cu
  6
CONTINUOUS
100
AcDbLine
 10
154.0544999999999902
 20
-68.0626000000000033
 30
0
 11
154.0869050000000016
 21
-68.183534999999992
 31
0
  0
LINE
  5
FDA
330
1B
100
AcDbEntity
  8
B.Cu
  6
CONTINUOUS
100
AcDbLine
 10
154.0869050000000016
 20
-68.183534999999992
 30
0
 11
154.1495050000000049
 21
-68.2919629999999955
 31
0
  0
LINE
  5
FDB
330
1B
100
AcDbEntity
  8
B.Cu
  6
CONTINUOUS
100
AcDbLine
 10
154.1495050000000049
 20
-68.2919629999999955
 30
0
 11
154.2380359999999939
 21
-68.3804939999999988
 31
0
  0
LINE
  5
FDC
330
1B
100
AcDbEntity
  8
B.Cu
  6
CONTINUOUS
100
AcDbLine
 10
154.2380359999999939
 20
-68.3804939999999988
 30
0
 11
154.3464639999999974
 21
-68.4430940000000021
 31
0
  0
LINE
  5
FDD
330
1B
100
AcDbEntity
  8
B.Cu
  6
CONTINUOUS
100
AcDbLine
 10
154.3464639999999974
 20
-68.4430940000000021
 30
0
 11
154.4673990000000003
 21
-68.4754989999999992
 31
0
  0
LINE
  5
FDE
330
1B
100
AcDbEntity
  8
B.Cu
  6
CONTINUOUS
100
AcDbLine
 10
154.4673990000000003
 20
-68.4754989999999992
 30
0
 11
154.4674009999999953
 21
-68.4754989999999992
 31
0
  0
LINE
  5
FDF
330
1B
100
AcDbEntity
  8
B.Cu
  6
CONTINUOUS
100
AcDbLine
 10
154.4674009999999953
 20
-68.4754989999999992
 30
0
 11
154.592599000000007
 21
-68.4754989999999992
 31
0
  0
LINE
  5
FE0
330
1B
100
AcDbEntity
  8
B.Cu
  6
CONTINUOUS
100
AcDbLine
 10
154.592599000000007
 20
-68.4754989999999992
 30
0
 11
154.5926010000000019
 21
-68.4754989999999992
 31
0
  0
LINE
  5
FE1
330
1B
100
AcDbEntity
  8
B.Cu
  6
CONTINUOUS
100
AcDbLine
 10
154.5926010000000019
 20
-68.4754989999999992
 30
0
 11
154.7135360000000048
 21
-68.4430940000000021
 31
0
  0
LINE
  5
FE2
330
1B
100
AcDbEntity
  8
B.Cu
  6
CONTINUOUS
100
AcDbLine
 10
154.7135360000000048
 20
-68.4430940000000021
 30
0
 11
154.8219639999999799
 21
-68.3804939999999988
 31
0
  0
LINE
  5
FE3
330
1B
100
AcDbEntity
  8
B.Cu
  6
CONTINUOUS
100
AcDbLine
 10
154.8219639999999799
 20
-68.3804939999999988
 30
0
 11
154.9104949999999974
 21
-68.2919629999999955
 31
0
  0
LINE
  5
FE4
330
1B
100
AcDbEntity
  8
B.Cu
  6
CONTINUOUS
100
AcDbLine
 10
154.9104949999999974
 20
-68.2919629999999955
 30
0
 11
154.9730950000000007
 21
-68.183534999999992
 31
0
  0
LINE
  5
FE5
330
1B
100
AcDbEntity
  8
B.Cu
  6
CONTINUOUS
100
AcDbLine
 10
154.9730950000000007
 20
-68.183534999999992
 30
0
 11
155.0054999999999836
 21
-68.0626000000000033
 31
0
  0
LINE
  5
FE6
330
1B
100
AcDbEntity
  8
B.Cu
  6
CONTINUOUS
100
AcDbLine
 10
155.0054999999999836
 20
-68.0626000000000033
 30
0
 11
155.0054999999999836
 21
-67.9373980000000017
 31
0
  0
LINE
  5
FE7
330
1B
100
AcDbEntity
  8
B.Cu
  6
CONTINUOUS
100
AcDbLine
 10
155.0054999999999836
 20
-67.9373980000000017
 30
0
 11
155.0026839999999879
 21
-67.9268879999999911
 31
0
  0
LINE
  5
FE8
330
1B
100
AcDbEntity
  8
B.Cu
  6
CONTINUOUS
100
AcDbLine
 10
155.0026839999999879
 20
-67.9268879999999911
 30
0
 11
155.0026839999999879
 21
-67.9268859999999961
 31
0
  0
LINE
  5
FE9
330
1B
100
AcDbEntity
  8
B.Cu
  6
CONTINUOUS
100
AcDbLine
 10
155.0026839999999879
 20
-67.9268859999999961
 30
0
 11
154.9971209999999928
 21
-67.9061269999999979
 31
0
  0
LINE
  5
FEA
330
1B
100
AcDbEntity
  8
B.Cu
  6
CONTINUOUS
100
AcDbLine
 10
154.9971209999999928
 20
-67.9061269999999979
 30
0
 11
154.9730959999999982
 21
-67.8164659999999913
 31
0
  0
LINE
  5
FEB
330
1B
100
AcDbEntity
  8
B.Cu
  6
CONTINUOUS
100
AcDbLine
 10
154.9730959999999982
 20
-67.8164659999999913
 30
0
 11
154.9730950000000007
 21
-67.8164649999999938
 31
0
  0
LINE
  5
FEC
330
1B
100
AcDbEntity
  8
B.Cu
  6
CONTINUOUS
100
AcDbLine
 10
154.9730950000000007
 20
-67.8164649999999938
 30
0
 11
154.9730950000000007
 21
-67.8164629999999988
 31
0
  0
LINE
  5
FED
330
1B
100
AcDbEntity
  8
B.Cu
  6
CONTINUOUS
100
AcDbLine
 10
154.9730950000000007
 20
-67.8164629999999988
 30
0
 11
154.9104949999999974
 21
-67.7080349999999953
 31
0
  0
LINE
  5
FEE
330
1B
100
AcDbEntity
  8
B.Cu
  6
CONTINUOUS
100
AcDbLine
 10
154.9104949999999974
 20
-67.7080349999999953
 30
0
 11
154.8219639999999799
 21
-67.6195039999999921
 31
0
  0
LINE
  5
FEF
330
1B
100
AcDbEntity
  8
B.Cu
  6
CONTINUOUS
100
AcDbLine
 10
154.8219639999999799
 20
-67.6195039999999921
 30
0
 11
154.7135360000000048
 21
-67.556904000000003
 31
0
  0
LINE
  5
FF0
330
1B
100
AcDbEntity
  8
B.Cu
  6
CONTINUOUS
100
AcDbLine
 10
154.7135360000000048
 20
-67.556904000000003
 30
0
 11
154.5926010000000019
 21
-67.5244989999999916
 31
0
  0
LINE
  5
FF1
330
1B
100
AcDbEntity
  8
B.Cu
  6
CONTINUOUS
100
AcDbLine
 10
154.5926010000000019
 20
-67.5244989999999916
 30
0
 11
154.4673990000000003
 21
-67.5244989999999916
 31
0
  0
LINE
  5
FF2
330
1B
100
AcDbEntity
  8
B.Cu
  6
CONTINUOUS
100
AcDbLine
 10
154.4673990000000003
 20
-67.5244989999999916
 30
0
 11
154.3867750000000001
 21
-67.5461019999999905
 31
0
  0
LINE
  5
FF3
330
1B
100
AcDbEntity
  8
B.Cu
  6
CONTINUOUS
100
AcDbLine
 10
154.3867750000000001
 20
-67.5461019999999905
 30
0
 11
154.346463
 21
-67.556904000000003
 31
0
  0
LINE
  5
FF4
330
1B
100
AcDbEntity
  8
B.Cu
  6
CONTINUOUS
100
AcDbLine
 10
154.346463
 20
-67.556904000000003
 30
0
 11
154.2380359999999939
 21
-67.6195039999999921
 31
0
  0
LINE
  5
FF5
330
1B
100
AcDbEntity
  8
B.Cu
  6
CONTINUOUS
100
AcDbLine
 10
154.2380359999999939
 20
-67.6195039999999921
 30
0
 11
154.1495050000000049
 21
-67.7080349999999953
 31
0
  0
LINE
  5
FF6
330
1B
100
AcDbEntity
  8
B.Cu
  6
CONTINUOUS
100
AcDbLine
 10
154.1495050000000049
 20
-67.7080349999999953
 30
0
 11
154.0869050000000016
 21
-67.8164620000000014
 31
0
  0
LINE
  5
FF7
330
1B
100
AcDbEntity
  8
B.Cu
  6
CONTINUOUS
100
AcDbLine
 10
154.0869050000000016
 20
-67.8164620000000014
 30
0
 11
154.0869050000000016
 21
-67.8164629999999988
 31
0
  0
LINE
  5
FF8
330
1B
100
AcDbEntity
  8
B.Cu
  6
CONTINUOUS
100
AcDbLine
 10
154.0869050000000016
 20
-67.8164629999999988
 30
0
 11
154.0544999999999902
 21
-67.9373980000000017
 31
0
  0
LINE
  5
FF9
330
1B
100
AcDbEntity
  8
B.Cu
  6
CONTINUOUS
100
AcDbLine
 10
154.0544999999999902
 20
-67.9373980000000017
 30
0
 11
154.0544999999999902
 21
-68.0626000000000033
 31
0
  0
LINE
  5
FFA
330
1B
100
AcDbEntity
  8
B.Cu
  6
CONTINUOUS
100
AcDbLine
 10
155.2099999999999795
 20
-68.3799980000000005
 30
0
 11
155.2100010000000054
 21
-68.379998999999998
 31
0
  0
LINE
  5
FFB
330
1B
100
AcDbEntity
  8
B.Cu
  6
CONTINUOUS
100
AcDbLine
 10
155.2100010000000054
 20
-68.379998999999998
 30
0
 11
155.4599999999999795
 21
-68.379998999999998
 31
0
  0
LINE
  5
FFC
330
1B
100
AcDbEntity
  8
B.Cu
  6
CONTINUOUS
100
AcDbLine
 10
155.4599999999999795
 20
-68.379998999999998
 30
0
 11
155.4599999999999795
 21
-68.3168989999999923
 31
0
  0
LINE
  5
FFD
330
1B
100
AcDbEntity
  8
B.Cu
  6
CONTINUOUS
100
AcDbLine
 10
155.4599999999999795
 20
-68.3168989999999923
 30
0
 11
155.4525669999999877
 21
-68.2891580000000005
 31
0
  0
LINE
  5
FFE
330
1B
100
AcDbEntity
  8
B.Cu
  6
CONTINUOUS
100
AcDbLine
 10
155.4525669999999877
 20
-68.2891580000000005
 30
0
 11
155.4525669999999877
 21
-68.2108419999999995
 31
0
  0
LINE
  5
FFF
330
1B
100
AcDbEntity
  8
B.Cu
  6
CONTINUOUS
100
AcDbLine
 10
155.4525669999999877
 20
-68.2108419999999995
 30
0
 11
155.4599999999999795
 21
-68.183099999999996
 31
0
  0
LINE
  5
1000
330
1B
100
AcDbEntity
  8
B.Cu
  6
CONTINUOUS
100
AcDbLine
 10
155.4599999999999795
 20
-68.183099999999996
 30
0
 11
155.4599999999999795
 21
-67.9799989999999923
 31
0
  0
LINE
  5
1001
330
1B
100
AcDbEntity
  8
B.Cu
  6
CONTINUOUS
100
AcDbLine
 10
155.4599999999999795
 20
-67.9799989999999923
 30
0
 11
155.4642779999999789
 21
-67.9147359999999907
 31
0
  0
LINE
  5
1002
330
1B
100
AcDbEntity
  8
B.Cu
  6
CONTINUOUS
100
AcDbLine
 10
155.4642779999999789
 20
-67.9147359999999907
 30
0
 11
155.4980599999999811
 21
-67.7886570000000006
 31
0
  0
LINE
  5
1003
330
1B
100
AcDbEntity
  8
B.Cu
  6
CONTINUOUS
100
AcDbLine
 10
155.4980599999999811
 20
-67.7886570000000006
 30
0
 11
155.5633229999999969
 21
-67.6756180000000001
 31
0
  0
LINE
  5
1004
330
1B
100
AcDbEntity
  8
B.Cu
  6
CONTINUOUS
100
AcDbLine
 10
155.5633229999999969
 20
-67.6756180000000001
 30
0
 11
155.6556190000000015
 21
-67.5833219999999955
 31
0
  0
LINE
  5
1005
330
1B
100
AcDbEntity
  8
B.Cu
  6
CONTINUOUS
100
AcDbLine
 10
155.6556190000000015
 20
-67.5833219999999955
 30
0
 11
155.7686579999999879
 21
-67.5180589999999938
 31
0
  0
LINE
  5
1006
330
1B
100
AcDbEntity
  8
B.Cu
  6
CONTINUOUS
100
AcDbLine
 10
155.7686579999999879
 20
-67.5180589999999938
 30
0
 11
155.8100000000000023
 21
-67.5069809999999961
 31
0
  0
LINE
  5
1007
330
1B
100
AcDbEntity
  8
B.Cu
  6
CONTINUOUS
100
AcDbLine
 10
155.8100000000000023
 20
-67.5069809999999961
 30
0
 11
155.8100000000000023
 21
-67.2451420000000013
 31
0
  0
LINE
  5
1008
330
1B
100
AcDbEntity
  8
B.Cu
  6
CONTINUOUS
100
AcDbLine
 10
155.8100000000000023
 20
-67.2451420000000013
 30
0
 11
155.7412319999999966
 21
-67.2588209999999975
 31
0
  0
LINE
  5
1009
330
1B
100
AcDbEntity
  8
B.Cu
  6
CONTINUOUS
100
AcDbLine
 10
155.7412319999999966
 20
-67.2588209999999975
 30
0
 11
155.6047419999999875
 21
-67.3153569999999917
 31
0
  0
LINE
  5
100A
330
1B
100
AcDbEntity
  8
B.Cu
  6
CONTINUOUS
100
AcDbLine
 10
155.6047419999999875
 20
-67.3153569999999917
 30
0
 11
155.4819059999999808
 21
-67.3974329999999924
 31
0
  0
LINE
  5
100B
330
1B
100
AcDbEntity
  8
B.Cu
  6
CONTINUOUS
100
AcDbLine
 10
155.4819059999999808
 20
-67.3974329999999924
 30
0
 11
155.3774339999999938
 21
-67.5019049999999936
 31
0
  0
LINE
  5
100C
330
1B
100
AcDbEntity
  8
B.Cu
  6
CONTINUOUS
100
AcDbLine
 10
155.3774339999999938
 20
-67.5019049999999936
 30
0
 11
155.2953579999999931
 21
-67.6247410000000002
 31
0
  0
LINE
  5
100D
330
1B
100
AcDbEntity
  8
B.Cu
  6
CONTINUOUS
100
AcDbLine
 10
155.2953579999999931
 20
-67.6247410000000002
 30
0
 11
155.2388229999999965
 21
-67.7612280000000027
 31
0
  0
LINE
  5
100E
330
1B
100
AcDbEntity
  8
B.Cu
  6
CONTINUOUS
100
AcDbLine
 10
155.2388229999999965
 20
-67.7612280000000027
 30
0
 11
155.2388210000000015
 21
-67.7612340000000017
 31
0
  0
LINE
  5
100F
330
1B
100
AcDbEntity
  8
B.Cu
  6
CONTINUOUS
100
AcDbLine
 10
155.2388210000000015
 20
-67.7612340000000017
 30
0
 11
155.2099999999999795
 21
-67.9061269999999979
 31
0
  0
LINE
  5
1010
330
1B
100
AcDbEntity
  8
B.Cu
  6
CONTINUOUS
100
AcDbLine
 10
155.2099999999999795
 20
-67.9061269999999979
 30
0
 11
155.2099999999999795
 21
-68.3799980000000005
 31
0
  0
LINE
  5
1011
330
1B
100
AcDbEntity
  8
B.Cu
  6
CONTINUOUS
100
AcDbLine
 10
146.5699999999999932
 20
-64.1999979999999937
 30
0
 11
146.5700009999999907
 21
-64.1999989999999912
 31
0
  0
LINE
  5
1012
330
1B
100
AcDbEntity
  8
B.Cu
  6
CONTINUOUS
100
AcDbLine
 10
146.5700009999999907
 20
-64.1999989999999912
 30
0
 11
146.8199999999999932
 21
-64.1999989999999912
 31
0
  0
LINE
  5
1013
330
1B
100
AcDbEntity
  8
B.Cu
  6
CONTINUOUS
100
AcDbLine
 10
146.8199999999999932
 20
-64.1999989999999912
 30
0
 11
146.8199999999999932
 21
-64.0499989999999997
 31
0
  0
LINE
  5
1014
330
1B
100
AcDbEntity
  8
B.Cu
  6
CONTINUOUS
100
AcDbLine
 10
146.8199999999999932
 20
-64.0499989999999997
 30
0
 11
146.8242779999999925
 21
-63.9847359999999981
 31
0
  0
LINE
  5
1015
330
1B
100
AcDbEntity
  8
B.Cu
  6
CONTINUOUS
100
AcDbLine
 10
146.8242779999999925
 20
-63.9847359999999981
 30
0
 11
146.8580599999999947
 21
-63.8586569999999938
 31
0
  0
LINE
  5
1016
330
1B
100
AcDbEntity
  8
B.Cu
  6
CONTINUOUS
100
AcDbLine
 10
146.8580599999999947
 20
-63.8586569999999938
 30
0
 11
146.9233229999999821
 21
-63.7456180000000003
 31
0
  0
LINE
  5
1017
330
1B
100
AcDbEntity
  8
B.Cu
  6
CONTINUOUS
100
AcDbLine
 10
146.9233229999999821
 20
-63.7456180000000003
 30
0
 11
147.0156189999999867
 21
-63.6533219999999957
 31
0
  0
LINE
  5
1018
330
1B
100
AcDbEntity
  8
B.Cu
  6
CONTINUOUS
100
AcDbLine
 10
147.0156189999999867
 20
-63.6533219999999957
 30
0
 11
147.1286580000000015
 21
-63.5880589999999941
 31
0
  0
LINE
  5
1019
330
1B
100
AcDbEntity
  8
B.Cu
  6
CONTINUOUS
100
AcDbLine
 10
147.1286580000000015
 20
-63.5880589999999941
 30
0
 11
147.1699999999999875
 21
-63.5769809999999964
 31
0
  0
LINE
  5
101A
330
1B
100
AcDbEntity
  8
B.Cu
  6
CONTINUOUS
100
AcDbLine
 10
147.1699999999999875
 20
-63.5769809999999964
 30
0
 11
147.1699999999999875
 21
-63.3151419999999945
 31
0
  0
LINE
  5
101B
330
1B
100
AcDbEntity
  8
B.Cu
  6
CONTINUOUS
100
AcDbLine
 10
147.1699999999999875
 20
-63.3151419999999945
 30
0
 11
147.1012319999999818
 21
-63.3288209999999978
 31
0
  0
LINE
  5
101C
330
1B
100
AcDbEntity
  8
B.Cu
  6
CONTINUOUS
100
AcDbLine
 10
147.1012319999999818
 20
-63.3288209999999978
 30
0
 11
146.9647420000000011
 21
-63.3853569999999991
 31
0
  0
LINE
  5
101D
330
1B
100
AcDbEntity
  8
B.Cu
  6
CONTINUOUS
100
AcDbLine
 10
146.9647420000000011
 20
-63.3853569999999991
 30
0
 11
146.8419059999999945
 21
-63.4674329999999998
 31
0
  0
LINE
  5
101E
330
1B
100
AcDbEntity
  8
B.Cu
  6
CONTINUOUS
100
AcDbLine
 10
146.8419059999999945
 20
-63.4674329999999998
 30
0
 11
146.7374340000000075
 21
-63.5719049999999939
 31
0
  0
LINE
  5
101F
330
1B
100
AcDbEntity
  8
B.Cu
  6
CONTINUOUS
100
AcDbLine
 10
146.7374340000000075
 20
-63.5719049999999939
 30
0
 11
146.6553580000000068
 21
-63.6947410000000005
 31
0
  0
LINE
  5
1020
330
1B
100
AcDbEntity
  8
B.Cu
  6
CONTINUOUS
100
AcDbLine
 10
146.6553580000000068
 20
-63.6947410000000005
 30
0
 11
146.5988229999999817
 21
-63.8312279999999959
 31
0
  0
LINE
  5
1021
330
1B
100
AcDbEntity
  8
B.Cu
  6
CONTINUOUS
100
AcDbLine
 10
146.5988229999999817
 20
-63.8312279999999959
 30
0
 11
146.5988209999999867
 21
-63.8312339999999949
 31
0
  0
LINE
  5
1022
330
1B
100
AcDbEntity
  8
B.Cu
  6
CONTINUOUS
100
AcDbLine
 10
146.5988209999999867
 20
-63.8312339999999949
 30
0
 11
146.5699999999999932
 21
-63.9761269999999982
 31
0
  0
LINE
  5
1023
330
1B
100
AcDbEntity
  8
B.Cu
  6
CONTINUOUS
100
AcDbLine
 10
146.5699999999999932
 20
-63.9761269999999982
 30
0
 11
146.5699999999999932
 21
-64.1999979999999937
 31
0
  0
LINE
  5
1024
330
1B
100
AcDbEntity
  8
B.Cu
  6
CONTINUOUS
100
AcDbLine
 10
155.2099999999999795
 20
-64.1999979999999937
 30
0
 11
155.2100010000000054
 21
-64.1999989999999912
 31
0
  0
LINE
  5
1025
330
1B
100
AcDbEntity
  8
B.Cu
  6
CONTINUOUS
100
AcDbLine
 10
155.2100010000000054
 20
-64.1999989999999912
 30
0
 11
155.4599999999999795
 21
-64.1999989999999912
 31
0
  0
LINE
  5
1026
330
1B
100
AcDbEntity
  8
B.Cu
  6
CONTINUOUS
100
AcDbLine
 10
155.4599999999999795
 20
-64.1999989999999912
 30
0
 11
155.4599999999999795
 21
-64.0499989999999997
 31
0
  0
LINE
  5
1027
330
1B
100
AcDbEntity
  8
B.Cu
  6
CONTINUOUS
100
AcDbLine
 10
155.4599999999999795
 20
-64.0499989999999997
 30
0
 11
155.4642779999999789
 21
-63.9847359999999981
 31
0
  0
LINE
  5
1028
330
1B
100
AcDbEntity
  8
B.Cu
  6
CONTINUOUS
100
AcDbLine
 10
155.4642779999999789
 20
-63.9847359999999981
 30
0
 11
155.4980599999999811
 21
-63.8586569999999938
 31
0
  0
LINE
  5
1029
330
1B
100
AcDbEntity
  8
B.Cu
  6
CONTINUOUS
100
AcDbLine
 10
155.4980599999999811
 20
-63.8586569999999938
 30
0
 11
155.5633229999999969
 21
-63.7456180000000003
 31
0
  0
LINE
  5
102A
330
1B
100
AcDbEntity
  8
B.Cu
  6
CONTINUOUS
100
AcDbLine
 10
155.5633229999999969
 20
-63.7456180000000003
 30
0
 11
155.6556190000000015
 21
-63.6533219999999957
 31
0
  0
LINE
  5
102B
330
1B
100
AcDbEntity
  8
B.Cu
  6
CONTINUOUS
100
AcDbLine
 10
155.6556190000000015
 20
-63.6533219999999957
 30
0
 11
155.7686579999999879
 21
-63.5880589999999941
 31
0
  0
LINE
  5
102C
330
1B
100
AcDbEntity
  8
B.Cu
  6
CONTINUOUS
100
AcDbLine
 10
155.7686579999999879
 20
-63.5880589999999941
 30
0
 11
155.8100000000000023
 21
-63.5769809999999964
 31
0
  0
LINE
  5
102D
330
1B
100
AcDbEntity
  8
B.Cu
  6
CONTINUOUS
100
AcDbLine
 10
155.8100000000000023
 20
-63.5769809999999964
 30
0
 11
155.8100000000000023
 21
-63.3151419999999945
 31
0
  0
LINE
  5
102E
330
1B
100
AcDbEntity
  8
B.Cu
  6
CONTINUOUS
100
AcDbLine
 10
155.8100000000000023
 20
-63.3151419999999945
 30
0
 11
155.7412319999999966
 21
-63.3288209999999978
 31
0
  0
LINE
  5
102F
330
1B
100
AcDbEntity
  8
B.Cu
  6
CONTINUOUS
100
AcDbLine
 10
155.7412319999999966
 20
-63.3288209999999978
 30
0
 11
155.6047419999999875
 21
-63.3853569999999991
 31
0
  0
LINE
  5
1030
330
1B
100
AcDbEntity
  8
B.Cu
  6
CONTINUOUS
100
AcDbLine
 10
155.6047419999999875
 20
-63.3853569999999991
 30
0
 11
155.4819059999999808
 21
-63.4674329999999998
 31
0
  0
LINE
  5
1031
330
1B
100
AcDbEntity
  8
B.Cu
  6
CONTINUOUS
100
AcDbLine
 10
155.4819059999999808
 20
-63.4674329999999998
 30
0
 11
155.3774339999999938
 21
-63.5719049999999939
 31
0
  0
LINE
  5
1032
330
1B
100
AcDbEntity
  8
B.Cu
  6
CONTINUOUS
100
AcDbLine
 10
155.3774339999999938
 20
-63.5719049999999939
 30
0
 11
155.2953579999999931
 21
-63.6947410000000005
 31
0
  0
LINE
  5
1033
330
1B
100
AcDbEntity
  8
B.Cu
  6
CONTINUOUS
100
AcDbLine
 10
155.2953579999999931
 20
-63.6947410000000005
 30
0
 11
155.2388229999999965
 21
-63.8312279999999959
 31
0
  0
LINE
  5
1034
330
1B
100
AcDbEntity
  8
B.Cu
  6
CONTINUOUS
100
AcDbLine
 10
155.2388229999999965
 20
-63.8312279999999959
 30
0
 11
155.2388210000000015
 21
-63.8312339999999949
 31
0
  0
LINE
  5
1035
330
1B
100
AcDbEntity
  8
B.Cu
  6
CONTINUOUS
100
AcDbLine
 10
155.2388210000000015
 20
-63.8312339999999949
 30
0
 11
155.2099999999999795
 21
-63.9761269999999982
 31
0
  0
LINE
  5
1036
330
1B
100
AcDbEntity
  8
B.Cu
  6
CONTINUOUS
100
AcDbLine
 10
155.2099999999999795
 20
-63.9761269999999982
 30
0
 11
155.2099999999999795
 21
-64.1999979999999937
 31
0
  0
CIRCLE
  5
1037
330
1B
100
AcDbEntity
  8
B.Cu
100
AcDbCircle
 10
113.629998999999998
 20
-105.9200000000000017
 30
0
 40
1.1499999999999999
  0
CIRCLE
  5
1038
330
1B
100
AcDbEntity
  8
B.Cu
100
AcDbCircle
 10
126.7699989999999985
 20
-105.9200000000000017
 30
0
 40
1.1499999999999999
  0
CIRCLE
  5
1039
330
1B
100
AcDbEntity
  8
B.Cu
100
AcDbCircle
 10
154.5300000000000011
 20
-67.9999990000000025
 30
0
 40
0.325
  0
CIRCLE
  5
103A
330
1B
100
AcDbEntity
  8
B.Cu
100
AcDbCircle
 10
148.75
 20
-67.9999990000000025
 30
0
 40
0.325
  0
LINE
  5
103B
330
1B
100
AcDbEntity
  8
B.Cu
  6
CONTINUOUS
100
AcDbLine
 10
156.4599999999999795
 20
-69.0799990000000008
 30
0
 11
156.4599999999999795
 21
-67.9799989999999923
 31
0
  0
ARC
  5
103C
330
1B
100
AcDbEntity
  8
B.Cu
100
AcDbCircle
 10
155.9599999999999795
 20
-67.9799989999999923
 30
0
 40
0.5
100
AcDbArc
 50
0.00000000
 51
180.00000000
  0
LINE
  5
103D
330
1B
100
AcDbEntity
  8
B.Cu
  6
CONTINUOUS
100
AcDbLine
 10
155.4599999999999795
 20
-67.9799989999999923
 30
0
 11
155.4599999999999795
 21
-69.0799990000000008
 31
0
  0
ARC
  5
103E
330
1B
100
AcDbEntity
  8
B.Cu
100
AcDbCircle
 10
155.9599999999999795
 20
-69.0799990000000008
 30
0
 40
0.5
100
AcDbArc
 50
180.00000000
 51
360.00000000
  0
LINE
  5
103F
330
1B
100
AcDbEntity
  8
B.Cu
  6
CONTINUOUS
100
AcDbLine
 10
156.4599999999999795
 20
-64.649998999999994
 30
0
 11
156.4599999999999795
 21
-64.0499989999999997
 31
0
  0
ARC
  5
1040
330
1B
100
AcDbEntity
  8
B.Cu
100
AcDbCircle
 10
155.9599999999999795
 20
-64.0499989999999997
 30
0
 40
0.5
100
AcDbArc
 50
0.00000000
 51
180.00000000
  0
LINE
  5
1041
330
1B
100
AcDbEntity
  8
B.Cu
  6
CONTINUOUS
100
AcDbLine
 10
155.4599999999999795
 20
-64.0499989999999997
 30
0
 11
155.4599999999999795
 21
-64.649998999999994
 31
0
  0
ARC
  5
1042
330
1B
100
AcDbEntity
  8
B.Cu
100
AcDbCircle
 10
155.9599999999999795
 20
-64.649998999999994
 30
0
 40
0.5
100
AcDbArc
 50
180.00000000
 51
360.00000000
  0
LINE
  5
1043
330
1B
100
AcDbEntity
  8
B.Cu
  6
CONTINUOUS
100
AcDbLine
 10
147.8199999999999932
 20
-69.0799990000000008
 30
0
 11
147.8199999999999932
 21
-67.9799989999999923
 31
0
  0
ARC
  5
1044
330
1B
100
AcDbEntity
  8
B.Cu
100
AcDbCircle
 10
147.3199999999999932
 20
-67.9799989999999923
 30
0
 40
0.5
100
AcDbArc
 50
0.00000000
 51
180.00000000
  0
LINE
  5
1045
330
1B
100
AcDbEntity
  8
B.Cu
  6
CONTINUOUS
100
AcDbLine
 10
146.8199999999999932
 20
-67.9799989999999923
 30
0
 11
146.8199999999999932
 21
-69.0799990000000008
 31
0
  0
ARC
  5
1046
330
1B
100
AcDbEntity
  8
B.Cu
100
AcDbCircle
 10
147.3199999999999932
 20
-69.0799990000000008
 30
0
 40
0.5
100
AcDbArc
 50
180.00000000
 51
360.00000000
  0
LINE
  5
1047
330
1B
100
AcDbEntity
  8
B.Cu
  6
CONTINUOUS
100
AcDbLine
 10
147.8199999999999932
 20
-64.649998999999994
 30
0
 11
147.8199999999999932
 21
-64.0499989999999997
 31
0
  0
ARC
  5
1048
330
1B
100
AcDbEntity
  8
B.Cu
100
AcDbCircle
 10
147.3199999999999932
 20
-64.0499989999999997
 30
0
 40
0.5
100
AcDbArc
 50
0.00000000
 51
180.00000000
  0
LINE
  5
1049
330
1B
100
AcDbEntity
  8
B.Cu
  6
CONTINUOUS
100
AcDbLine
 10
146.8199999999999932
 20
-64.0499989999999997
 30
0
 11
146.8199999999999932
 21
-64.649998999999994
 31
0
  0
ARC
  5
104A
330
1B
100
AcDbEntity
  8
B.Cu
100
AcDbCircle
 10
147.3199999999999932
 20
-64.649998999999994
 30
0
 40
0.5
100
AcDbArc
 50
180.00000000
 51
360.00000000
  0
CIRCLE
  5
104B
330
1B
100
AcDbEntity
  8
B.Cu
100
AcDbCircle
 10
188.5
 20
-82.75
 30
0
 40
0.65
  0
CIRCLE
  5
104C
330
1B
100
AcDbEntity
  8
B.Cu
100
AcDbCircle
 10
188.5
 20
-87.8299999999999983
 30
0
 40
0.65
  0
CIRCLE
  5
104D
330
1B
100
AcDbEntity
  8
B.Cu
100
AcDbCircle
 10
142.2299999999999898
 20
-105.9200000000000017
 30
0
 40
1.1499999999999999
  0
CIRCLE
  5
104E
330
1B
100
AcDbEntity
  8
B.Cu
100
AcDbCircle
 10
155.3700000000000045
 20
-105.9200000000000017
 30
0
 40
1.1499999999999999
  0
CIRCLE
  5
104F
330
1B
100
AcDbEntity
  8
B.Cu
100
AcDbCircle
 10
170.4299999999999784
 20
-105.9200000000000017
 30
0
 40
1.1499999999999999
  0
CIRCLE
  5
1050
330
1B
100
AcDbEntity
  8
B.Cu
100
AcDbCircle
 10
183.5699999999999932
 20
-105.9200000000000017
 30
0
 40
1.1499999999999999
  0
CIRCLE
  5
1051
330
1B
100
AcDbEntity
  8
B.Cu
100
AcDbCircle
 10
157.75
 20
-68.25
 30
0
 40
0.1
  0
CIRCLE
  5
1052
330
1B
100
AcDbEntity
  8
B.Cu
100
AcDbCircle
 10
110.75
 20
-84.75
 30
0
 40
0.1
  0
CIRCLE
  5
1053
330
1B
100
AcDbEntity
  8
B.Cu
100
AcDbCircle
 10
186.75
 20
-78.75
 30
0
 40
0.1
  0
CIRCLE
  5
1054
330
1B
100
AcDbEntity
  8
B.Cu
100
AcDbCircle
 10
147.75
 20
-109.25
 30
0
 40
0.1
  0
CIRCLE
  5
1055
330
1B
100
AcDbEntity
  8
B.Cu
100
AcDbCircle
 10
110.75
 20
-80.75
 30
0
 40
0.1
  0
CIRCLE
  5
1056
330
1B
100
AcDbEntity
  8
B.Cu
100
AcDbCircle
 10
125.75
 20
-68.25
 30
0
 40
0.1
  0
CIRCLE
  5
1057
330
1B
100
AcDbEntity
  8
B.Cu
100
AcDbCircle
 10
133.75
 20
-100.75
 30
0
 40
0.1
  0
CIRCLE
  5
1058
330
1B
100
AcDbEntity
  8
B.Cu
100
AcDbCircle
 10
129.75
 20
-80.75
 30
0
 40
0.1
  0
CIRCLE
  5
1059
330
1B
100
AcDbEntity
  8
B.Cu
100
AcDbCircle
 10
127.75
 20
-80.75
 30
0
 40
0.1
  0
CIRCLE
  5
105A
330
1B
100
AcDbEntity
  8
B.Cu
100
AcDbCircle
 10
135.75
 20
-109.25
 30
0
 40
0.1
  0
CIRCLE
  5
105B
330
1B
100
AcDbEntity
  8
B.Cu
100
AcDbCircle
 10
161.75
 20
-68.25
 30
0
 40
0.1
  0
CIRCLE
  5
105C
330
1B
100
AcDbEntity
  8
B.Cu
100
AcDbCircle
 10
167.75
 20
-96.75
 30
0
 40
0.1
  0
CIRCLE
  5
105D
330
1B
100
AcDbEntity
  8
B.Cu
100
AcDbCircle
 10
186.75
 20
-102.75
 30
0
 40
0.1
  0
CIRCLE
  5
105E
330
1B
100
AcDbEntity
  8
B.Cu
100
AcDbCircle
 10
123.75
 20
-78.75
 30
0
 40
0.1
  0
CIRCLE
  5
105F
330
1B
100
AcDbEntity
  8
B.Cu
100
AcDbCircle
 10
165.75
 20
-96.75
 30
0
 40
0.1
  0
CIRCLE
  5
1060
330
1B
100
AcDbEntity
  8
B.Cu
100
AcDbCircle
 10
157.75
 20
-109.25
 30
0
 40
0.1
  0
CIRCLE
  5
1061
330
1B
100
AcDbEntity
  8
B.Cu
100
AcDbCircle
 10
186.75
 20
-74.75
 30
0
 40
0.1
  0
CIRCLE
  5
1062
330
1B
100
AcDbEntity
  8
B.Cu
100
AcDbCircle
 10
181.75
 20
-109.25
 30
0
 40
0.1
  0
CIRCLE
  5
1063
330
1B
100
AcDbEntity
  8
B.Cu
100
AcDbCircle
 10
169.75
 20
-80.75
 30
0
 40
0.1
  0
CIRCLE
  5
1064
330
1B
100
AcDbEntity
  8
B.Cu
100
AcDbCircle
 10
167.75
 20
-76.75
 30
0
 40
0.1
  0
CIRCLE
  5
1065
330
1B
100
AcDbEntity
  8
B.Cu
100
AcDbCircle
 10
113.75
 20
-109.25
 30
0
 40
0.1
  0
CIRCLE
  5
1066
330
1B
100
AcDbEntity
  8
B.Cu
100
AcDbCircle
 10
167.75
 20
-80.75
 30
0
 40
0.1
  0
CIRCLE
  5
1067
330
1B
100
AcDbEntity
  8
B.Cu
100
AcDbCircle
 10
167.75
 20
-109.25
 30
0
 40
0.1
  0
CIRCLE
  5
1068
330
1B
100
AcDbEntity
  8
B.Cu
100
AcDbCircle
 10
115.75
 20
-68.25
 30
0
 40
0.1
  0
CIRCLE
  5
1069
330
1B
100
AcDbEntity
  8
B.Cu
100
AcDbCircle
 10
133.75
 20
-98.75
 30
0
 40
0.1
  0
CIRCLE
  5
106A
330
1B
100
AcDbEntity
  8
B.Cu
100
AcDbCircle
 10
183.75
 20
-109.25
 30
0
 40
0.1
  0
CIRCLE
  5
106B
330
1B
100
AcDbEntity
  8
B.Cu
100
AcDbCircle
 10
129.75
 20
-88.75
 30
0
 40
0.1
  0
CIRCLE
  5
106C
330
1B
100
AcDbEntity
  8
B.Cu
100
AcDbCircle
 10
110.75
 20
-76.75
 30
0
 40
0.1
  0
CIRCLE
  5
106D
330
1B
100
AcDbEntity
  8
B.Cu
100
AcDbCircle
 10
110.75
 20
-74.75
 30
0
 40
0.1
  0
CIRCLE
  5
106E
330
1B
100
AcDbEntity
  8
B.Cu
100
AcDbCircle
 10
127.75
 20
-76.75
 30
0
 40
0.1
  0
CIRCLE
  5
106F
330
1B
100
AcDbEntity
  8
B.Cu
100
AcDbCircle
 10
125.75
 20
-109.25
 30
0
 40
0.1
  0
CIRCLE
  5
1070
330
1B
100
AcDbEntity
  8
B.Cu
100
AcDbCircle
 10
110.75
 20
-98.75
 30
0
 40
0.1
  0
CIRCLE
  5
1071
330
1B
100
AcDbEntity
  8
B.Cu
100
AcDbCircle
 10
186.75
 20
-98.75
 30
0
 40
0.1
  0
CIRCLE
  5
1072
330
1B
100
AcDbEntity
  8
B.Cu
100
AcDbCircle
 10
165.75
 20
-100.75
 30
0
 40
0.1
  0
CIRCLE
  5
1073
330
1B
100
AcDbEntity
  8
B.Cu
100
AcDbCircle
 10
171.75
 20
-78.75
 30
0
 40
0.1
  0
CIRCLE
  5
1074
330
1B
100
AcDbEntity
  8
B.Cu
100
AcDbCircle
 10
127.75
 20
-88.75
 30
0
 40
0.1
  0
CIRCLE
  5
1075
330
1B
100
AcDbEntity
  8
B.Cu
100
AcDbCircle
 10
110.75
 20
-92.75
 30
0
 40
0.1
  0
CIRCLE
  5
1076
330
1B
100
AcDbEntity
  8
B.Cu
100
AcDbCircle
 10
165.75
 20
-76.75
 30
0
 40
0.1
  0
CIRCLE
  5
1077
330
1B
100
AcDbEntity
  8
B.Cu
100
AcDbCircle
 10
131.75
 20
-88.75
 30
0
 40
0.1
  0
CIRCLE
  5
1078
330
1B
100
AcDbEntity
  8
B.Cu
100
AcDbCircle
 10
110.75
 20
-88.75
 30
0
 40
0.1
  0
CIRCLE
  5
1079
330
1B
100
AcDbEntity
  8
B.Cu
100
AcDbCircle
 10
173.75
 20
-109.25
 30
0
 40
0.1
  0
CIRCLE
  5
107A
330
1B
100
AcDbEntity
  8
B.Cu
100
AcDbCircle
 10
133.75
 20
-109.25
 30
0
 40
0.1
  0
CIRCLE
  5
107B
330
1B
100
AcDbEntity
  8
B.Cu
100
AcDbCircle
 10
167.75
 20
-100.75
 30
0
 40
0.1
  0
CIRCLE
  5
107C
330
1B
100
AcDbEntity
  8
B.Cu
100
AcDbCircle
 10
123.75
 20
-68.25
 30
0
 40
0.1
  0
CIRCLE
  5
107D
330
1B
100
AcDbEntity
  8
B.Cu
100
AcDbCircle
 10
129.75
 20
-76.75
 30
0
 40
0.1
  0
CIRCLE
  5
107E
330
1B
100
AcDbEntity
  8
B.Cu
100
AcDbCircle
 10
137.75
 20
-68.25
 30
0
 40
0.1
  0
CIRCLE
  5
107F
330
1B
100
AcDbEntity
  8
B.Cu
100
AcDbCircle
 10
175.75
 20
-68.25
 30
0
 40
0.1
  0
CIRCLE
  5
1080
330
1B
100
AcDbEntity
  8
B.Cu
100
AcDbCircle
 10
186.75
 20
-88.75
 30
0
 40
0.1
  0
CIRCLE
  5
1081
330
1B
100
AcDbEntity
  8
B.Cu
100
AcDbCircle
 10
169.75
 20
-76.75
 30
0
 40
0.1
  0
CIRCLE
  5
1082
330
1B
100
AcDbEntity
  8
B.Cu
100
AcDbCircle
 10
141.75
 20
-109.25
 30
0
 40
0.1
  0
CIRCLE
  5
1083
330
1B
100
AcDbEntity
  8
B.Cu
100
AcDbCircle
 10
186.75
 20
-92.75
 30
0
 40
0.1
  0
CIRCLE
  5
1084
330
1B
100
AcDbEntity
  8
B.Cu
100
AcDbCircle
 10
115.75
 20
-109.25
 30
0
 40
0.1
  0
CIRCLE
  5
1085
330
1B
100
AcDbEntity
  8
B.Cu
100
AcDbCircle
 10
139.75
 20
-109.25
 30
0
 40
0.1
  0
CIRCLE
  5
1086
330
1B
100
AcDbEntity
  8
B.Cu
100
AcDbCircle
 10
147.75
 20
-68.25
 30
0
 40
0.1
  0
CIRCLE
  5
1087
330
1B
100
AcDbEntity
  8
B.Cu
100
AcDbCircle
 10
186.75
 20
-86.75
 30
0
 40
0.1
  0
CIRCLE
  5
1088
330
1B
100
AcDbEntity
  8
B.Cu
100
AcDbCircle
 10
179.75
 20
-68.25
 30
0
 40
0.1
  0
CIRCLE
  5
1089
330
1B
100
AcDbEntity
  8
B.Cu
100
AcDbCircle
 10
169.75
 20
-78.75
 30
0
 40
0.1
  0
CIRCLE
  5
108A
330
1B
100
AcDbEntity
  8
B.Cu
100
AcDbCircle
 10
171.75
 20
-68.25
 30
0
 40
0.1
  0
CIRCLE
  5
108B
330
1B
100
AcDbEntity
  8
B.Cu
100
AcDbCircle
 10
165.75
 20
-109.25
 30
0
 40
0.1
  0
CIRCLE
  5
108C
330
1B
100
AcDbEntity
  8
B.Cu
100
AcDbCircle
 10
161.75
 20
-109.25
 30
0
 40
0.1
  0
CIRCLE
  5
108D
330
1B
100
AcDbEntity
  8
B.Cu
100
AcDbCircle
 10
179.75
 20
-109.25
 30
0
 40
0.1
  0
CIRCLE
  5
108E
330
1B
100
AcDbEntity
  8
B.Cu
100
AcDbCircle
 10
131.75
 20
-78.75
 30
0
 40
0.1
  0
CIRCLE
  5
108F
330
1B
100
AcDbEntity
  8
B.Cu
100
AcDbCircle
 10
129.75
 20
-78.75
 30
0
 40
0.1
  0
CIRCLE
  5
1090
330
1B
100
AcDbEntity
  8
B.Cu
100
AcDbCircle
 10
125.75
 20
-76.75
 30
0
 40
0.1
  0
CIRCLE
  5
1091
330
1B
100
AcDbEntity
  8
B.Cu
100
AcDbCircle
 10
131.75
 20
-68.25
 30
0
 40
0.1
  0
CIRCLE
  5
1092
330
1B
100
AcDbEntity
  8
B.Cu
100
AcDbCircle
 10
127.75
 20
-98.75
 30
0
 40
0.1
  0
CIRCLE
  5
1093
330
1B
100
AcDbEntity
  8
B.Cu
100
AcDbCircle
 10
169.75
 20
-109.25
 30
0
 40
0.1
  0
CIRCLE
  5
1094
330
1B
100
AcDbEntity
  8
B.Cu
100
AcDbCircle
 10
187.5
 20
-70.5
 30
0
 40
1.75
  0
CIRCLE
  5
1095
330
1B
100
AcDbEntity
  8
B.Cu
100
AcDbCircle
 10
173.75
 20
-68.25
 30
0
 40
0.1
  0
CIRCLE
  5
1096
330
1B
100
AcDbEntity
  8
B.Cu
100
AcDbCircle
 10
181.75
 20
-68.25
 30
0
 40
0.1
  0
CIRCLE
  5
1097
330
1B
100
AcDbEntity
  8
B.Cu
100
AcDbCircle
 10
110.75
 20
-82.75
 30
0
 40
0.1
  0
CIRCLE
  5
1098
330
1B
100
AcDbEntity
  8
B.Cu
100
AcDbCircle
 10
110.75
 20
-86.75
 30
0
 40
0.1
  0
CIRCLE
  5
1099
330
1B
100
AcDbEntity
  8
B.Cu
100
AcDbCircle
 10
135.75
 20
-78.75
 30
0
 40
0.1
  0
CIRCLE
  5
109A
330
1B
100
AcDbEntity
  8
B.Cu
100
AcDbCircle
 10
163.75
 20
-98.75
 30
0
 40
0.1
  0
CIRCLE
  5
109B
330
1B
100
AcDbEntity
  8
B.Cu
100
AcDbCircle
 10
123.75
 20
-98.75
 30
0
 40
0.1
  0
CIRCLE
  5
109C
330
1B
100
AcDbEntity
  8
B.Cu
100
AcDbCircle
 10
110.
 20
-70.5
 30
0
 40
1.75
  0
CIRCLE
  5
109D
330
1B
100
AcDbEntity
  8
B.Cu
100
AcDbCircle
 10
177.75
 20
-68.25
 30
0
 40
0.1
  0
CIRCLE
  5
109E
330
1B
100
AcDbEntity
  8
B.Cu
100
AcDbCircle
 10
110.75
 20
-102.75
 30
0
 40
0.1
  0
CIRCLE
  5
109F
330
1B
100
AcDbEntity
  8
B.Cu
100
AcDbCircle
 10
127.75
 20
-100.75
 30
0
 40
0.1
  0
CIRCLE
  5
10A0
330
1B
100
AcDbEntity
  8
B.Cu
100
AcDbCircle
 10
173.75
 20
-78.75
 30
0
 40
0.1
  0
CIRCLE
  5
10A1
330
1B
100
AcDbEntity
  8
B.Cu
100
AcDbCircle
 10
143.75
 20
-109.25
 30
0
 40
0.1
  0
CIRCLE
  5
10A2
330
1B
100
AcDbEntity
  8
B.Cu
100
AcDbCircle
 10
110.75
 20
-90.75
 30
0
 40
0.1
  0
CIRCLE
  5
10A3
330
1B
100
AcDbEntity
  8
B.Cu
100
AcDbCircle
 10
125.75
 20
-100.75
 30
0
 40
0.1
  0
CIRCLE
  5
10A4
330
1B
100
AcDbEntity
  8
B.Cu
100
AcDbCircle
 10
153.75
 20
-68.25
 30
0
 40
0.1
  0
CIRCLE
  5
10A5
330
1B
100
AcDbEntity
  8
B.Cu
100
AcDbCircle
 10
163.75
 20
-100.75
 30
0
 40
0.1
  0
CIRCLE
  5
10A6
330
1B
100
AcDbEntity
  8
B.Cu
100
AcDbCircle
 10
135.75
 20
-68.25
 30
0
 40
0.1
  0
CIRCLE
  5
10A7
330
1B
100
AcDbEntity
  8
B.Cu
100
AcDbCircle
 10
123.75
 20
-109.25
 30
0
 40
0.1
  0
CIRCLE
  5
10A8
330
1B
100
AcDbEntity
  8
B.Cu
100
AcDbCircle
 10
113.75
 20
-68.25
 30
0
 40
0.1
  0
CIRCLE
  5
10A9
330
1B
100
AcDbEntity
  8
B.Cu
100
AcDbCircle
 10
117.75
 20
-68.25
 30
0
 40
0.1
  0
CIRCLE
  5
10AA
330
1B
100
AcDbEntity
  8
B.Cu
100
AcDbCircle
 10
143.75
 20
-68.25
 30
0
 40
0.1
  0
CIRCLE
  5
10AB
330
1B
100
AcDbEntity
  8
B.Cu
100
AcDbCircle
 10
131.75
 20
-100.75
 30
0
 40
0.1
  0
CIRCLE
  5
10AC
330
1B
100
AcDbEntity
  8
B.Cu
100
AcDbCircle
 10
165.75
 20
-98.75
 30
0
 40
0.1
  0
CIRCLE
  5
10AD
330
1B
100
AcDbEntity
  8
B.Cu
100
AcDbCircle
 10
129.75
 20
-109.25
 30
0
 40
0.1
  0
CIRCLE
  5
10AE
330
1B
100
AcDbEntity
  8
B.Cu
100
AcDbCircle
 10
173.75
 20
-98.75
 30
0
 40
0.1
  0
CIRCLE
  5
10AF
330
1B
100
AcDbEntity
  8
B.Cu
100
AcDbCircle
 10
167.75
 20
-98.75
 30
0
 40
0.1
  0
CIRCLE
  5
10B0
330
1B
100
AcDbEntity
  8
B.Cu
100
AcDbCircle
 10
139.75
 20
-68.25
 30
0
 40
0.1
  0
CIRCLE
  5
10B1
330
1B
100
AcDbEntity
  8
B.Cu
100
AcDbCircle
 10
186.75
 20
-76.75
 30
0
 40
0.1
  0
CIRCLE
  5
10B2
330
1B
100
AcDbEntity
  8
B.Cu
100
AcDbCircle
 10
119.75
 20
-68.25
 30
0
 40
0.1
  0
CIRCLE
  5
10B3
330
1B
100
AcDbEntity
  8
B.Cu
100
AcDbCircle
 10
167.75
 20
-78.75
 30
0
 40
0.1
  0
CIRCLE
  5
10B4
330
1B
100
AcDbEntity
  8
B.Cu
100
AcDbCircle
 10
165.75
 20
-78.75
 30
0
 40
0.1
  0
CIRCLE
  5
10B5
330
1B
100
AcDbEntity
  8
B.Cu
100
AcDbCircle
 10
129.75
 20
-68.25
 30
0
 40
0.1
  0
CIRCLE
  5
10B6
330
1B
100
AcDbEntity
  8
B.Cu
100
AcDbCircle
 10
177.75
 20
-109.25
 30
0
 40
0.1
  0
CIRCLE
  5
10B7
330
1B
100
AcDbEntity
  8
B.Cu
100
AcDbCircle
 10
186.75
 20
-100.75
 30
0
 40
0.1
  0
CIRCLE
  5
10B8
330
1B
100
AcDbEntity
  8
B.Cu
100
AcDbCircle
 10
163.75
 20
-80.75
 30
0
 40
0.1
  0
CIRCLE
  5
10B9
330
1B
100
AcDbEntity
  8
B.Cu
100
AcDbCircle
 10
129.75
 20
-100.75
 30
0
 40
0.1
  0
CIRCLE
  5
10BA
330
1B
100
AcDbEntity
  8
B.Cu
100
AcDbCircle
 10
155.75
 20
-68.25
 30
0
 40
0.1
  0
CIRCLE
  5
10BB
330
1B
100
AcDbEntity
  8
B.Cu
100
AcDbCircle
 10
125.75
 20
-78.75
 30
0
 40
0.1
  0
CIRCLE
  5
10BC
330
1B
100
AcDbEntity
  8
B.Cu
100
AcDbCircle
 10
165.75
 20
-68.25
 30
0
 40
0.1
  0
CIRCLE
  5
10BD
330
1B
100
AcDbEntity
  8
B.Cu
100
AcDbCircle
 10
186.75
 20
-84.75
 30
0
 40
0.1
  0
CIRCLE
  5
10BE
330
1B
100
AcDbEntity
  8
B.Cu
100
AcDbCircle
 10
110.75
 20
-100.75
 30
0
 40
0.1
  0
CIRCLE
  5
10BF
330
1B
100
AcDbEntity
  8
B.Cu
100
AcDbCircle
 10
127.75
 20
-78.75
 30
0
 40
0.1
  0
CIRCLE
  5
10C0
330
1B
100
AcDbEntity
  8
B.Cu
100
AcDbCircle
 10
131.75
 20
-109.25
 30
0
 40
0.1
  0
CIRCLE
  5
10C1
330
1B
100
AcDbEntity
  8
B.Cu
100
AcDbCircle
 10
183.75
 20
-68.25
 30
0
 40
0.1
  0
CIRCLE
  5
10C2
330
1B
100
AcDbEntity
  8
B.Cu
100
AcDbCircle
 10
137.75
 20
-109.25
 30
0
 40
0.1
  0
CIRCLE
  5
10C3
330
1B
100
AcDbEntity
  8
B.Cu
100
AcDbCircle
 10
110.75
 20
-78.75
 30
0
 40
0.1
  0
CIRCLE
  5
10C4
330
1B
100
AcDbEntity
  8
B.Cu
100
AcDbCircle
 10
163.75
 20
-76.75
 30
0
 40
0.1
  0
CIRCLE
  5
10C5
330
1B
100
AcDbEntity
  8
B.Cu
100
AcDbCircle
 10
165.75
 20
-80.75
 30
0
 40
0.1
  0
CIRCLE
  5
10C6
330
1B
100
AcDbEntity
  8
B.Cu
100
AcDbCircle
 10
121.75
 20
-68.25
 30
0
 40
0.1
  0
CIRCLE
  5
10C7
330
1B
100
AcDbEntity
  8
B.Cu
100
AcDbCircle
 10
110.75
 20
-94.75
 30
0
 40
0.1
  0
CIRCLE
  5
10C8
330
1B
100
AcDbEntity
  8
B.Cu
100
AcDbCircle
 10
155.75
 20
-109.25
 30
0
 40
0.1
  0
CIRCLE
  5
10C9
330
1B
100
AcDbEntity
  8
B.Cu
100
AcDbCircle
 10
171.75
 20
-109.25
 30
0
 40
0.1
  0
CIRCLE
  5
10CA
330
1B
100
AcDbEntity
  8
B.Cu
100
AcDbCircle
 10
159.75
 20
-109.25
 30
0
 40
0.1
  0
CIRCLE
  5
10CB
330
1B
100
AcDbEntity
  8
B.Cu
100
AcDbCircle
 10
117.75
 20
-109.25
 30
0
 40
0.1
  0
CIRCLE
  5
10CC
330
1B
100
AcDbEntity
  8
B.Cu
100
AcDbCircle
 10
167.75
 20
-68.25
 30
0
 40
0.1
  0
CIRCLE
  5
10CD
330
1B
100
AcDbEntity
  8
B.Cu
100
AcDbCircle
 10
171.75
 20
-96.75
 30
0
 40
0.1
  0
CIRCLE
  5
10CE
330
1B
100
AcDbEntity
  8
B.Cu
100
AcDbCircle
 10
163.75
 20
-68.25
 30
0
 40
0.1
  0
CIRCLE
  5
10CF
330
1B
100
AcDbEntity
  8
B.Cu
100
AcDbCircle
 10
169.75
 20
-68.25
 30
0
 40
0.1
  0
CIRCLE
  5
10D0
330
1B
100
AcDbEntity
  8
B.Cu
100
AcDbCircle
 10
135.75
 20
-98.75
 30
0
 40
0.1
  0
CIRCLE
  5
10D1
330
1B
100
AcDbEntity
  8
B.Cu
100
AcDbCircle
 10
133.75
 20
-68.25
 30
0
 40
0.1
  0
CIRCLE
  5
10D2
330
1B
100
AcDbEntity
  8
B.Cu
100
AcDbCircle
 10
110.
 20
-107.
 30
0
 40
1.75
  0
CIRCLE
  5
10D3
330
1B
100
AcDbEntity
  8
B.Cu
100
AcDbCircle
 10
127.75
 20
-68.25
 30
0
 40
0.1
  0
CIRCLE
  5
10D4
330
1B
100
AcDbEntity
  8
B.Cu
100
AcDbCircle
 10
125.75
 20
-80.75
 30
0
 40
0.1
  0
CIRCLE
  5
10D5
330
1B
100
AcDbEntity
  8
B.Cu
100
AcDbCircle
 10
151.75
 20
-109.25
 30
0
 40
0.1
  0
CIRCLE
  5
10D6
330
1B
100
AcDbEntity
  8
B.Cu
100
AcDbCircle
 10
175.75
 20
-109.25
 30
0
 40
0.1
  0
CIRCLE
  5
10D7
330
1B
100
AcDbEntity
  8
B.Cu
100
AcDbCircle
 10
171.75
 20
-76.75
 30
0
 40
0.1
  0
CIRCLE
  5
10D8
330
1B
100
AcDbEntity
  8
B.Cu
100
AcDbCircle
 10
187.5
 20
-107.
 30
0
 40
1.75
  0
CIRCLE
  5
10D9
330
1B
100
AcDbEntity
  8
B.Cu
100
AcDbCircle
 10
159.75
 20
-68.25
 30
0
 40
0.1
  0
CIRCLE
  5
10DA
330
1B
100
AcDbEntity
  8
B.Cu
100
AcDbCircle
 10
131.75
 20
-98.75
 30
0
 40
0.1
  0
CIRCLE
  5
10DB
330
1B
100
AcDbEntity
  8
B.Cu
100
AcDbCircle
 10
161.75
 20
-78.75
 30
0
 40
0.1
  0
CIRCLE
  5
10DC
330
1B
100
AcDbEntity
  8
B.Cu
100
AcDbCircle
 10
186.75
 20
-82.75
 30
0
 40
0.1
  0
CIRCLE
  5
10DD
330
1B
100
AcDbEntity
  8
B.Cu
100
AcDbCircle
 10
145.75
 20
-109.25
 30
0
 40
0.1
  0
CIRCLE
  5
10DE
330
1B
100
AcDbEntity
  8
B.Cu
100
AcDbCircle
 10
110.75
 20
-96.75
 30
0
 40
0.1
  0
CIRCLE
  5
10DF
330
1B
100
AcDbEntity
  8
B.Cu
100
AcDbCircle
 10
127.75
 20
-109.25
 30
0
 40
0.1
  0
CIRCLE
  5
10E0
330
1B
100
AcDbEntity
  8
B.Cu
100
AcDbCircle
 10
163.75
 20
-78.75
 30
0
 40
0.1
  0
CIRCLE
  5
10E1
330
1B
100
AcDbEntity
  8
B.Cu
100
AcDbCircle
 10
129.75
 20
-98.75
 30
0
 40
0.1
  0
CIRCLE
  5
10E2
330
1B
100
AcDbEntity
  8
B.Cu
100
AcDbCircle
 10
119.75
 20
-109.25
 30
0
 40
0.1
  0
CIRCLE
  5
10E3
330
1B
100
AcDbEntity
  8
B.Cu
100
AcDbCircle
 10
186.75
 20
-94.75
 30
0
 40
0.1
  0
CIRCLE
  5
10E4
330
1B
100
AcDbEntity
  8
B.Cu
100
AcDbCircle
 10
121.75
 20
-109.25
 30
0
 40
0.1
  0
CIRCLE
  5
10E5
330
1B
100
AcDbEntity
  8
B.Cu
100
AcDbCircle
 10
165.75
 20
-88.75
 30
0
 40
0.1
  0
CIRCLE
  5
10E6
330
1B
100
AcDbEntity
  8
B.Cu
100
AcDbCircle
 10
171.75
 20
-80.75
 30
0
 40
0.1
  0
CIRCLE
  5
10E7
330
1B
100
AcDbEntity
  8
B.Cu
100
AcDbCircle
 10
186.75
 20
-90.75
 30
0
 40
0.1
  0
CIRCLE
  5
10E8
330
1B
100
AcDbEntity
  8
B.Cu
100
AcDbCircle
 10
163.75
 20
-96.75
 30
0
 40
0.1
  0
CIRCLE
  5
10E9
330
1B
100
AcDbEntity
  8
B.Cu
100
AcDbCircle
 10
169.75
 20
-96.75
 30
0
 40
0.1
  0
CIRCLE
  5
10EA
330
1B
100
AcDbEntity
  8
B.Cu
100
AcDbCircle
 10
171.75
 20
-98.75
 30
0
 40
0.1
  0
CIRCLE
  5
10EB
330
1B
100
AcDbEntity
  8
B.Cu
100
AcDbCircle
 10
169.75
 20
-88.75
 30
0
 40
0.1
  0
CIRCLE
  5
10EC
330
1B
100
AcDbEntity
  8
B.Cu
100
AcDbCircle
 10
169.75
 20
-100.75
 30
0
 40
0.1
  0
CIRCLE
  5
10ED
330
1B
100
AcDbEntity
  8
B.Cu
100
AcDbCircle
 10
186.75
 20
-80.75
 30
0
 40
0.1
  0
CIRCLE
  5
10EE
330
1B
100
AcDbEntity
  8
B.Cu
100
AcDbCircle
 10
151.75
 20
-68.25
 30
0
 40
0.1
  0
CIRCLE
  5
10EF
330
1B
100
AcDbEntity
  8
B.Cu
100
AcDbCircle
 10
149.75
 20
-68.25
 30
0
 40
0.1
  0
CIRCLE
  5
10F0
330
1B
100
AcDbEntity
  8
B.Cu
100
AcDbCircle
 10
145.75
 20
-68.25
 30
0
 40
0.1
  0
CIRCLE
  5
10F1
330
1B
100
AcDbEntity
  8
B.Cu
100
AcDbCircle
 10
125.75
 20
-98.75
 30
0
 40
0.1
  0
CIRCLE
  5
10F2
330
1B
100
AcDbEntity
  8
B.Cu
100
AcDbCircle
 10
129.75
 20
-90.75
 30
0
 40
0.1
  0
CIRCLE
  5
10F3
330
1B
100
AcDbEntity
  8
B.Cu
100
AcDbCircle
 10
125.75
 20
-96.75
 30
0
 40
0.1
  0
CIRCLE
  5
10F4
330
1B
100
AcDbEntity
  8
B.Cu
100
AcDbCircle
 10
127.75
 20
-96.75
 30
0
 40
0.1
  0
CIRCLE
  5
10F5
330
1B
100
AcDbEntity
  8
B.Cu
100
AcDbCircle
 10
131.75
 20
-96.75
 30
0
 40
0.1
  0
CIRCLE
  5
10F6
330
1B
100
AcDbEntity
  8
B.Cu
100
AcDbCircle
 10
129.75
 20
-96.75
 30
0
 40
0.1
  0
CIRCLE
  5
10F7
330
1B
100
AcDbEntity
  8
B.Cu
100
AcDbCircle
 10
153.75
 20
-109.25
 30
0
 40
0.1
  0
CIRCLE
  5
10F8
330
1B
100
AcDbEntity
  8
B.Cu
100
AcDbCircle
 10
149.75
 20
-109.25
 30
0
 40
0.1
  0
CIRCLE
  5
10F9
330
1B
100
AcDbEntity
  8
B.Cu
100
AcDbCircle
 10
163.75
 20
-109.25
 30
0
 40
0.1
  0
CIRCLE
  5
10FA
330
1B
100
AcDbEntity
  8
B.Cu
100
AcDbCircle
 10
167.75
 20
-90.75
 30
0
 40
0.1
  0
CIRCLE
  5
10FB
330
1B
100
AcDbEntity
  8
B.Cu
100
AcDbCircle
 10
141.75
 20
-68.25
 30
0
 40
0.1
  0
CIRCLE
  5
10FC
330
1B
100
AcDbEntity
  8
B.Cu
100
AcDbCircle
 10
133.75
 20
-96.75
 30
0
 40
0.1
  0
CIRCLE
  5
10FD
330
1B
100
AcDbEntity
  8
B.Cu
100
AcDbCircle
 10
167.75
 20
-88.75
 30
0
 40
0.1
  0
CIRCLE
  5
10FE
330
1B
100
AcDbEntity
  8
B.Cu
100
AcDbCircle
 10
171.75
 20
-100.75
 30
0
 40
0.1
  0
CIRCLE
  5
10FF
330
1B
100
AcDbEntity
  8
B.Cu
100
AcDbCircle
 10
169.75
 20
-98.75
 30
0
 40
0.1
  0
CIRCLE
  5
1100
330
1B
100
AcDbEntity
  8
B.Cu
100
AcDbCircle
 10
167.75
 20
-86.75
 30
0
 40
0.1
  0
CIRCLE
  5
1101
330
1B
100
AcDbEntity
  8
B.Cu
100
AcDbCircle
 10
186.75
 20
-96.75
 30
0
 40
0.1
  0
CIRCLE
  5
1102
330
1B
100
AcDbEntity
  8
B.Cu
100
AcDbCircle
 10
131.75
 20
-76.75
 30
0
 40
0.1
  0
CIRCLE
  5
1103
330
1B
100
AcDbEntity
  8
B.Cu
100
AcDbCircle
 10
161.75
 20
-98.75
 30
0
 40
0.1
  0
CIRCLE
  5
1104
330
1B
100
AcDbEntity
  8
B.Cu
100
AcDbCircle
 10
133.75
 20
-80.75
 30
0
 40
0.1
  0
CIRCLE
  5
1105
330
1B
100
AcDbEntity
  8
B.Cu
100
AcDbCircle
 10
133.75
 20
-78.75
 30
0
 40
0.1
  0
CIRCLE
  5
1106
330
1B
100
AcDbEntity
  8
B.Cu
100
AcDbCircle
 10
129.75
 20
-86.75
 30
0
 40
0.1
  0
CIRCLE
  5
1107
330
1B
100
AcDbEntity
  8
B.Cu
100
AcDbCircle
 10
133.75
 20
-76.75
 30
0
 40
0.1
  0
CIRCLE
  5
1108
330
1B
100
AcDbEntity
  8
B.Cu
100
AcDbCircle
 10
131.75
 20
-80.75
 30
0
 40
0.1
  0
CIRCLE
  5
1109
330
1B
100
AcDbEntity
  8
B.Cu
100
AcDbCircle
 10
157.75
 20
-68.25
 30
0
 40
0.1
  0
CIRCLE
  5
110A
330
1B
100
AcDbEntity
  8
B.Cu
100
AcDbCircle
 10
110.75
 20
-84.75
 30
0
 40
0.1
  0
CIRCLE
  5
110B
330
1B
100
AcDbEntity
  8
B.Cu
100
AcDbCircle
 10
186.75
 20
-78.75
 30
0
 40
0.1
  0
CIRCLE
  5
110C
330
1B
100
AcDbEntity
  8
B.Cu
100
AcDbCircle
 10
147.75
 20
-109.25
 30
0
 40
0.1
  0
CIRCLE
  5
110D
330
1B
100
AcDbEntity
  8
B.Cu
100
AcDbCircle
 10
110.75
 20
-80.75
 30
0
 40
0.1
  0
CIRCLE
  5
110E
330
1B
100
AcDbEntity
  8
B.Cu
100
AcDbCircle
 10
125.75
 20
-68.25
 30
0
 40
0.1
  0
CIRCLE
  5
110F
330
1B
100
AcDbEntity
  8
B.Cu
100
AcDbCircle
 10
133.75
 20
-100.75
 30
0
 40
0.1
  0
CIRCLE
  5
1110
330
1B
100
AcDbEntity
  8
B.Cu
100
AcDbCircle
 10
129.75
 20
-80.75
 30
0
 40
0.1
  0
CIRCLE
  5
1111
330
1B
100
AcDbEntity
  8
B.Cu
100
AcDbCircle
 10
127.75
 20
-80.75
 30
0
 40
0.1
  0
CIRCLE
  5
1112
330
1B
100
AcDbEntity
  8
B.Cu
100
AcDbCircle
 10
135.75
 20
-109.25
 30
0
 40
0.1
  0
CIRCLE
  5
1113
330
1B
100
AcDbEntity
  8
B.Cu
100
AcDbCircle
 10
161.75
 20
-68.25
 30
0
 40
0.1
  0
CIRCLE
  5
1114
330
1B
100
AcDbEntity
  8
B.Cu
100
AcDbCircle
 10
167.75
 20
-96.75
 30
0
 40
0.1
  0
CIRCLE
  5
1115
330
1B
100
AcDbEntity
  8
B.Cu
100
AcDbCircle
 10
186.75
 20
-102.75
 30
0
 40
0.1
  0
CIRCLE
  5
1116
330
1B
100
AcDbEntity
  8
B.Cu
100
AcDbCircle
 10
123.75
 20
-78.75
 30
0
 40
0.1
  0
CIRCLE
  5
1117
330
1B
100
AcDbEntity
  8
B.Cu
100
AcDbCircle
 10
165.75
 20
-96.75
 30
0
 40
0.1
  0
CIRCLE
  5
1118
330
1B
100
AcDbEntity
  8
B.Cu
100
AcDbCircle
 10
157.75
 20
-109.25
 30
0
 40
0.1
  0
CIRCLE
  5
1119
330
1B
100
AcDbEntity
  8
B.Cu
100
AcDbCircle
 10
186.75
 20
-74.75
 30
0
 40
0.1
  0
CIRCLE
  5
111A
330
1B
100
AcDbEntity
  8
B.Cu
100
AcDbCircle
 10
181.75
 20
-109.25
 30
0
 40
0.1
  0
CIRCLE
  5
111B
330
1B
100
AcDbEntity
  8
B.Cu
100
AcDbCircle
 10
169.75
 20
-80.75
 30
0
 40
0.1
  0
CIRCLE
  5
111C
330
1B
100
AcDbEntity
  8
B.Cu
100
AcDbCircle
 10
167.75
 20
-76.75
 30
0
 40
0.1
  0
CIRCLE
  5
111D
330
1B
100
AcDbEntity
  8
B.Cu
100
AcDbCircle
 10
113.75
 20
-109.25
 30
0
 40
0.1
  0
CIRCLE
  5
111E
330
1B
100
AcDbEntity
  8
B.Cu
100
AcDbCircle
 10
167.75
 20
-80.75
 30
0
 40
0.1
  0
CIRCLE
  5
111F
330
1B
100
AcDbEntity
  8
B.Cu
100
AcDbCircle
 10
167.75
 20
-109.25
 30
0
 40
0.1
  0
CIRCLE
  5
1120
330
1B
100
AcDbEntity
  8
B.Cu
100
AcDbCircle
 10
115.75
 20
-68.25
 30
0
 40
0.1
  0
CIRCLE
  5
1121
330
1B
100
AcDbEntity
  8
B.Cu
100
AcDbCircle
 10
133.75
 20
-98.75
 30
0
 40
0.1
  0
CIRCLE
  5
1122
330
1B
100
AcDbEntity
  8
B.Cu
100
AcDbCircle
 10
183.75
 20
-109.25
 30
0
 40
0.1
  0
CIRCLE
  5
1123
330
1B
100
AcDbEntity
  8
B.Cu
100
AcDbCircle
 10
129.75
 20
-88.75
 30
0
 40
0.1
  0
CIRCLE
  5
1124
330
1B
100
AcDbEntity
  8
B.Cu
100
AcDbCircle
 10
110.75
 20
-76.75
 30
0
 40
0.1
  0
CIRCLE
  5
1125
330
1B
100
AcDbEntity
  8
B.Cu
100
AcDbCircle
 10
110.75
 20
-74.75
 30
0
 40
0.1
  0
CIRCLE
  5
1126
330
1B
100
AcDbEntity
  8
B.Cu
100
AcDbCircle
 10
127.75
 20
-76.75
 30
0
 40
0.1
  0
CIRCLE
  5
1127
330
1B
100
AcDbEntity
  8
B.Cu
100
AcDbCircle
 10
125.75
 20
-109.25
 30
0
 40
0.1
  0
CIRCLE
  5
1128
330
1B
100
AcDbEntity
  8
B.Cu
100
AcDbCircle
 10
110.75
 20
-98.75
 30
0
 40
0.1
  0
CIRCLE
  5
1129
330
1B
100
AcDbEntity
  8
B.Cu
100
AcDbCircle
 10
186.75
 20
-98.75
 30
0
 40
0.1
  0
CIRCLE
  5
112A
330
1B
100
AcDbEntity
  8
B.Cu
100
AcDbCircle
 10
165.75
 20
-100.75
 30
0
 40
0.1
  0
CIRCLE
  5
112B
330
1B
100
AcDbEntity
  8
B.Cu
100
AcDbCircle
 10
171.75
 20
-78.75
 30
0
 40
0.1
  0
CIRCLE
  5
112C
330
1B
100
AcDbEntity
  8
B.Cu
100
AcDbCircle
 10
127.75
 20
-88.75
 30
0
 40
0.1
  0
CIRCLE
  5
112D
330
1B
100
AcDbEntity
  8
B.Cu
100
AcDbCircle
 10
110.75
 20
-92.75
 30
0
 40
0.1
  0
CIRCLE
  5
112E
330
1B
100
AcDbEntity
  8
B.Cu
100
AcDbCircle
 10
165.75
 20
-76.75
 30
0
 40
0.1
  0
CIRCLE
  5
112F
330
1B
100
AcDbEntity
  8
B.Cu
100
AcDbCircle
 10
131.75
 20
-88.75
 30
0
 40
0.1
  0
CIRCLE
  5
1130
330
1B
100
AcDbEntity
  8
B.Cu
100
AcDbCircle
 10
110.75
 20
-88.75
 30
0
 40
0.1
  0
CIRCLE
  5
1131
330
1B
100
AcDbEntity
  8
B.Cu
100
AcDbCircle
 10
173.75
 20
-109.25
 30
0
 40
0.1
  0
CIRCLE
  5
1132
330
1B
100
AcDbEntity
  8
B.Cu
100
AcDbCircle
 10
133.75
 20
-109.25
 30
0
 40
0.1
  0
CIRCLE
  5
1133
330
1B
100
AcDbEntity
  8
B.Cu
100
AcDbCircle
 10
167.75
 20
-100.75
 30
0
 40
0.1
  0
CIRCLE
  5
1134
330
1B
100
AcDbEntity
  8
B.Cu
100
AcDbCircle
 10
123.75
 20
-68.25
 30
0
 40
0.1
  0
CIRCLE
  5
1135
330
1B
100
AcDbEntity
  8
B.Cu
100
AcDbCircle
 10
129.75
 20
-76.75
 30
0
 40
0.1
  0
CIRCLE
  5
1136
330
1B
100
AcDbEntity
  8
B.Cu
100
AcDbCircle
 10
137.75
 20
-68.25
 30
0
 40
0.1
  0
CIRCLE
  5
1137
330
1B
100
AcDbEntity
  8
B.Cu
100
AcDbCircle
 10
175.75
 20
-68.25
 30
0
 40
0.1
  0
CIRCLE
  5
1138
330
1B
100
AcDbEntity
  8
B.Cu
100
AcDbCircle
 10
186.75
 20
-88.75
 30
0
 40
0.1
  0
CIRCLE
  5
1139
330
1B
100
AcDbEntity
  8
B.Cu
100
AcDbCircle
 10
169.75
 20
-76.75
 30
0
 40
0.1
  0
CIRCLE
  5
113A
330
1B
100
AcDbEntity
  8
B.Cu
100
AcDbCircle
 10
141.75
 20
-109.25
 30
0
 40
0.1
  0
CIRCLE
  5
113B
330
1B
100
AcDbEntity
  8
B.Cu
100
AcDbCircle
 10
186.75
 20
-92.75
 30
0
 40
0.1
  0
CIRCLE
  5
113C
330
1B
100
AcDbEntity
  8
B.Cu
100
AcDbCircle
 10
115.75
 20
-109.25
 30
0
 40
0.1
  0
CIRCLE
  5
113D
330
1B
100
AcDbEntity
  8
B.Cu
100
AcDbCircle
 10
139.75
 20
-109.25
 30
0
 40
0.1
  0
CIRCLE
  5
113E
330
1B
100
AcDbEntity
  8
B.Cu
100
AcDbCircle
 10
147.75
 20
-68.25
 30
0
 40
0.1
  0
CIRCLE
  5
113F
330
1B
100
AcDbEntity
  8
B.Cu
100
AcDbCircle
 10
186.75
 20
-86.75
 30
0
 40
0.1
  0
CIRCLE
  5
1140
330
1B
100
AcDbEntity
  8
B.Cu
100
AcDbCircle
 10
179.75
 20
-68.25
 30
0
 40
0.1
  0
CIRCLE
  5
1141
330
1B
100
AcDbEntity
  8
B.Cu
100
AcDbCircle
 10
169.75
 20
-78.75
 30
0
 40
0.1
  0
CIRCLE
  5
1142
330
1B
100
AcDbEntity
  8
B.Cu
100
AcDbCircle
 10
171.75
 20
-68.25
 30
0
 40
0.1
  0
CIRCLE
  5
1143
330
1B
100
AcDbEntity
  8
B.Cu
100
AcDbCircle
 10
165.75
 20
-109.25
 30
0
 40
0.1
  0
CIRCLE
  5
1144
330
1B
100
AcDbEntity
  8
B.Cu
100
AcDbCircle
 10
161.75
 20
-109.25
 30
0
 40
0.1
  0
CIRCLE
  5
1145
330
1B
100
AcDbEntity
  8
B.Cu
100
AcDbCircle
 10
179.75
 20
-109.25
 30
0
 40
0.1
  0
CIRCLE
  5
1146
330
1B
100
AcDbEntity
  8
B.Cu
100
AcDbCircle
 10
131.75
 20
-78.75
 30
0
 40
0.1
  0
CIRCLE
  5
1147
330
1B
100
AcDbEntity
  8
B.Cu
100
AcDbCircle
 10
129.75
 20
-78.75
 30
0
 40
0.1
  0
CIRCLE
  5
1148
330
1B
100
AcDbEntity
  8
B.Cu
100
AcDbCircle
 10
125.75
 20
-76.75
 30
0
 40
0.1
  0
CIRCLE
  5
1149
330
1B
100
AcDbEntity
  8
B.Cu
100
AcDbCircle
 10
131.75
 20
-68.25
 30
0
 40
0.1
  0
CIRCLE
  5
114A
330
1B
100
AcDbEntity
  8
B.Cu
100
AcDbCircle
 10
127.75
 20
-98.75
 30
0
 40
0.1
  0
CIRCLE
  5
114B
330
1B
100
AcDbEntity
  8
B.Cu
100
AcDbCircle
 10
169.75
 20
-109.25
 30
0
 40
0.1
  0
CIRCLE
  5
114C
330
1B
100
AcDbEntity
  8
B.Cu
100
AcDbCircle
 10
187.5
 20
-70.5
 30
0
 40
1.75
  0
CIRCLE
  5
114D
330
1B
100
AcDbEntity
  8
B.Cu
100
AcDbCircle
 10
173.75
 20
-68.25
 30
0
 40
0.1
  0
CIRCLE
  5
114E
330
1B
100
AcDbEntity
  8
B.Cu
100
AcDbCircle
 10
181.75
 20
-68.25
 30
0
 40
0.1
  0
CIRCLE
  5
114F
330
1B
100
AcDbEntity
  8
B.Cu
100
AcDbCircle
 10
110.75
 20
-82.75
 30
0
 40
0.1
  0
CIRCLE
  5
1150
330
1B
100
AcDbEntity
  8
B.Cu
100
AcDbCircle
 10
110.75
 20
-86.75
 30
0
 40
0.1
  0
CIRCLE
  5
1151
330
1B
100
AcDbEntity
  8
B.Cu
100
AcDbCircle
 10
135.75
 20
-78.75
 30
0
 40
0.1
  0
CIRCLE
  5
1152
330
1B
100
AcDbEntity
  8
B.Cu
100
AcDbCircle
 10
163.75
 20
-98.75
 30
0
 40
0.1
  0
CIRCLE
  5
1153
330
1B
100
AcDbEntity
  8
B.Cu
100
AcDbCircle
 10
123.75
 20
-98.75
 30
0
 40
0.1
  0
CIRCLE
  5
1154
330
1B
100
AcDbEntity
  8
B.Cu
100
AcDbCircle
 10
110.
 20
-70.5
 30
0
 40
1.75
  0
CIRCLE
  5
1155
330
1B
100
AcDbEntity
  8
B.Cu
100
AcDbCircle
 10
177.75
 20
-68.25
 30
0
 40
0.1
  0
CIRCLE
  5
1156
330
1B
100
AcDbEntity
  8
B.Cu
100
AcDbCircle
 10
110.75
 20
-102.75
 30
0
 40
0.1
  0
CIRCLE
  5
1157
330
1B
100
AcDbEntity
  8
B.Cu
100
AcDbCircle
 10
127.75
 20
-100.75
 30
0
 40
0.1
  0
CIRCLE
  5
1158
330
1B
100
AcDbEntity
  8
B.Cu
100
AcDbCircle
 10
173.75
 20
-78.75
 30
0
 40
0.1
  0
CIRCLE
  5
1159
330
1B
100
AcDbEntity
  8
B.Cu
100
AcDbCircle
 10
143.75
 20
-109.25
 30
0
 40
0.1
  0
CIRCLE
  5
115A
330
1B
100
AcDbEntity
  8
B.Cu
100
AcDbCircle
 10
110.75
 20
-90.75
 30
0
 40
0.1
  0
CIRCLE
  5
115B
330
1B
100
AcDbEntity
  8
B.Cu
100
AcDbCircle
 10
125.75
 20
-100.75
 30
0
 40
0.1
  0
CIRCLE
  5
115C
330
1B
100
AcDbEntity
  8
B.Cu
100
AcDbCircle
 10
153.75
 20
-68.25
 30
0
 40
0.1
  0
CIRCLE
  5
115D
330
1B
100
AcDbEntity
  8
B.Cu
100
AcDbCircle
 10
163.75
 20
-100.75
 30
0
 40
0.1
  0
CIRCLE
  5
115E
330
1B
100
AcDbEntity
  8
B.Cu
100
AcDbCircle
 10
135.75
 20
-68.25
 30
0
 40
0.1
  0
CIRCLE
  5
115F
330
1B
100
AcDbEntity
  8
B.Cu
100
AcDbCircle
 10
123.75
 20
-109.25
 30
0
 40
0.1
  0
CIRCLE
  5
1160
330
1B
100
AcDbEntity
  8
B.Cu
100
AcDbCircle
 10
113.75
 20
-68.25
 30
0
 40
0.1
  0
CIRCLE
  5
1161
330
1B
100
AcDbEntity
  8
B.Cu
100
AcDbCircle
 10
117.75
 20
-68.25
 30
0
 40
0.1
  0
CIRCLE
  5
1162
330
1B
100
AcDbEntity
  8
B.Cu
100
AcDbCircle
 10
143.75
 20
-68.25
 30
0
 40
0.1
  0
CIRCLE
  5
1163
330
1B
100
AcDbEntity
  8
B.Cu
100
AcDbCircle
 10
131.75
 20
-100.75
 30
0
 40
0.1
  0
CIRCLE
  5
1164
330
1B
100
AcDbEntity
  8
B.Cu
100
AcDbCircle
 10
165.75
 20
-98.75
 30
0
 40
0.1
  0
CIRCLE
  5
1165
330
1B
100
AcDbEntity
  8
B.Cu
100
AcDbCircle
 10
129.75
 20
-109.25
 30
0
 40
0.1
  0
CIRCLE
  5
1166
330
1B
100
AcDbEntity
  8
B.Cu
100
AcDbCircle
 10
173.75
 20
-98.75
 30
0
 40
0.1
  0
CIRCLE
  5
1167
330
1B
100
AcDbEntity
  8
B.Cu
100
AcDbCircle
 10
167.75
 20
-98.75
 30
0
 40
0.1
  0
CIRCLE
  5
1168
330
1B
100
AcDbEntity
  8
B.Cu
100
AcDbCircle
 10
139.75
 20
-68.25
 30
0
 40
0.1
  0
CIRCLE
  5
1169
330
1B
100
AcDbEntity
  8
B.Cu
100
AcDbCircle
 10
186.75
 20
-76.75
 30
0
 40
0.1
  0
CIRCLE
  5
116A
330
1B
100
AcDbEntity
  8
B.Cu
100
AcDbCircle
 10
119.75
 20
-68.25
 30
0
 40
0.1
  0
CIRCLE
  5
116B
330
1B
100
AcDbEntity
  8
B.Cu
100
AcDbCircle
 10
167.75
 20
-78.75
 30
0
 40
0.1
  0
CIRCLE
  5
116C
330
1B
100
AcDbEntity
  8
B.Cu
100
AcDbCircle
 10
165.75
 20
-78.75
 30
0
 40
0.1
  0
CIRCLE
  5
116D
330
1B
100
AcDbEntity
  8
B.Cu
100
AcDbCircle
 10
129.75
 20
-68.25
 30
0
 40
0.1
  0
CIRCLE
  5
116E
330
1B
100
AcDbEntity
  8
B.Cu
100
AcDbCircle
 10
177.75
 20
-109.25
 30
0
 40
0.1
  0
CIRCLE
  5
116F
330
1B
100
AcDbEntity
  8
B.Cu
100
AcDbCircle
 10
186.75
 20
-100.75
 30
0
 40
0.1
  0
CIRCLE
  5
1170
330
1B
100
AcDbEntity
  8
B.Cu
100
AcDbCircle
 10
163.75
 20
-80.75
 30
0
 40
0.1
  0
CIRCLE
  5
1171
330
1B
100
AcDbEntity
  8
B.Cu
100
AcDbCircle
 10
129.75
 20
-100.75
 30
0
 40
0.1
  0
CIRCLE
  5
1172
330
1B
100
AcDbEntity
  8
B.Cu
100
AcDbCircle
 10
155.75
 20
-68.25
 30
0
 40
0.1
  0
CIRCLE
  5
1173
330
1B
100
AcDbEntity
  8
B.Cu
100
AcDbCircle
 10
125.75
 20
-78.75
 30
0
 40
0.1
  0
CIRCLE
  5
1174
330
1B
100
AcDbEntity
  8
B.Cu
100
AcDbCircle
 10
165.75
 20
-68.25
 30
0
 40
0.1
  0
CIRCLE
  5
1175
330
1B
100
AcDbEntity
  8
B.Cu
100
AcDbCircle
 10
186.75
 20
-84.75
 30
0
 40
0.1
  0
CIRCLE
  5
1176
330
1B
100
AcDbEntity
  8
B.Cu
100
AcDbCircle
 10
110.75
 20
-100.75
 30
0
 40
0.1
  0
CIRCLE
  5
1177
330
1B
100
AcDbEntity
  8
B.Cu
100
AcDbCircle
 10
127.75
 20
-78.75
 30
0
 40
0.1
  0
CIRCLE
  5
1178
330
1B
100
AcDbEntity
  8
B.Cu
100
AcDbCircle
 10
131.75
 20
-109.25
 30
0
 40
0.1
  0
CIRCLE
  5
1179
330
1B
100
AcDbEntity
  8
B.Cu
100
AcDbCircle
 10
183.75
 20
-68.25
 30
0
 40
0.1
  0
CIRCLE
  5
117A
330
1B
100
AcDbEntity
  8
B.Cu
100
AcDbCircle
 10
137.75
 20
-109.25
 30
0
 40
0.1
  0
CIRCLE
  5
117B
330
1B
100
AcDbEntity
  8
B.Cu
100
AcDbCircle
 10
110.75
 20
-78.75
 30
0
 40
0.1
  0
CIRCLE
  5
117C
330
1B
100
AcDbEntity
  8
B.Cu
100
AcDbCircle
 10
163.75
 20
-76.75
 30
0
 40
0.1
  0
CIRCLE
  5
117D
330
1B
100
AcDbEntity
  8
B.Cu
100
AcDbCircle
 10
165.75
 20
-80.75
 30
0
 40
0.1
  0
CIRCLE
  5
117E
330
1B
100
AcDbEntity
  8
B.Cu
100
AcDbCircle
 10
121.75
 20
-68.25
 30
0
 40
0.1
  0
CIRCLE
  5
117F
330
1B
100
AcDbEntity
  8
B.Cu
100
AcDbCircle
 10
110.75
 20
-94.75
 30
0
 40
0.1
  0
CIRCLE
  5
1180
330
1B
100
AcDbEntity
  8
B.Cu
100
AcDbCircle
 10
155.75
 20
-109.25
 30
0
 40
0.1
  0
CIRCLE
  5
1181
330
1B
100
AcDbEntity
  8
B.Cu
100
AcDbCircle
 10
171.75
 20
-109.25
 30
0
 40
0.1
  0
CIRCLE
  5
1182
330
1B
100
AcDbEntity
  8
B.Cu
100
AcDbCircle
 10
159.75
 20
-109.25
 30
0
 40
0.1
  0
CIRCLE
  5
1183
330
1B
100
AcDbEntity
  8
B.Cu
100
AcDbCircle
 10
117.75
 20
-109.25
 30
0
 40
0.1
  0
CIRCLE
  5
1184
330
1B
100
AcDbEntity
  8
B.Cu
100
AcDbCircle
 10
167.75
 20
-68.25
 30
0
 40
0.1
  0
CIRCLE
  5
1185
330
1B
100
AcDbEntity
  8
B.Cu
100
AcDbCircle
 10
171.75
 20
-96.75
 30
0
 40
0.1
  0
CIRCLE
  5
1186
330
1B
100
AcDbEntity
  8
B.Cu
100
AcDbCircle
 10
163.75
 20
-68.25
 30
0
 40
0.1
  0
CIRCLE
  5
1187
330
1B
100
AcDbEntity
  8
B.Cu
100
AcDbCircle
 10
169.75
 20
-68.25
 30
0
 40
0.1
  0
CIRCLE
  5
1188
330
1B
100
AcDbEntity
  8
B.Cu
100
AcDbCircle
 10
135.75
 20
-98.75
 30
0
 40
0.1
  0
CIRCLE
  5
1189
330
1B
100
AcDbEntity
  8
B.Cu
100
AcDbCircle
 10
133.75
 20
-68.25
 30
0
 40
0.1
  0
CIRCLE
  5
118A
330
1B
100
AcDbEntity
  8
B.Cu
100
AcDbCircle
 10
110.
 20
-107.
 30
0
 40
1.75
  0
CIRCLE
  5
118B
330
1B
100
AcDbEntity
  8
B.Cu
100
AcDbCircle
 10
127.75
 20
-68.25
 30
0
 40
0.1
  0
CIRCLE
  5
118C
330
1B
100
AcDbEntity
  8
B.Cu
100
AcDbCircle
 10
125.75
 20
-80.75
 30
0
 40
0.1
  0
CIRCLE
  5
118D
330
1B
100
AcDbEntity
  8
B.Cu
100
AcDbCircle
 10
151.75
 20
-109.25
 30
0
 40
0.1
  0
CIRCLE
  5
118E
330
1B
100
AcDbEntity
  8
B.Cu
100
AcDbCircle
 10
175.75
 20
-109.25
 30
0
 40
0.1
  0
CIRCLE
  5
118F
330
1B
100
AcDbEntity
  8
B.Cu
100
AcDbCircle
 10
171.75
 20
-76.75
 30
0
 40
0.1
  0
CIRCLE
  5
1190
330
1B
100
AcDbEntity
  8
B.Cu
100
AcDbCircle
 10
187.5
 20
-107.
 30
0
 40
1.75
  0
CIRCLE
  5
1191
330
1B
100
AcDbEntity
  8
B.Cu
100
AcDbCircle
 10
159.75
 20
-68.25
 30
0
 40
0.1
  0
CIRCLE
  5
1192
330
1B
100
AcDbEntity
  8
B.Cu
100
AcDbCircle
 10
131.75
 20
-98.75
 30
0
 40
0.1
  0
CIRCLE
  5
1193
330
1B
100
AcDbEntity
  8
B.Cu
100
AcDbCircle
 10
161.75
 20
-78.75
 30
0
 40
0.1
  0
CIRCLE
  5
1194
330
1B
100
AcDbEntity
  8
B.Cu
100
AcDbCircle
 10
186.75
 20
-82.75
 30
0
 40
0.1
  0
CIRCLE
  5
1195
330
1B
100
AcDbEntity
  8
B.Cu
100
AcDbCircle
 10
145.75
 20
-109.25
 30
0
 40
0.1
  0
CIRCLE
  5
1196
330
1B
100
AcDbEntity
  8
B.Cu
100
AcDbCircle
 10
110.75
 20
-96.75
 30
0
 40
0.1
  0
CIRCLE
  5
1197
330
1B
100
AcDbEntity
  8
B.Cu
100
AcDbCircle
 10
127.75
 20
-109.25
 30
0
 40
0.1
  0
CIRCLE
  5
1198
330
1B
100
AcDbEntity
  8
B.Cu
100
AcDbCircle
 10
163.75
 20
-78.75
 30
0
 40
0.1
  0
CIRCLE
  5
1199
330
1B
100
AcDbEntity
  8
B.Cu
100
AcDbCircle
 10
129.75
 20
-98.75
 30
0
 40
0.1
  0
CIRCLE
  5
119A
330
1B
100
AcDbEntity
  8
B.Cu
100
AcDbCircle
 10
119.75
 20
-109.25
 30
0
 40
0.1
  0
CIRCLE
  5
119B
330
1B
100
AcDbEntity
  8
B.Cu
100
AcDbCircle
 10
186.75
 20
-94.75
 30
0
 40
0.1
  0
CIRCLE
  5
119C
330
1B
100
AcDbEntity
  8
B.Cu
100
AcDbCircle
 10
121.75
 20
-109.25
 30
0
 40
0.1
  0
CIRCLE
  5
119D
330
1B
100
AcDbEntity
  8
B.Cu
100
AcDbCircle
 10
165.75
 20
-88.75
 30
0
 40
0.1
  0
CIRCLE
  5
119E
330
1B
100
AcDbEntity
  8
B.Cu
100
AcDbCircle
 10
171.75
 20
-80.75
 30
0
 40
0.1
  0
CIRCLE
  5
119F
330
1B
100
AcDbEntity
  8
B.Cu
100
AcDbCircle
 10
186.75
 20
-90.75
 30
0
 40
0.1
  0
CIRCLE
  5
11A0
330
1B
100
AcDbEntity
  8
B.Cu
100
AcDbCircle
 10
163.75
 20
-96.75
 30
0
 40
0.1
  0
CIRCLE
  5
11A1
330
1B
100
AcDbEntity
  8
B.Cu
100
AcDbCircle
 10
169.75
 20
-96.75
 30
0
 40
0.1
  0
CIRCLE
  5
11A2
330
1B
100
AcDbEntity
  8
B.Cu
100
AcDbCircle
 10
171.75
 20
-98.75
 30
0
 40
0.1
  0
CIRCLE
  5
11A3
330
1B
100
AcDbEntity
  8
B.Cu
100
AcDbCircle
 10
169.75
 20
-88.75
 30
0
 40
0.1
  0
CIRCLE
  5
11A4
330
1B
100
AcDbEntity
  8
B.Cu
100
AcDbCircle
 10
169.75
 20
-100.75
 30
0
 40
0.1
  0
CIRCLE
  5
11A5
330
1B
100
AcDbEntity
  8
B.Cu
100
AcDbCircle
 10
186.75
 20
-80.75
 30
0
 40
0.1
  0
CIRCLE
  5
11A6
330
1B
100
AcDbEntity
  8
B.Cu
100
AcDbCircle
 10
151.75
 20
-68.25
 30
0
 40
0.1
  0
CIRCLE
  5
11A7
330
1B
100
AcDbEntity
  8
B.Cu
100
AcDbCircle
 10
149.75
 20
-68.25
 30
0
 40
0.1
  0
CIRCLE
  5
11A8
330
1B
100
AcDbEntity
  8
B.Cu
100
AcDbCircle
 10
145.75
 20
-68.25
 30
0
 40
0.1
  0
CIRCLE
  5
11A9
330
1B
100
AcDbEntity
  8
B.Cu
100
AcDbCircle
 10
125.75
 20
-98.75
 30
0
 40
0.1
  0
CIRCLE
  5
11AA
330
1B
100
AcDbEntity
  8
B.Cu
100
AcDbCircle
 10
129.75
 20
-90.75
 30
0
 40
0.1
  0
CIRCLE
  5
11AB
330
1B
100
AcDbEntity
  8
B.Cu
100
AcDbCircle
 10
125.75
 20
-96.75
 30
0
 40
0.1
  0
CIRCLE
  5
11AC
330
1B
100
AcDbEntity
  8
B.Cu
100
AcDbCircle
 10
127.75
 20
-96.75
 30
0
 40
0.1
  0
CIRCLE
  5
11AD
330
1B
100
AcDbEntity
  8
B.Cu
100
AcDbCircle
 10
131.75
 20
-96.75
 30
0
 40
0.1
  0
CIRCLE
  5
11AE
330
1B
100
AcDbEntity
  8
B.Cu
100
AcDbCircle
 10
129.75
 20
-96.75
 30
0
 40
0.1
  0
CIRCLE
  5
11AF
330
1B
100
AcDbEntity
  8
B.Cu
100
AcDbCircle
 10
153.75
 20
-109.25
 30
0
 40
0.1
  0
CIRCLE
  5
11B0
330
1B
100
AcDbEntity
  8
B.Cu
100
AcDbCircle
 10
149.75
 20
-109.25
 30
0
 40
0.1
  0
CIRCLE
  5
11B1
330
1B
100
AcDbEntity
  8
B.Cu
100
AcDbCircle
 10
163.75
 20
-109.25
 30
0
 40
0.1
  0
CIRCLE
  5
11B2
330
1B
100
AcDbEntity
  8
B.Cu
100
AcDbCircle
 10
167.75
 20
-90.75
 30
0
 40
0.1
  0
CIRCLE
  5
11B3
330
1B
100
AcDbEntity
  8
B.Cu
100
AcDbCircle
 10
141.75
 20
-68.25
 30
0
 40
0.1
  0
CIRCLE
  5
11B4
330
1B
100
AcDbEntity
  8
B.Cu
100
AcDbCircle
 10
133.75
 20
-96.75
 30
0
 40
0.1
  0
CIRCLE
  5
11B5
330
1B
100
AcDbEntity
  8
B.Cu
100
AcDbCircle
 10
167.75
 20
-88.75
 30
0
 40
0.1
  0
CIRCLE
  5
11B6
330
1B
100
AcDbEntity
  8
B.Cu
100
AcDbCircle
 10
171.75
 20
-100.75
 30
0
 40
0.1
  0
CIRCLE
  5
11B7
330
1B
100
AcDbEntity
  8
B.Cu
100
AcDbCircle
 10
169.75
 20
-98.75
 30
0
 40
0.1
  0
CIRCLE
  5
11B8
330
1B
100
AcDbEntity
  8
B.Cu
100
AcDbCircle
 10
167.75
 20
-86.75
 30
0
 40
0.1
  0
CIRCLE
  5
11B9
330
1B
100
AcDbEntity
  8
B.Cu
100
AcDbCircle
 10
186.75
 20
-96.75
 30
0
 40
0.1
  0
CIRCLE
  5
11BA
330
1B
100
AcDbEntity
  8
B.Cu
100
AcDbCircle
 10
131.75
 20
-76.75
 30
0
 40
0.1
  0
CIRCLE
  5
11BB
330
1B
100
AcDbEntity
  8
B.Cu
100
AcDbCircle
 10
161.75
 20
-98.75
 30
0
 40
0.1
  0
CIRCLE
  5
11BC
330
1B
100
AcDbEntity
  8
B.Cu
100
AcDbCircle
 10
133.75
 20
-80.75
 30
0
 40
0.1
  0
CIRCLE
  5
11BD
330
1B
100
AcDbEntity
  8
B.Cu
100
AcDbCircle
 10
133.75
 20
-78.75
 30
0
 40
0.1
  0
CIRCLE
  5
11BE
330
1B
100
AcDbEntity
  8
B.Cu
100
AcDbCircle
 10
129.75
 20
-86.75
 30
0
 40
0.1
  0
CIRCLE
  5
11BF
330
1B
100
AcDbEntity
  8
B.Cu
100
AcDbCircle
 10
133.75
 20
-76.75
 30
0
 40
0.1
  0
CIRCLE
  5
11C0
330
1B
100
AcDbEntity
  8
B.Cu
100
AcDbCircle
 10
131.75
 20
-80.75
 30
0
 40
0.1
  0
CIRCLE
  5
11C1
330
1B
100
AcDbEntity
  8
B.Cu
100
AcDbCircle
 10
113.629998999999998
 20
-105.9200000000000017
 30
0
 40
1.1499999999999999
  0
CIRCLE
  5
11C2
330
1B
100
AcDbEntity
  8
B.Cu
100
AcDbCircle
 10
126.7699989999999985
 20
-105.9200000000000017
 30
0
 40
1.1499999999999999
  0
CIRCLE
  5
11C3
330
1B
100
AcDbEntity
  8
B.Cu
100
AcDbCircle
 10
154.5300000000000011
 20
-67.9999990000000025
 30
0
 40
0.324999
  0
CIRCLE
  5
11C4
330
1B
100
AcDbEntity
  8
B.Cu
100
AcDbCircle
 10
148.75
 20
-67.9999990000000025
 30
0
 40
0.324999
  0
LINE
  5
11C5
330
1B
100
AcDbEntity
  8
B.Cu
  6
CONTINUOUS
100
AcDbLine
 10
156.2599999999999909
 20
-69.0799990000000008
 30
0
 11
156.2599999999999909
 21
-67.9799989999999923
 31
0
  0
ARC
  5
11C6
330
1B
100
AcDbEntity
  8
B.Cu
100
AcDbCircle
 10
155.9599999999999795
 20
-67.9799989999999923
 30
0
 40
0.3
100
AcDbArc
 50
0.00000000
 51
180.00000000
  0
LINE
  5
11C7
330
1B
100
AcDbEntity
  8
B.Cu
  6
CONTINUOUS
100
AcDbLine
 10
155.6599999999999966
 20
-67.9799989999999923
 30
0
 11
155.6599999999999966
 21
-69.0799990000000008
 31
0
  0
ARC
  5
11C8
330
1B
100
AcDbEntity
  8
B.Cu
100
AcDbCircle
 10
155.9599999999999795
 20
-69.0799990000000008
 30
0
 40
0.3
100
AcDbArc
 50
180.00000000
 51
360.00000000
  0
LINE
  5
11C9
330
1B
100
AcDbEntity
  8
B.Cu
  6
CONTINUOUS
100
AcDbLine
 10
156.2599999999999909
 20
-64.649998999999994
 30
0
 11
156.2599999999999909
 21
-64.0499989999999997
 31
0
  0
ARC
  5
11CA
330
1B
100
AcDbEntity
  8
B.Cu
100
AcDbCircle
 10
155.9599999999999795
 20
-64.0499989999999997
 30
0
 40
0.3
100
AcDbArc
 50
0.00000000
 51
180.00000000
  0
LINE
  5
11CB
330
1B
100
AcDbEntity
  8
B.Cu
  6
CONTINUOUS
100
AcDbLine
 10
155.6599999999999966
 20
-64.0499989999999997
 30
0
 11
155.6599999999999966
 21
-64.649998999999994
 31
0
  0
ARC
  5
11CC
330
1B
100
AcDbEntity
  8
B.Cu
100
AcDbCircle
 10
155.9599999999999795
 20
-64.649998999999994
 30
0
 40
0.3
100
AcDbArc
 50
180.00000000
 51
360.00000000
  0
LINE
  5
11CD
330
1B
100
AcDbEntity
  8
B.Cu
  6
CONTINUOUS
100
AcDbLine
 10
147.6200000000000045
 20
-69.0799990000000008
 30
0
 11
147.6200000000000045
 21
-67.9799989999999923
 31
0
  0
ARC
  5
11CE
330
1B
100
AcDbEntity
  8
B.Cu
100
AcDbCircle
 10
147.3199999999999932
 20
-67.9799989999999923
 30
0
 40
0.3
100
AcDbArc
 50
0.00000000
 51
180.00000000
  0
LINE
  5
11CF
330
1B
100
AcDbEntity
  8
B.Cu
  6
CONTINUOUS
100
AcDbLine
 10
147.0199999999999818
 20
-67.9799989999999923
 30
0
 11
147.0199999999999818
 21
-69.0799990000000008
 31
0
  0
ARC
  5
11D0
330
1B
100
AcDbEntity
  8
B.Cu
100
AcDbCircle
 10
147.3199999999999932
 20
-69.0799990000000008
 30
0
 40
0.3
100
AcDbArc
 50
180.00000000
 51
360.00000000
  0
LINE
  5
11D1
330
1B
100
AcDbEntity
  8
B.Cu
  6
CONTINUOUS
100
AcDbLine
 10
147.6200000000000045
 20
-64.649998999999994
 30
0
 11
147.6200000000000045
 21
-64.0499989999999997
 31
0
  0
ARC
  5
11D2
330
1B
100
AcDbEntity
  8
B.Cu
100
AcDbCircle
 10
147.3199999999999932
 20
-64.0499989999999997
 30
0
 40
0.3
100
AcDbArc
 50
0.00000000
 51
180.00000000
  0
LINE
  5
11D3
330
1B
100
AcDbEntity
  8
B.Cu
  6
CONTINUOUS
100
AcDbLine
 10
147.0199999999999818
 20
-64.0499989999999997
 30
0
 11
147.0199999999999818
 21
-64.649998999999994
 31
0
  0
ARC
  5
11D4
330
1B
100
AcDbEntity
  8
B.Cu
100
AcDbCircle
 10
147.3199999999999932
 20
-64.649998999999994
 30
0
 40
0.3
100
AcDbArc
 50
180.00000000
 51
360.00000000
  0
CIRCLE
  5
11D5
330
1B
100
AcDbEntity
  8
B.Cu
100
AcDbCircle
 10
188.5
 20
-82.75
 30
0
 40
0.65
  0
CIRCLE
  5
11D6
330
1B
100
AcDbEntity
  8
B.Cu
100
AcDbCircle
 10
188.5
 20
-87.8299999999999983
 30
0
 40
0.65
  0
CIRCLE
  5
11D7
330
1B
100
AcDbEntity
  8
B.Cu
100
AcDbCircle
 10
142.2299999999999898
 20
-105.9200000000000017
 30
0
 40
1.1499999999999999
  0
CIRCLE
  5
11D8
330
1B
100
AcDbEntity
  8
B.Cu
100
AcDbCircle
 10
155.3700000000000045
 20
-105.9200000000000017
 30
0
 40
1.1499999999999999
  0
CIRCLE
  5
11D9
330
1B
100
AcDbEntity
  8
B.Cu
100
AcDbCircle
 10
170.4299999999999784
 20
-105.9200000000000017
 30
0
 40
1.1499999999999999
  0
CIRCLE
  5
11DA
330
1B
100
AcDbEntity
  8
B.Cu
100
AcDbCircle
 10
183.5699999999999932
 20
-105.9200000000000017
 30
0
 40
1.1499999999999999
  0
LINE
  5
11DB
330
1B
100
AcDbEntity
  8
Edge.Cuts
  6
CONTINUOUS
100
AcDbLine
 10
103.7999999999999972
 20
-61.2999999999999972
 30
0
 11
193.6999999999999886
 21
-61.2999999999999972
 31
0
  0
LINE
  5
11DC
330
1B
100
AcDbEntity
  8
Edge.Cuts
  6
CONTINUOUS
100
AcDbLine
 10
103.7999999999999972
 20
-116.1999999999999886
 30
0
 11
103.7999999999999972
 21
-61.2999999999999972
 31
0
  0
LINE
  5
11DD
330
1B
100
AcDbEntity
  8
Edge.Cuts
  6
CONTINUOUS
100
AcDbLine
 10
193.6999999999999886
 20
-61.2999999999999972
 30
0
 11
193.6999999999999886
 21
-116.1999999999999886
 31
0
  0
LINE
  5
11DE
330
1B
100
AcDbEntity
  8
Edge.Cuts
  6
CONTINUOUS
100
AcDbLine
 10
193.6999999999999886
 20
-116.1999999999999886
 30
0
 11
103.7999999999999972
 21
-116.1999999999999886
 31
0
  0
CIRCLE
  5
11DF
330
1B
100
AcDbEntity
  8
Edge.Cuts
100
AcDbCircle
 10
113.629998999999998
 20
-105.9200000000000017
 30
0
 40
1.1499999999999999
  0
CIRCLE
  5
11E0
330
1B
100
AcDbEntity
  8
Edge.Cuts
100
AcDbCircle
 10
126.7699989999999985
 20
-105.9200000000000017
 30
0
 40
1.1499999999999999
  0
CIRCLE
  5
11E1
330
1B
100
AcDbEntity
  8
Edge.Cuts
100
AcDbCircle
 10
154.5300000000000011
 20
-67.9999990000000025
 30
0
 40
0.324999
  0
CIRCLE
  5
11E2
330
1B
100
AcDbEntity
  8
Edge.Cuts
100
AcDbCircle
 10
148.75
 20
-67.9999990000000025
 30
0
 40
0.324999
  0
LINE
  5
11E3
330
1B
100
AcDbEntity
  8
Edge.Cuts
  6
CONTINUOUS
100
AcDbLine
 10
156.2599999999999909
 20
-69.0799990000000008
 30
0
 11
156.2599999999999909
 21
-67.9799989999999923
 31
0
  0
ARC
  5
11E4
330
1B
100
AcDbEntity
  8
Edge.Cuts
100
AcDbCircle
 10
155.9599999999999795
 20
-67.9799989999999923
 30
0
 40
0.3
100
AcDbArc
 50
0.00000000
 51
180.00000000
  0
LINE
  5
11E5
330
1B
100
AcDbEntity
  8
Edge.Cuts
  6
CONTINUOUS
100
AcDbLine
 10
155.6599999999999966
 20
-67.9799989999999923
 30
0
 11
155.6599999999999966
 21
-69.0799990000000008
 31
0
  0
ARC
  5
11E6
330
1B
100
AcDbEntity
  8
Edge.Cuts
100
AcDbCircle
 10
155.9599999999999795
 20
-69.0799990000000008
 30
0
 40
0.3
100
AcDbArc
 50
180.00000000
 51
360.00000000
  0
LINE
  5
11E7
330
1B
100
AcDbEntity
  8
Edge.Cuts
  6
CONTINUOUS
100
AcDbLine
 10
156.2599999999999909
 20
-64.649998999999994
 30
0
 11
156.2599999999999909
 21
-64.0499989999999997
 31
0
  0
ARC
  5
11E8
330
1B
100
AcDbEntity
  8
Edge.Cuts
100
AcDbCircle
 10
155.9599999999999795
 20
-64.0499989999999997
 30
0
 40
0.3
100
AcDbArc
 50
0.00000000
 51
180.00000000
  0
LINE
  5
11E9
330
1B
100
AcDbEntity
  8
Edge.Cuts
  6
CONTINUOUS
100
AcDbLine
 10
155.6599999999999966
 20
-64.0499989999999997
 30
0
 11
155.6599999999999966
 21
-64.649998999999994
 31
0
  0
ARC
  5
11EA
330
1B
100
AcDbEntity
  8
Edge.Cuts
100
AcDbCircle
 10
155.9599999999999795
 20
-64.649998999999994
 30
0
 40
0.3
100
AcDbArc
 50
180.00000000
 51
360.00000000
  0
LINE
  5
11EB
330
1B
100
AcDbEntity
  8
Edge.Cuts
  6
CONTINUOUS
100
AcDbLine
 10
147.6200000000000045
 20
-69.0799990000000008
 30
0
 11
147.6200000000000045
 21
-67.9799989999999923
 31
0
  0
ARC
  5
11EC
330
1B
100
AcDbEntity
  8
Edge.Cuts
100
AcDbCircle
 10
147.3199999999999932
 20
-67.9799989999999923
 30
0
 40
0.3
100
AcDbArc
 50
0.00000000
 51
180.00000000
  0
LINE
  5
11ED
330
1B
100
AcDbEntity
  8
Edge.Cuts
  6
CONTINUOUS
100
AcDbLine
 10
147.0199999999999818
 20
-67.9799989999999923
 30
0
 11
147.0199999999999818
 21
-69.0799990000000008
 31
0
  0
ARC
  5
11EE
330
1B
100
AcDbEntity
  8
Edge.Cuts
100
AcDbCircle
 10
147.3199999999999932
 20
-69.0799990000000008
 30
0
 40
0.3
100
AcDbArc
 50
180.00000000
 51
360.00000000
  0
LINE
  5
11EF
330
1B
100
AcDbEntity
  8
Edge.Cuts
  6
CONTINUOUS
100
AcDbLine
 10
147.6200000000000045
 20
-64.649998999999994
 30
0
 11
147.6200000000000045
 21
-64.0499989999999997
 31
0
  0
ARC
  5
11F0
330
1B
100
AcDbEntity
  8
Edge.Cuts
100
AcDbCircle
 10
147.3199999999999932
 20
-64.0499989999999997
 30
0
 40
0.3
100
AcDbArc
 50
0.00000000
 51
180.00000000
  0
LINE
  5
11F1
330
1B
100
AcDbEntity
  8
Edge.Cuts
  6
CONTINUOUS
100
AcDbLine
 10
147.0199999999999818
 20
-64.0499989999999997
 30
0
 11
147.0199999999999818
 21
-64.649998999999994
 31
0
  0
ARC
  5
11F2
330
1B
100
AcDbEntity
  8
Edge.Cuts
100
AcDbCircle
 10
147.3199999999999932
 20
-64.649998999999994
 30
0
 40
0.3
100
AcDbArc
 50
180.00000000
 51
360.00000000
  0
CIRCLE
  5
11F3
330
1B
100
AcDbEntity
  8
Edge.Cuts
100
AcDbCircle
 10
188.5
 20
-82.75
 30
0
 40
0.65
  0
CIRCLE
  5
11F4
330
1B
100
AcDbEntity
  8
Edge.Cuts
100
AcDbCircle
 10
188.5
 20
-87.8299999999999983
 30
0
 40
0.65
  0
CIRCLE
  5
11F5
330
1B
100
AcDbEntity
  8
Edge.Cuts
100
AcDbCircle
 10
142.2299999999999898
 20
-105.9200000000000017
 30
0
 40
1.1499999999999999
  0
CIRCLE
  5
11F6
330
1B
100
AcDbEntity
  8
Edge.Cuts
100
AcDbCircle
 10
155.3700000000000045
 20
-105.9200000000000017
 30
0
 40
1.1499999999999999
  0
CIRCLE
  5
11F7
330
1B
100
AcDbEntity
  8
Edge.Cuts
100
AcDbCircle
 10
170.4299999999999784
 20
-105.9200000000000017
 30
0
 40
1.1499999999999999
  0
CIRCLE
  5
11F8
330
1B
100
AcDbEntity
  8
Edge.Cuts
100
AcDbCircle
 10
183.5699999999999932
 20
-105.9200000000000017
 30
0
 40
1.1499999999999999
  0
ENDSEC
  0
SECTION
  2
OBJECTS
  0
DICTIONARY
  5
21
330
0
100
AcDbDictionary
281
1
  3
ACAD_GROUP
350
11F9
  3
ACAD_LAYOUT
350
22
  3
ACAD_PLOTSTYLENAME
350
11
  0
DICTIONARY
  5
11F9
330
21
100
AcDbDictionary
281
1
  0
ACDBDICTIONARYWDFLT
  5
11
330
21
100
AcDbDictionary
281
1
  3
Normal
350
10
100
AcDbDictionaryWithDefault
340
10
  0
ACDBPLACEHOLDER
  5
10
330
11
  0
DICTIONARY
  5
22
330
21
100
AcDbDictionary
281
1
  3
Model
350
1E
  3
Layout1
350
1F
  3
Layout2
350
20
  0
LAYOUT
  5
1E
330
22
100
AcDbPlotSettings
  1

  2
none_device
  4
A3
  6

 40
0.0
 41
0.0
 42
0.0
 43
0.0
 44
420.0
 45
297.0
 46
0.0
 47
0.0
 48
0.0
 49
0.0
140
0.0
141
0.0
142
1.0
143
1.0
 70
1024
 72
1
 73
0
 74
5
  7

 75
16
 76
0
 77
2
 78
300
147
1.0
148
0.0
149
0.0
100
AcDbLayout
  1
Model
 70
1
 71
0
 10
0.0
 20
0.0
 11
420.0
 21
297.0
 12
0.0
 22
0.0
 32
0.0
 14
1e+20
 24
1e+20
 34
1e+20
 15
-1e+20
 25
-1e+20
 35
-1e+20
146
0.0
 13
0.0
 23
0.0
 33
0.0
 16
1.0
 26
0.0
 36
0.0
 17
0.0
 27
1.0
 37
0.0
 76
0
330
1B
  0
LAYOUT
  5
1F
330
22
100
AcDbPlotSettings
  1

  2
none_device
  4
A3
  6

 40
0.0
 41
0.0
 42
0.0
 43
0.0
 44
420.0
 45
297.0
 46
0.0
 47
0.0
 48
0.0
 49
0.0
140
0.0
141
0.0
142
1.0
143
1.0
 70
0
 72
1
 73
0
 74
5
  7

 75
16
 76
0
 77
2
 78
300
147
1.0
148
0.0
149
0.0
100
AcDbLayout
  1
Layout1
 70
1
 71
1
 10
0.0
 20
0.0
 11
420.0
 21
297.0
 12
0.0
 22
0.0
 32
0.0
 14
1e+20
 24
1e+20
 34
1e+20
 15
-1e+20
 25
-1e+20
 35
-1e+20
146
0.0
 13
0.0
 23
0.0
 33
0.0
 16
1.0
 26
0.0
 36
0.0
 17
0.0
 27
1.0
 37
0.0
 76
0
330
1C
  0
LAYOUT
  5
20
330
22
100
AcDbPlotSettings
  1

  2
none_device
  4
A3
  6

 40
0.0
 41
0.0
 42
0.0
 43
0.0
 44
420.0
 45
297.0
 46
0.0
 47
0.0
 48
0.0
 49
0.0
140
0.0
141
0.0
142
1.0
143
1.0
 70
0
 72
1
 73
0
 74
5
  7

 75
16
 76
0
 77
2
 78
300
147
1.0
148
0.0
149
0.0
100
AcDbLayout
  1
Layout2
 70
1
 71
2
 10
0.0
 20
0.0
 11
420.0
 21
297.0
 12
0.0
 22
0.0
 32
0.0
 14
1e+20
 24
1e+20
 34
1e+20
 15
-1e+20
 25
-1e+20
 35
-1e+20
146
0.0
 13
0.0
 23
0.0
 33
0.0
 16
1.0
 26
0.0
 36
0.0
 17
0.0
 27
1.0
 37
0.0
 76
0
330
1D
  0
ENDSEC
  0
EOF
